date,sent_id,sentence
2000-02-02,0,The Federal Open Market Committee voted today to raise its target for the federal funds rate by 25 basis points to 5-3/4 percent.
2000-02-02,1,"In a related action, the Board of Governors approved a 25 basis point increase in the discount rate to 5-1/4 percent."
2000-02-02,2,"The Committee remains concerned that over time increases in demand will continue to exceed the growth in potential supply, even after taking account of the pronounced rise in productivity growth."
2000-02-02,3,Such trends could foster inflationary imbalances that would undermine the economy's record economic expansion.
2000-02-02,4,"Against the background of its long-run goals of price stability and sustainable economic growth and of the information currently available, the Committee believes the risks are weighted mainly toward conditions that may generate heightened inflation pressures in the foreseeable future."
2000-03-21,0,The Federal Open Market Committee voted today to raise its target for the federal funds rate by 25 basis points to 6 percent.
2000-03-21,1,"In a related action, the Board of Governors approved a 25 basis point increase in the discount rate to 5-1/2 percent."
2000-03-21,2,Economic conditions and considerations addressed by the Committee are essentially the same as when the Committee met in February.
2000-03-21,3,"The Committee remains concerned that increases in demand will continue to exceed the growth in potential supply, which could foster inflationary imbalances that would undermine the economy's record economic expansion."
2000-03-21,4,"Against the background of its long-run goals of price stability and sustainable economic growth and of the information currently available, the Committee believes the risks are weighted mainly toward conditions that may generate heightened inflation pressures in the foreseeable future."
2000-05-16,0,The Federal Open Market Committee voted today to raise its target for the federal funds rate by 50 basis points to 6-1/2 percent.
2000-05-16,1,"In a related action, the Board of Governors approved a 50 basis point increase in the discount rate to 6 percent."
2000-05-16,2,"Increases in demand have remained in excess of even the rapid pace of productivity-driven gains in potential supply, exerting continued pressure on resources."
2000-05-16,3,"The Committee is concerned that this disparity in the growth of demand and potential supply will continue, which could foster inflationary imbalances that would undermine the economy's outstanding performance."
2000-05-16,4,"Against the background of its long-term goals of price stability and sustainable economic growth and of the information already available, the Committee believes the risks are weighted mainly toward conditions that may generate heightened inflation pressures in the foreseeable future."
2000-06-28,0,"The Federal Open Market Committee at its meeting today decided to maintain the existing stance of monetary policy, keeping its target for the federal funds rate at 6-1/2 percent."
2000-06-28,1,Recent data suggest that the expansion of aggregate demand may be moderating toward a pace closer to the rate of growth of the economy's potential to produce.
2000-06-28,2,"Although core measures of prices are rising slightly faster than a year ago, continuing rapid advances in productivity have been containing costs and holding down underlying price pressures."
2000-06-28,3,"Nonetheless, signs that growth in demand is moving to a sustainable pace are still tentative and preliminary, and the utilization of the pool of available workers remains at an unusually high level."
2000-06-28,4,"In these circumstances, and against the background of its long-term goals of price stability and sustainable economic growth and of the information currently available, the Committee believes the risks continue to be weighted mainly toward conditions that may generate heightened inflation pressures in the foreseeable future."
2000-08-22,0,"The Federal Open Market Committee at its meeting today decided to maintain the existing stance of monetary policy, keeping its target for the federal funds rate at 6-1/2 percent."
2000-08-22,1,Recent data have indicated that the expansion of aggregate demand is moderating toward a pace closer to the rate of growth of the economy's potential to produce.
2000-08-22,2,The data also have indicated that more rapid advances in productivity have been raising that potential growth rate as well as containing costs and holding down underlying price pressures.
2000-08-22,3,"Nonetheless, the Committee remains concerned about the risk of a continuing gap between the growth of demand and potential supply at a time when the utilization of the pool of available workers remains at an unusually high level."
2000-08-22,4,"Against the background of its long-term goals of price stability and sustainable economic growth and of the information currently available, the Committee believes the risks continue to be weighted mainly toward conditions that may generate heightened inflation pressures in the foreseeable future."
2000-10-03,0,"The Federal Open Market Committee at its meeting today decided to maintain the existing stance of monetary policy, keeping its target for the federal funds rate at 6-1/2 percent."
2000-10-03,1,Recent data have indicated that the expansion of aggregate demand has moderated to a pace closer to the enhanced rate of growth of the economy's potential to produce.
2000-10-03,2,The more rapid advances in productivity also continue to help contain costs and hold down underlying price pressures.
2000-10-03,3,"However, the utilization of the pool of available workers remains at an unusually high level."
2000-10-03,4,"Moreover, the increase in energy prices, though having limited effect on core measures of prices to date, poses a risk of raising inflation expectations."
2000-10-03,5,The subdued behavior of those expectations so far has contributed importantly to maintaining an environment conducive to maximum sustainable growth.
2000-10-03,6,"Against the background of its long-term goals of price stability and sustainable economic growth and of the information currently available, the Committee believes the risks continue to be weighted mainly toward conditions that may generate heightened inflation pressures in the future."
2000-11-15,0,"The Federal Open Market Committee at its meeting today decided to maintain the existing stance of monetary policy, keeping its target for the federal funds rate at 6-1/2 percent."
2000-11-15,1,"The utilization of the pool of available workers remains at an unusually high level, and the increase in energy prices, though having limited effect on core measures of prices to date, still harbors the possibility of raising inflation expectations."
2000-11-15,2,"The Committee, accordingly, continues to see a risk of heightened inflation pressures."
2000-11-15,3,"However, softening in business and household demand and tightening conditions in financial markets over recent months suggest that the economy could expand for a time at a pace below the productivity-enhanced rate of growth of its potential to produce."
2000-11-15,4,"Nonetheless, to date the easing of demand pressures has not been sufficient to warrant a change in the Committee's judgment that against the background of its long-run goals of price stability and sustainable economic growth and of the information currently available, the risks continue to be weighted mainly toward conditions that may generate heightened inflation pressures in the foreseeable future."
2000-12-19,0,"The Federal Open Market Committee at its meeting today decided to maintain the existing stance of monetary policy, keeping its target for the federal funds rate at 6-1/2 percent."
2000-12-19,1,"The drag on demand and profits from rising energy costs, as well as eroding consumer confidence, reports of substantial shortfalls in sales and earnings, and stress in some segments of the financial markets suggest that economic growth may be slowing further."
2000-12-19,2,"While some inflation risks persist, they are diminished by the more moderate pace of economic activity and by the absence of any indication that longer-term inflation expectations have increased."
2000-12-19,3,The Committee will continue to monitor closely the evolving economic situation.
2000-12-19,4,"Against the background of its long-run goals of price stability and sustainable economic growth and of the information currently available, the Committee consequently believes that the risks are weighted mainly toward conditions that may generate economic weakness in the foreseeable future."
2001-01-03,0,The Federal Open Market Committee decided today to lower its target for the federal funds rate by 50 basis points to 6 percent.
2001-01-03,1,"These actions were taken in light of further weakening of sales and production, and in the context of lower consumer confidence, tight conditions in some segments of financial markets, and high energy prices sapping household and business purchasing power."
2001-01-03,2,"Moreover, inflation pressures remain contained."
2001-01-03,3,"Nonetheless, to date there is little evidence to suggest that longer-term advances in technology and associated gains in productivity are abating."
2001-01-03,4,"The Committee continues to believe that, against the background of its long-run goals of price stability and sustainable economic growth and of the information currently available, the risks are weighted mainly toward conditions that may generate economic weakness in the foreseeable future."
2001-01-03,5,"Louis, Kansas City, Dallas and San Francisco."
2001-01-31,0,The Federal Open Market Committee at its meeting today decided to lower its target for the federal funds rate by 50 basis points to 5-1/2 percent.
2001-01-31,1,"In a related action, the Board of Governors approved a 50 basis point reduction in the discount rate to 5 percent."
2001-01-31,2,"Consumer and business confidence has eroded further, exacerbated by rising energy costs that continue to drain consumer purchasing power and press on business profit margins."
2001-01-31,3,"Partly as a consequence, retail sales and business spending on capital equipment have weakened appreciably."
2001-01-31,4,"In response, manufacturing production has been cut back sharply, with new technologies appearing to have accelerated the response of production and demand to potential excesses in the stock of inventories and capital equipment."
2001-01-31,5,"Taken together, and with inflation contained, these circumstances have called for a rapid and forceful response of monetary policy."
2001-01-31,6,"The longer-term advances in technology and accompanying gains in productivity, however, exhibit few signs of abating and these gains, along with the lower interest rates, should support growth of the economy over time."
2001-01-31,7,"Nonetheless, the Committee continues to believe that against the background of its long-run goals of price stability and sustainable economic growth and of the information currently available, the risks are weighted mainly toward conditions that may generate economic weakness in the foreseeable future."
2001-03-20,0,The Federal Open Market Committee at its meeting today decided to lower its target for the federal funds rate by 50 basis points to 5 percent.
2001-03-20,1,"In a related action, the Board of Governors approved a 50 basis point reduction in the discount rate to 4-1/2 percent."
2001-03-20,2,"Persistent pressures on profit margins are restraining investment spending and, through declines in equity wealth, consumption."
2001-03-20,3,"The associated backup in inventories has induced a rapid response in manufacturing output and, with spending having firmed a bit since last year, inventory adjustment appears to be well underway."
2001-03-20,4,"Although current developments do not appear to have materially diminished the prospects for long-term growth in productivity, excess productive capacity has emerged recently."
2001-03-20,5,The possibility that this excess could continue for some time and the potential for weakness in global economic conditions suggest substantial risks that demand and production could remain soft.
2001-03-20,6,"In these circumstances, when the economic situation could be evolving rapidly, the Federal Reserve will need to monitor developments closely."
2001-03-20,7,"The Committee continues to believe that against the background of its long-run goals of price stability and sustainable economic growth and of the information currently available, the risks are weighted mainly toward conditions that may generate economic weakness in the foreseeable future."
2001-04-18,0,The Federal Open Market Committee decided today to lower its target for the federal funds rate by 50 basis points to 4-1/2 percent.
2001-04-18,1,"In a related action, the Board of Governors approved a 50 basis point reduction in the discount rate to 4 percent."
2001-04-18,2,The FOMC has reviewed prospects for the economy in light of the information that has become available since its March meeting.
2001-04-18,3,A significant reduction in excess inventories seems well advanced.
2001-04-18,4,"Consumption and housing expenditures have held up reasonably well, though activity in these areas has flattened recently."
2001-04-18,5,"Although measured productivity probably weakened in the first quarter, the impressive underlying rate of increase that developed in recent years appears to be largely intact."
2001-04-18,6,"Nonetheless, capital investment has continued to soften and the persistent erosion in current and expected profitability, in combination with rising uncertainty about the business outlook, seems poised to dampen capital spending going forward."
2001-04-18,7,"This potential restraint, together with the possible effects of earlier reductions in equity wealth on consumption and the risk of slower growth abroad, threatens to keep the pace of economic activity unacceptably weak."
2001-04-18,8,"As a consequence, the Committee agreed that an adjustment in the stance of policy is warranted during this extended intermeeting period."
2001-04-18,9,"The Committee continues to believe that against the background of its long-run goals of price stability and sustainable economic growth and of the information currently available, the risks are weighted mainly toward conditions that may generate economic weakness in the foreseeable future."
2001-05-15,0,The Federal Open Market Committee at its meeting today decided to lower its target for the federal funds rate by 50 basis points to 4 percent.
2001-05-15,1,"In a related action, the Board of Governors approved a 50 basis point reduction in the discount rate to 3-1/2 percent."
2001-05-15,2,A significant reduction in excess inventories seems well advanced.
2001-05-15,3,"Consumption and housing expenditures have held up reasonably well, though activity in these areas has flattened recently."
2001-05-15,4,"Investment in capital equipment, however, has continued to decline."
2001-05-15,5,"The erosion in current and prospective profitability, in combination with considerable uncertainty about the business outlook, seems likely to hold down capital spending going forward."
2001-05-15,6,"This potential restraint, together with the possible effects of earlier reductions in equity wealth on consumption and the risk of slower growth abroad, continues to weigh on the economy."
2001-05-15,7,"With pressures on labor and product markets easing, inflation is expected to remain contained."
2001-05-15,8,"Although measured productivity growth stalled in the first quarter, the impressive underlying rate of increase that developed in recent years appears to be largely intact, supporting longer-term prospects."
2001-05-15,9,"The Committee continues to believe that against the background of its long-run goals of price stability and sustainable economic growth and of the information currently available, the risks are weighted mainly toward conditions that may generate economic weakness in the foreseeable future."
2001-06-27,0,The Federal Open Market Committee at its meeting today decided to lower its target for the federal funds rate by 25 basis points to 3-3/4 percent.
2001-06-27,1,"In a related action, the Board of Governors approved a 25 basis point reduction in the discount rate to 3-1/4 percent."
2001-06-27,2,Today's action by the FOMC brings the decline in the target federal funds rate since the beginning of the year to 275 basis points.
2001-06-27,3,"The patterns evident in recent months--declining profitability and business capital spending, weak expansion of consumption, and slowing growth abroad--continue to weigh on the economy."
2001-06-27,4,The associated easing of pressures on labor and product markets is expected to keep inflation contained.
2001-06-27,5,"Although continuing favorable trends bolster long-term prospects for productivity growth and the economy, the Committee continues to believe that against the background of its long-run goals of price stability and sustainable economic growth and of the information currently available, the risks are weighted mainly toward conditions that may generate economic weakness in the foreseeable future."
2001-08-21,0,The Federal Open Market Committee at its meeting today decided to lower its target for the federal funds rate by 25 basis points to 3-1/2 percent.
2001-08-21,1,"In a related action, the Board of Governors approved a 25 basis point reduction in the discount rate to 3 percent."
2001-08-21,2,Today's action by the FOMC brings the decline in the target federal funds rate since the beginning of the year to 300 basis points.
2001-08-21,3,"Household demand has been sustained, but business profits and capital spending continue to weaken and growth abroad is slowing, weighing on the U.S. economy."
2001-08-21,4,The associated easing of pressures on labor and product markets is expected to keep inflation contained.
2001-08-21,5,"Although long-term prospects for productivity growth and the economy remain favorable, the Committee continues to believe that against the background of its long-run goals of price stability and sustainable economic growth and of the information currently available, the risks are weighted mainly toward conditions that may generate economic weakness in the foreseeable future."
2001-09-17,0,The Federal Open Market Committee decided today to lower its target for the federal funds rate by 50 basis points to 3 percent.
2001-09-17,1,"In a related action, the Board of Governors approved a 50 basis point reduction in the discount rate to 2-1/2 percent."
2001-09-17,2,"The Federal Reserve will continue to supply unusually large volumes of liquidity to the financial markets, as needed, until more normal market functioning is restored."
2001-09-17,3,"As a consequence, the FOMC recognizes that the actual federal funds rate may be below its target on occasion in these unusual circumstances."
2001-09-17,4,"Even before the tragic events of last week, employment, production, and business spending remained weak, and last week's events have the potential to damp spending further."
2001-09-17,5,"Nonetheless, the long-term prospects for productivity growth and the economy remain favorable and should become evident once the unusual forces restraining demand abate."
2001-09-17,6,"For the foreseeable future, the Committee continues to believe that against the background of its long-run goals of price stability and sustainable economic growth and of the information currently available, the risks are weighted mainly toward conditions that may generate economic weakness."
2001-10-02,0,The Federal Open Market Committee decided today to lower its target for the federal funds rate by 50 basis points to 2-1/2 percent.
2001-10-02,1,"In a related action, the Board of Governors approved a 50 basis point reduction in the discount rate to 2 percent."
2001-10-02,2,The terrorist attacks have significantly heightened uncertainty in an economy that was already weak.
2001-10-02,3,Business and household spending as a consequence are being further damped.
2001-10-02,4,"Nonetheless, the long-term prospects for productivity growth and the economy remain favorable and should become evident once the unusual forces restraining demand abate."
2001-10-02,5,"The Committee continues to believe that, against the background of its long-run goals of price stability and sustainable economic growth and of the information currently available, the risks are weighted mainly toward conditions that may generate economic weakness in the foreseeable future. submitted by the Boards of Directors of the Federal Reserve Banks of Boston, New York, Cleveland, Richmond, Atlanta, St."
2001-10-02,6,"Louis, Kansas City and San"
2001-11-06,0,The Federal Open Market Committee decided today to lower its target for the federal funds rate by 50 basis points to 2 percent.
2001-11-06,1,"In a related action, the Board of Governors approved a 50 basis point reduction in the discount rate to 1-1/2 percent."
2001-11-06,2,Heightened uncertainty and concerns about a deterioration in business conditions both here and abroad are damping economic activity.
2001-11-06,3,"For the foreseeable future, then, the Committee continues to believe that, against the background of its long-run goals of price stability and sustainable economic growth and of the information currently available, the risks are weighted mainly toward conditions that may generate economic weakness."
2001-11-06,4,"Although the necessary reallocation of resources to enhance security may restrain advances in productivity for a time, the long-term prospects for productivity growth and the economy remain favorable and should become evident once the unusual forces restraining demand abate."
2001-12-11,0,The Federal Open Market Committee decided today to lower its target for the federal funds rate by 25 basis points to 1-3/4 percent.
2001-12-11,1,"In a related action, the Board of Governors approved a 25 basis point reduction in the discount rate to 1-1/4 percent."
2001-12-11,2,"Economic activity remains soft, with underlying inflation likely to edge lower from relatively modest levels."
2001-12-11,3,"To be sure, weakness in demand shows signs of abating, but those signs are preliminary and tentative."
2001-12-11,4,"The Committee continues to believe that, against the background of its long-run goals of price stability and sustainable economic growth and of the information currently available, the risks are weighted mainly toward conditions that may generate economic weakness in the foreseeable future."
2001-12-11,5,"Although the necessary reallocation of resources to enhance security may restrain advances in productivity for a time, the long-term prospects for productivity growth and the economy remain favorable and should become evident once the unusual forces restraining demand abate."
2002-01-30,0,The Federal Open Market Committee decided today to keep its target for the federal funds rate unchanged at 1-3/4 percent.
2002-01-30,1,Signs that weakness in demand is abating and economic activity is beginning to firm have become more prevalent.
2002-01-30,2,"With the forces restraining the economy starting to diminish, and with the long-term prospects for productivity growth remaining favorable and monetary policy accommodative, the outlook for economic recovery has become more promising."
2002-01-30,3,"The degree of any strength in business capital and household spending, however, is still uncertain."
2002-01-30,4,"Hence, the Committee continues to believe that, against the background of its long-run goals of price stability and sustainable economic growth and of the information currently available, the risks are weighted mainly toward conditions that may generate economic weakness in the foreseeable future."
2002-03-19,0,The Federal Open Market Committee decided today to keep its target for the federal funds rate unchanged at 1-3/4 percent.
2002-03-19,1,"The information that has become available since the last meeting of the Committee indicates that the economy, bolstered by a marked swing in inventory investment, is expanding at a significant pace."
2002-03-19,2,"Nonetheless, the degree of the strengthening in final demand over coming quarters, an essential element in sustained economic expansion, is still uncertain."
2002-03-19,3,"In these circumstances, although the stance of monetary policy is currently accommodative, the Committee believes that, for the foreseeable future, against the background of its long-run goals of price stability and sustainable economic growth and of the information currently available, the risks are balanced with respect to the prospects for both goals."
2002-03-19,4,"The Committee decided to include in its announcements following its meetings the roll call of the vote on the federal funds rate target, including the preferred policy choice of any dissenters."
2002-03-19,5,"This action accelerates the release of this information, currently available in the Minutes with a lag."
2002-03-19,6,"To conform to this new practice, the Board of Governors also decided to report in the written announcement the roll call of any vote on the discount rate, also including the preferred policy choice of any dissenters."
2002-05-07,0,The Federal Open Market Committee decided today to keep its target for the federal funds rate unchanged at 1 3/4 percent.
2002-05-07,1,The information that has become available since the last meeting of the Committee confirms that economic activity has been receiving considerable upward impetus from a marked swing in inventory investment.
2002-05-07,2,"Nonetheless, the degree of the strengthening in final demand over coming quarters, an essential element in sustained economic expansion, is still uncertain."
2002-05-07,3,"In these circumstances, although the stance of monetary policy is currently accommodative, the Committee believes that, for the foreseeable future, against the background of its long run goals of price stability and sustainable economic growth and of the information currently available, the risks are balanced with respect to the prospects for both goals."
2002-06-26,0,The Federal Open Market Committee decided today to keep its target for the federal funds rate unchanged at 1 3/4 percent.
2002-06-26,1,The information that has become available since the last meeting of the Committee confirms that economic activity is continuing to increase.
2002-06-26,2,"However, both the upward impetus from the swing in inventory investment and the growth in final demand appear to have moderated."
2002-06-26,3,"The Committee expects the rate of increase of final demand to pick up over coming quarters, supported in part by robust underlying growth in productivity, but the degree of the strengthening remains uncertain."
2002-06-26,4,"In these circumstances, although the stance of monetary policy is currently accommodative, the Committee believes that, for the foreseeable future, against the background of its long run goals of price stability and sustainable economic growth and of the information currently available, the risks are balanced with respect to the prospects for both goals."
2002-08-13,0,The Federal Open Market Committee decided today to keep its target for the federal funds rate unchanged at 1 3/4 percent.
2002-08-13,1,The softening in the growth of aggregate demand that emerged this spring has been prolonged in large measure by weakness in financial markets and heightened uncertainty related to problems in corporate reporting and governance.
2002-08-13,2,"The current accommodative stance of monetary policy, coupled with still-robust underlying growth in productivity, should be sufficient to foster an improving business climate over time."
2002-08-13,3,"Nonetheless, the Committee recognizes that, for the foreseeable future, against the background of its long run goals of price stability and sustainable economic growth and of the information currently available, the risks are weighted mainly toward conditions that may generate economic weakness."
2002-09-24,0,The Federal Open Market Committee decided today to keep its target for the federal funds rate unchanged at 1 3/4 percent.
2002-09-24,1,The information that has become available since the last meeting of the Committee suggests that aggregate demand is growing at a moderate pace.
2002-09-24,2,"Over time, the current accommodative stance of monetary policy, coupled with still robust underlying growth in productivity, should be sufficient to foster an improving business climate."
2002-09-24,3,"However, considerable uncertainty persists about the extent and timing of the expected pickup in production and employment owing in part to the emergence of heightened geopolitical risks."
2002-09-24,4,"Consequently, the Committee believes that, for the foreseeable future, against the background of its long-run goals of price stability and sustainable economic growth and of the information currently available, the risks are weighted mainly toward conditions that may generate economic weakness."
2002-11-06,0,The Federal Open Market Committee decided today to lower its target for the federal funds rate by 50 basis points to 1 1/4 percent.
2002-11-06,1,"In a related action, the Board of Governors approved a 50 basis point reduction in the discount rate to 3/4 percent."
2002-11-06,2,"The Committee continues to believe that an accommodative stance of monetary policy, coupled with still-robust underlying growth in productivity, is providing important ongoing support to economic activity."
2002-11-06,3,"However, incoming economic data have tended to confirm that greater uncertainty, in part attributable to heightened geopolitical risks, is currently inhibiting spending, production, and employment."
2002-11-06,4,Inflation and inflation expectations remain well contained.
2002-11-06,5,"In these circumstances, the Committee believes that today's additional monetary easing should prove helpful as the economy works its way through this current soft spot."
2002-11-06,6,"With this action, the Committee believes that, against the background of its long-run goals of price stability and sustainable economic growth and of the information currently available, the risks are balanced with respect to the prospects for both goals in the foreseeable future."
2002-12-10,0,The Federal Open Market Committee decided today to keep its target for the federal funds rate unchanged at 1-1/4 percent.
2002-12-10,1,"The Committee continues to believe that this accommodative stance of monetary policy, coupled with still robust underlying growth in productivity, is providing important ongoing support to economic activity."
2002-12-10,2,"The limited number of incoming economic indicators since the November meeting, taken together, are not inconsistent with the economy working its way through its current soft spot."
2002-12-10,3,"In these circumstances, the Committee believes that, against the background of its long-run goals of price stability and sustainable economic growth and of the information currently available, the risks are balanced with respect to the prospects for both goals for the foreseeable future."
2003-01-29,0,The Federal Open Market Committee decided today to keep its target for the federal funds rate unchanged at 1-1/4 percent.
2003-01-29,1,Oil price premiums and other aspects of geopolitical risks have reportedly fostered continued restraint on spending and hiring by businesses.
2003-01-29,2,"However, the Committee believes that as those risks lift, as most analysts expect, the accommodative stance of monetary policy, coupled with ongoing growth in productivity, will provide support to an improving economic climate over time."
2003-01-29,3,"In these circumstances, the Committee believes that, against the background of its long-run goals of price stability and sustainable economic growth and of the information currently available, the risks are balanced with respect to the prospects for both goals for the foreseeable future."
2003-03-18,0,The Federal Open Market Committee decided today to keep its target for the federal funds rate unchanged at 1-1/4 percent.
2003-03-18,1,"While incoming economic data since the January meeting have been mixed, recent labor market indicators have proven disappointing."
2003-03-18,2,"However, the hesitancy of the economic expansion appears to owe importantly to oil price premiums and other aspects of geopolitical uncertainties."
2003-03-18,3,"The Committee believes that as those uncertainties lift, as most analysts expect, the accommodative stance of monetary policy, coupled with ongoing growth in productivity, will provide support to economic activity sufficient to engender an improving economic climate over time."
2003-03-18,4,"In light of the unusually large uncertainties clouding the geopolitical situation in the short run and their apparent effects on economic decisionmaking, the Committee does not believe it can usefully characterize the current balance of risks with respect to the prospects for its long-run goals of price stability and sustainable economic growth."
2003-03-18,5,"Rather, the Committee decided to refrain from making that determination until some of those uncertainties abate."
2003-03-18,6,"In the current circumstances, heightened surveillance is particularly informative."
2003-05-06,0,The Federal Open Market Committee decided to keep its target for the federal funds rate unchanged at 1-1/4 percent.
2003-05-06,1,"Recent readings on production and employment, though mostly reflecting decisions made before the conclusion of hostilities, have proven disappointing."
2003-05-06,2,"However, the ebbing of geopolitical tensions has rolled back oil prices, bolstered consumer confidence, and strengthened debt and equity markets."
2003-05-06,3,"These developments, along with the accommodative stance of monetary policy and ongoing growth in productivity, should foster an improving economic climate over time."
2003-05-06,4,"Although the timing and extent of that improvement remain uncertain, the Committee perceives that over the next few quarters the upside and downside risks to the attainment of sustainable growth are roughly equal."
2003-05-06,5,"In contrast, over the same period, the probability of an unwelcome substantial fall in inflation, though minor, exceeds that of a pickup in inflation from its already low level."
2003-05-06,6,"The Committee believes that, taken together, the balance of risks to achieving its goals is weighted toward weakness over the foreseeable future."
2003-06-25,0,The Federal Open Market Committee decided today to lower its target for the federal funds rate by 25 basis points to 1 percent.
2003-06-25,1,"In a related action, the Board of Governors approved a 25 basis point reduction in the discount rate to 2 percent."
2003-06-25,2,"The Committee continues to believe that an accommodative stance of monetary policy, coupled with still robust underlying growth in productivity, is providing important ongoing support to economic activity."
2003-06-25,3,"Recent signs point to a firming in spending, markedly improved financial conditions, and labor and product markets that are stabilizing."
2003-06-25,4,"The economy, nonetheless, has yet to exhibit sustainable growth."
2003-06-25,5,"With inflationary expectations subdued, the Committee judged that a slightly more expansive monetary policy would add further support for an economy which it expects to improve over time."
2003-06-25,6,The Committee perceives that the upside and downside risks to the attainment of sustainable growth for the next few quarters are roughly equal.
2003-06-25,7,"In contrast, the probability, though minor, of an unwelcome substantial fall in inflation exceeds that of a pickup in inflation from its already low level."
2003-06-25,8,"On balance, the Committee believes that the latter concern is likely to predominate for the foreseeable future."
2003-08-12,0,The Federal Open Market Committee decided today to keep its target for the federal funds rate at 1 percent.
2003-08-12,1,"The Committee continues to believe that an accommodative stance of monetary policy, coupled with still-robust underlying growth in productivity, is providing important ongoing support to economic activity."
2003-08-12,2,"The evidence accumulated over the intermeeting period shows that spending is firming, although labor market indicators are mixed."
2003-08-12,3,Business pricing power and increases in core consumer prices remain muted.
2003-08-12,4,The Committee perceives that the upside and downside risks to the attainment of sustainable growth for the next few quarters are roughly equal.
2003-08-12,5,"In contrast, the probability, though minor, of an unwelcome fall in inflation exceeds that of a rise in inflation from its already low level."
2003-08-12,6,"The Committee judges that, on balance, the risk of inflation becoming undesirably low is likely to be the predominant concern for the foreseeable future."
2003-08-12,7,"In these circumstances, the Committee believes that policy accommodation can be maintained for a considerable period."
2003-09-16,0,The Federal Open Market Committee decided today to keep its target for the federal funds rate at 1 percent.
2003-09-16,1,"The Committee continues to believe that an accommodative stance of monetary policy, coupled with robust underlying growth in productivity, is providing important ongoing support to economic activity."
2003-09-16,2,"The evidence accumulated over the intermeeting period confirms that spending is firming, although the labor market has been weakening."
2003-09-16,3,Business pricing power and increases in core consumer prices remain muted.
2003-09-16,4,The Committee perceives that the upside and downside risks to the attainment of sustainable growth for the next few quarters are roughly equal.
2003-09-16,5,"In contrast, the probability, though minor, of an unwelcome fall in inflation exceeds that of a rise in inflation from its already low level."
2003-09-16,6,"The Committee judges that, on balance, the risk of inflation becoming undesirably low remains the predominant concern for the foreseeable future."
2003-09-16,7,"In these circumstances, the Committee believes that policy accommodation can be maintained for a considerable period."
2003-10-28,0,The Federal Open Market Committee decided today to keep its target for the federal funds rate at 1 percent.
2003-10-28,1,"The Committee continues to believe that an accommodative stance of monetary policy, coupled with robust underlying growth in productivity, is providing important ongoing support to economic activity."
2003-10-28,2,"The evidence accumulated over the intermeeting period confirms that spending is firming, and the labor market appears to be stabilizing."
2003-10-28,3,Business pricing power and increases in core consumer prices remain muted.
2003-10-28,4,The Committee perceives that the upside and downside risks to the attainment of sustainable growth for the next few quarters are roughly equal.
2003-10-28,5,"In contrast, the probability, though minor, of an unwelcome fall in inflation exceeds that of a rise in inflation from its already low level."
2003-10-28,6,"The Committee judges that, on balance, the risk of inflation becoming undesirably low remains the predominant concern for the foreseeable future."
2003-10-28,7,"In these circumstances, the Committee believes that policy accommodation can be maintained for a considerable period."
2004-01-28,0,The Federal Open Market Committee decided today to keep its target for the federal funds rate at 1 percent.
2004-01-28,1,"The Committee continues to believe that an accommodative stance of monetary policy, coupled with robust underlying growth in productivity, is providing important ongoing support to economic activity."
2004-01-28,2,The evidence accumulated over the intermeeting period confirms that output is expanding briskly.
2004-01-28,3,"Although new hiring remains subdued, other indicators suggest an improvement in the labor market."
2004-01-28,4,Increases in core consumer prices are muted and expected to remain low.
2004-01-28,5,The Committee perceives that the upside and downside risks to the attainment of sustainable growth for the next few quarters are roughly equal.
2004-01-28,6,The probability of an unwelcome fall in inflation has diminished in recent months and now appears almost equal to that of a rise in inflation.
2004-01-28,7,"With inflation quite low and resource use slack, the Committee believes that it can be patient in removing its policy accommodation."
2004-03-16,0,The Federal Open Market Committee decided today to keep its target for the federal funds rate at 1 percent.
2004-03-16,1,"The Committee continues to believe that an accommodative stance of monetary policy, coupled with robust underlying growth in productivity, is providing important ongoing support to economic activity."
2004-03-16,2,The evidence accumulated over the intermeeting period indicates that output is continuing to expand at a solid pace.
2004-03-16,3,"Although job losses have slowed, new hiring has lagged."
2004-03-16,4,Increases in core consumer prices are muted and expected to remain low.
2004-03-16,5,The Committee perceives the upside and downside risks to the attainment of sustainable growth for the next few quarters are roughly equal.
2004-03-16,6,The probability of an unwelcome fall in inflation has diminished in recent months and now appears almost equal to that of a rise in inflation.
2004-03-16,7,"With inflation quite low and resource use slack, the Committee believes that it can be patient in removing its policy accommodation."
2004-06-30,0,The Federal Open Market Committee decided today to raise its target for the federal funds rate by 25 basis points to 1-1/4 percent.
2004-06-30,1,"The Committee believes that, even after this action, the stance of monetary policy remains accommodative and, coupled with robust underlying growth in productivity, is providing ongoing support to economic activity."
2004-06-30,2,The evidence accumulated over the intermeeting period indicates that output is continuing to expand at a solid pace and labor market conditions have improved.
2004-06-30,3,"Although incoming inflation data are somewhat elevated, a portion of the increase in recent months appears to have been due to transitory factors."
2004-06-30,4,The Committee perceives the upside and downside risks to the attainment of both sustainable growth and price stability for the next few quarters are roughly equal.
2004-06-30,5,"With underlying inflation still expected to be relatively low, the Committee believes that policy accommodation can be removed at a pace that is likely to be measured."
2004-06-30,6,"Nonetheless, the Committee will respond to changes in economic prospects as needed to fulfill its obligation to"
2004-08-10,0,The Federal Open Market Committee decided today to raise its target for the federal funds rate by 25 basis points to 1-1/2 percent.
2004-08-10,1,"The Committee believes that, even after this action, the stance of monetary policy remains accommodative and, coupled with robust underlying growth in productivity, is providing ongoing support to economic activity."
2004-08-10,2,"In recent months, output growth has moderated and the pace of improvement in labor market conditions has slowed."
2004-08-10,3,This softness likely owes importantly to the substantial rise in energy prices.
2004-08-10,4,The economy nevertheless appears poised to resume a stronger pace of expansion going forward.
2004-08-10,5,"Inflation has been somewhat elevated this year, though a portion of the rise in prices seems to reflect transitory factors."
2004-08-10,6,The Committee perceives the upside and downside risks to the attainment of both sustainable growth and price stability for the next few quarters are roughly equal.
2004-08-10,7,"With underlying inflation still expected to be relatively low, the Committee believes that policy accommodation can be removed at a pace that is likely to be measured."
2004-08-10,8,"Nonetheless, the Committee will respond to changes in economic prospects as needed to fulfill its obligation to maintain price stability."
2004-09-21,0,The Federal Open Market Committee decided today to raise its target for the federal funds rate by 25 basis points to 1-3/4 percent.
2004-09-21,1,"The Committee believes that, even after this action, the stance of monetary policy remains accommodative and, coupled with robust underlying growth in productivity, is providing ongoing support to economic activity."
2004-09-21,2,"After moderating earlier this year partly in response to the substantial rise in energy prices, output growth appears to have regained some traction, and labor market conditions have improved modestly."
2004-09-21,3,"Despite the rise in energy prices, inflation and inflation expectations have eased in recent months."
2004-09-21,4,The Committee perceives the upside and downside risks to the attainment of both sustainable growth and price stability for the next few quarters to be roughly equal.
2004-09-21,5,"With underlying inflation expected to be relatively low, the Committee believes that policy accommodation can be removed at a pace that is likely to be measured."
2004-09-21,6,"Nonetheless, the Committee will respond to changes in economic prospects as needed to fulfill its obligation to maintain price stability."
2004-11-10,0,The Federal Open Market Committee decided today to raise its target for the federal funds rate by 25 basis points to 2 percent.
2004-11-10,1,"The Committee believes that, even after this action, the stance of monetary policy remains accommodative and, coupled with robust underlying growth in productivity, is providing ongoing support to economic activity."
2004-11-10,2,"Output appears to be growing at a moderate pace despite the rise in energy prices, and labor market conditions have improved."
2004-11-10,3,Inflation and longer-term inflation expectations remain well contained.
2004-11-10,4,The Committee perceives the upside and downside risks to the attainment of both sustainable growth and price stability for the next few quarters to be roughly equal.
2004-11-10,5,"With underlying inflation expected to be relatively low, the Committee believes that policy accommodation can be removed at a pace that is likely to be measured."
2004-11-10,6,"Nonetheless, the Committee will respond to changes in economic prospects as needed to fulfill its obligation to maintain price stability."
2004-12-14,0,The Federal Open Market Committee decided today to raise its target for the federal funds rate by 25 basis points to 2-1/4 percent.
2004-12-14,1,"The Committee believes that, even after this action, the stance of monetary policy remains accommodative and, coupled with robust underlying growth in productivity, is providing ongoing support to economic activity."
2004-12-14,2,"Output appears to be growing at a moderate pace despite the earlier rise in energy prices, and labor market conditions continue to improve gradually."
2004-12-14,3,Inflation The Committee perceives the upside and downside risks to the attainment of both sustainable growth and price stability for the next few quarters to be roughly equal.
2004-12-14,4,"With underlying inflation expected to be relatively low, the Committee believes that policy accommodation can be removed at a pace that is likely to be measured."
2004-12-14,5,"Nonetheless, the Committee will respond to changes in economic prospects as needed to fulfill its obligation"
2005-02-02,0,The Federal Open Market Committee decided today to raise its target for the federal funds rate by 25 basis points to 2-1/2 percent.
2005-02-02,1,"The Committee believes that, even after this action, the stance of monetary policy remains accommodative and, coupled with robust underlying growth in productivity, is providing ongoing support to economic activity."
2005-02-02,2,"Output appears to be growing at a moderate pace despite the rise in energy prices, and labor market conditions continue to improve gradually."
2005-02-02,3,Inflation and longer-term inflation expectations remain well contained.
2005-02-02,4,The Committee perceives the upside and downside risks to the attainment of both sustainable growth and price stability for the next few quarters to be roughly equal.
2005-02-02,5,"With underlying inflation expected to be relatively low, the Committee believes that policy accommodation can be removed at a pace that is likely to be measured."
2005-02-02,6,"Nonetheless, the Committee will respond to changes in economic prospects as needed to fulfill its obligation to maintain price stability."
2005-03-22,0,The Federal Open Market Committee decided today to raise its target for the federal funds rate by 25 basis points to 2-3/4 percent.
2005-03-22,1,"The Committee believes that, even after this action, the stance of monetary policy remains accommodative and, coupled with robust underlying growth in productivity, is providing ongoing support to economic activity."
2005-03-22,2,"Output evidently continues to grow at a solid pace despite the rise in energy prices, and labor market conditions continue to improve gradually."
2005-03-22,3,"Though longer-term inflation expectations remain well contained, pressures on inflation have picked up in recent months and pricing power is more evident."
2005-03-22,4,"The rise in energy prices, however, has not notably fed through to core consumer prices."
2005-03-22,5,"The Committee perceives that, with appropriate monetary policy action, the upside and downside risks to the attainment of both sustainable growth and price stability should be kept roughly equal."
2005-03-22,6,"With underlying inflation expected to be contained, the Committee believes that policy accommodation can be removed at a pace that is likely to be measured."
2005-03-22,7,"Nonetheless, the Committee will respond to changes in economic prospects as needed to fulfill its obligation to maintain price stability."
2005-05-03,0,The Federal Open Market Committee decided today to raise its target for the federal funds rate by 25 basis points to 3 percent.
2005-05-03,1,"The Committee believes that, even after this action, the stance of monetary policy remains accommodative and, coupled with robust underlying growth in productivity, is providing ongoing support to economic activity."
2005-05-03,2,"Recent data suggest that the solid pace of spending growth has slowed somewhat, partly in response to the earlier increases in energy prices."
2005-05-03,3,"Labor market conditions, however, apparently continue to improve gradually."
2005-05-03,4,Pressures on inflation have picked up in recent months and pricing power is more evident.
2005-05-03,5,Longer-term inflation expectations remain well contained.
2005-05-03,6,"The Committee perceives that, with appropriate monetary policy action, the upside and downside risks to the attainment of both sustainable growth and price stability should be kept roughly equal."
2005-05-03,7,"With underlying inflation expected to be contained, the Committee believes that policy accommodation can be removed at a pace that is likely to be measured."
2005-05-03,8,"Nonetheless, the Committee will respond to changes in economic prospects as needed to fulfill its obligation to maintain price stability."
2005-06-30,0,The Federal Open Market Committee decided today to raise its target for the federal funds rate by 25 basis points to 3-1/4 percent.
2005-06-30,1,"The Committee believes that, even after this action, the stance of monetary policy remains accommodative and, coupled with robust underlying growth in productivity, is providing ongoing support to economic activity."
2005-06-30,2,"Although energy prices have risen further, the expansion remains firm and labor market conditions continue to improve gradually."
2005-06-30,3,"Pressures on inflation have stayed elevated, but longer-term inflation expectations remain well contained."
2005-06-30,4,"The Committee perceives that, with appropriate monetary policy action, the upside and downside risks to the attainment of both sustainable growth and price stability should be kept roughly equal."
2005-06-30,5,"With underlying inflation expected to be contained, the Committee believes that policy accommodation can be removed at a pace that is likely to be measured."
2005-06-30,6,"Nonetheless, the Committee will respond to changes in economic prospects as needed to fulfill its obligation to maintain price stability."
2005-08-09,0,The Federal Open Market Committee decided today to raise its target for the federal funds rate by 25 basis points to 3-1/2 percent.
2005-08-09,1,"The Committee believes that, even after this action, the stance of monetary policy remains accommodative and, coupled with robust underlying growth in productivity, is providing ongoing support to economic activity."
2005-08-09,2,"Aggregate spending, despite high energy prices, appears to have strengthened since late winter, and labor market conditions continue to improve gradually."
2005-08-09,3,"Core inflation has been relatively low in recent months and longer-term inflation expectations remain well contained, but pressures on inflation have stayed elevated."
2005-08-09,4,"The Committee perceives that, with appropriate monetary policy action, the upside and downside risks to the attainment of both sustainable growth and price stability should be kept roughly equal."
2005-08-09,5,"With underlying inflation expected to be contained, the Committee believes that policy accommodation can be removed at a pace that is likely to be measured."
2005-08-09,6,"Nonetheless, the Committee will respond to changes in economic prospects as needed to fulfill its obligation to maintain price stability."
2005-09-20,0,The Federal Open Market Committee decided today to raise its target for the federal funds rate by 25 basis points to 3-3/4 percent.
2005-09-20,1,Output appeared poised to continue growing at a good pace before the tragic toll of Hurricane Katrina.
2005-09-20,2,"The widespread devastation in the Gulf region, the associated dislocation of economic activity, and the boost to energy prices imply that spending, production, and employment will be set back in the near term."
2005-09-20,3,"In addition to elevating premiums for some energy products, the disruption to the production and refining infrastructure may add to energy price volatility."
2005-09-20,4,"While these unfortunate developments have increased uncertainty about near-term economic performance, it is the Committee's view that they do not pose a more persistent threat."
2005-09-20,5,"Rather, monetary policy accommodation, coupled with robust underlying growth in productivity, is providing ongoing support to economic activity."
2005-09-20,6,Higher energy and other costs have the potential to add to inflation pressures.
2005-09-20,7,"However, core inflation has been relatively low in recent months and longer-term inflation expectations remain contained."
2005-09-20,8,"The Committee perceives that, with appropriate monetary policy action, the upside and downside risks to the attainment of both sustainable growth and price stability should be kept roughly equal."
2005-09-20,9,"With underlying inflation expected to be contained, the Committee believes that policy accommodation can be removed at a pace that is likely to be measured."
2005-09-20,10,"Nonetheless, the Committee will respond to changes in economic prospects as needed to fulfill its obligation to maintain price stability."
2005-11-01,0,The Federal Open Market Committee decided today to raise its target for the federal funds rate by 25 basis points to 4 percent.
2005-11-01,1,Elevated energy prices and hurricane-related disruptions in economic activity have temporarily depressed output and employment.
2005-11-01,2,"However, monetary policy accommodation, coupled with robust underlying growth in productivity, is providing ongoing support to economic activity that will likely be augmented by planned rebuilding in the hurricane-affected areas."
2005-11-01,3,"The cumulative rise in energy and other costs has the potential to add to inflation pressures; however, core inflation has been relatively low in recent months The Committee perceives that, with appropriate monetary policy action, the upside and downside risks to the attainment of both sustainable growth and price stability should be kept roughly equal."
2005-11-01,4,"With underlying inflation expected to be contained, the Committee believes that policy accommodation can be removed at a pace that is likely to be measured."
2005-11-01,5,"Nonetheless, the Committee will respond to changes in economic prospects as needed to fulfill"
2005-12-13,0,The Federal Open Market Committee decided today to raise its target for the federal funds rate by 25 basis points to 4-1/4 percent.
2005-12-13,1,"Despite elevated energy prices and hurricane-related disruptions, the expansion in economic activity appears solid."
2005-12-13,2,Core inflation has stayed relatively low in recent months and longer-term inflation expectations remain contained.
2005-12-13,3,"Nevertheless, possible increases in resource utilization as well as elevated energy prices have the potential to add to inflation pressures."
2005-12-13,4,The Committee judges that some further measured policy firming is likely to be needed to keep the risks to the attainment of both sustainable economic growth and price stability roughly in balance.
2005-12-13,5,"In any event, the Committee will respond to changes in economic prospects as needed to foster these objectives."
2006-01-31,0,The Federal Open Market Committee decided today to raise its target for the federal funds rate by 25 basis points to 4-1/2 percent.
2006-01-31,1,"Although recent economic data have been uneven, the expansion in economic activity appears solid."
2006-01-31,2,Core inflation has stayed relatively low in recent months and longer-term inflation expectations remain contained.
2006-01-31,3,"Nevertheless, possible increases in resource utilization as well as elevated energy prices have the potential to add to inflation pressures."
2006-01-31,4,The Committee judges that some further policy firming may be needed to keep the risks to the attainment of both sustainable economic growth and price stability roughly in balance.
2006-01-31,5,"In any event, the Committee will respond to changes in economic prospects as needed to foster these objectives."
2006-03-28,0,The Federal Open Market Committee decided today to raise its target for the federal funds rate by 25 basis points to 4-3/4 percent.
2006-03-28,1,The slowing of the growth of real GDP in the fourth quarter of 2005 seems largely to have reflected temporary or special factors.
2006-03-28,2,Economic growth has rebounded strongly in the current quarter but appears likely to moderate to a more sustainable pace.
2006-03-28,3,"As yet, the run-up in the prices of energy and other commodities appears to have had only a modest effect on core inflation, ongoing productivity gains have helped to hold the growth of unit labor costs in check, and inflation expectations remain contained."
2006-03-28,4,"Still, possible increases in resource utilization, in combination with the elevated prices of energy and other commodities, have the potential to add to inflation pressures."
2006-03-28,5,The Committee judges that some further policy firming may be needed to keep the risks to the attainment of both sustainable economic growth and price stability roughly in balance.
2006-03-28,6,"In any event, the Committee will respond to changes in economic prospects as needed to foster these objectives."
2006-05-10,0,The Federal Open Market Committee decided today to raise its target for the federal funds rate by 25 basis points to 5 percent.
2006-05-10,1,Economic growth has been quite strong so far this year.
2006-05-10,2,"The Committee sees growth as likely to moderate to a more sustainable pace, partly reflecting a gradual cooling of the housing market and the lagged effects of increases in interest rates and energy prices."
2006-05-10,3,"As yet, the run-up in the prices of energy and other commodities appears to have had only a modest effect on core inflation, ongoing productivity gains have helped to hold the growth of unit labor costs in check, and inflation expectations remain contained."
2006-05-10,4,"Still, possible increases in resource utilization, in combination with the elevated prices of energy and other commodities, have the potential to add to inflation pressures."
2006-05-10,5,The Committee judges that some further policy firming may yet be needed to address inflation risks but emphasizes that the extent and timing of any such firming will depend importantly on the evolution of the economic outlook as implied by incoming information.
2006-05-10,6,"In any event, the Committee will respond to changes in economic prospects as needed to support the attainment of its objectives."
2006-06-29,0,The Federal Open Market Committee decided today to raise its target for the federal funds rate by 25 basis points to 5-1/4 percent.
2006-06-29,1,"Recent indicators suggest that economic growth is moderating from its quite strong pace earlier this year, partly reflecting a gradual cooling of the housing market and the lagged effects of increases in interest rates and energy prices."
2006-06-29,2,Readings on core inflation have been elevated in recent months.
2006-06-29,3,"Ongoing productivity gains have held down the rise in unit labor costs, and inflation expectations remain contained."
2006-06-29,4,"However, the high levels of resource utilization and of the prices of energy and other commodities have the potential to sustain inflation pressures."
2006-06-29,5,"Although the moderation in the growth of aggregate demand should help to limit inflation pressures over time, the Committee judges that some inflation risks remain."
2006-06-29,6,"The extent and timing of any additional firming that may be needed to address these risks will depend on the evolution of the outlook for both inflation and economic growth, as implied by incoming information."
2006-06-29,7,"In any event, the Committee will respond to changes in economic prospects as needed to support the attainment of its objectives."
2006-08-08,0,The Federal Open Market Committee decided today to keep its target for the federal funds rate at 5-1/4 percent.
2006-08-08,1,"Economic growth has moderated from its quite strong pace earlier this year, partly reflecting a gradual cooling of the housing market and the lagged effects of increases in interest rates and energy prices."
2006-08-08,2,"Readings on core inflation have been elevated in recent months, and the high levels of resource utilization and of the prices of energy and other commodities have the potential to sustain inflation pressures."
2006-08-08,3,"However, inflation pressures seem likely to moderate over time, reflecting contained inflation expectations and the cumulative effects of monetary policy actions and other factors restraining aggregate demand."
2006-08-08,4,"Nonetheless, the Committee judges that some inflation risks remain."
2006-08-08,5,"The extent and timing of any additional firming that may be needed to address these risks will depend on the evolution of the outlook for both inflation and economic growth, as implied by incoming information."
2006-09-20,0,The Federal Open Market Committee decided today to keep its target for the federal funds rate at 5-1/4 percent.
2006-09-20,1,"The moderation in economic growth appears to be continuing, partly reflecting a cooling of the housing market."
2006-09-20,2,"Readings on core inflation have been elevated, and the high levels of resource utilization and of the prices of energy and other commodities have the potential to sustain inflation pressures."
2006-09-20,3,"However, inflation pressures seem likely to moderate over time, reflecting reduced impetus from energy prices, contained inflation expectations, and the cumulative effects of monetary policy actions and other factors restraining aggregate demand."
2006-09-20,4,"Nonetheless, the Committee judges that some inflation risks remain."
2006-09-20,5,"The extent and timing of any additional firming that may be needed to address these risks will depend on the evolution of the outlook for both inflation and economic growth, as implied by incoming information."
2006-10-25,0,The Federal Open Market Committee decided today to keep its target for the federal funds rate at 5-1/4 percent.
2006-10-25,1,"Economic growth has slowed over the course of the year, partly reflecting a cooling of the housing market."
2006-10-25,2,"Going forward, the economy seems likely to expand at a moderate pace."
2006-10-25,3,"Readings on core inflation have been elevated, and the high level of resource utilization has the potential to sustain inflation pressures."
2006-10-25,4,"However, inflation pressures seem likely to moderate over time, reflecting reduced impetus from energy prices, contained inflation expectations, and the cumulative effects of monetary policy actions and other factors restraining aggregate demand."
2006-10-25,5,"Nonetheless, the Committee judges that some inflation risks remain."
2006-10-25,6,"The extent and timing of any additional firming that may be needed to address these risks will depend on the evolution of the outlook for both inflation and economic growth, as implied by incoming information."
2006-12-12,0,The Federal Open Market Committee decided today to keep its target for the federal funds rate at 5-1/4 percent.
2006-12-12,1,"Economic growth has slowed over the course of the year, partly reflecting a substantial cooling of the housing market."
2006-12-12,2,"Although recent indicators have been mixed, the economy seems likely to expand at a moderate pace on balance over coming quarters."
2006-12-12,3,"Readings on core inflation have been elevated, and the high level of resource utilization has the potential to sustain inflation pressures."
2006-12-12,4,"However, inflation pressures seem likely to moderate over time, reflecting reduced impetus from energy prices, contained inflation expectations, and the cumulative effects of monetary policy actions and other factors restraining aggregate demand."
2006-12-12,5,"Nonetheless, the Committee judges that some inflation risks remain."
2006-12-12,6,"The extent and timing of any additional firming that may be needed to address these risks will depend on the evolution of the outlook for both inflation and economic growth, as implied by incoming information."
2007-01-31,0,The Federal Open Market Committee decided today to keep its target for the federal funds rate at 5-1/4 percent.
2007-01-31,1,"Recent indicators have suggested somewhat firmer economic growth, and some tentative signs of stabilization have appeared in the housing market."
2007-01-31,2,"Overall, the economy seems likely to expand at a moderate pace over coming quarters."
2007-01-31,3,"Readings on core inflation have improved modestly in recent months, and inflation pressures seem likely to moderate over time."
2007-01-31,4,"However, the high level of resource utilization has the potential to sustain inflation pressures."
2007-01-31,5,The Committee judges that some inflation risks remain.
2007-01-31,6,"The extent and timing of any additional firming that may be needed to address these risks will depend on the evolution of the outlook for both inflation and economic growth, as implied by incoming information."
2007-03-21,0,The Federal Open Market Committee decided today to keep its target for the federal funds rate at 5-1/4 percent.
2007-03-21,1,Recent indicators have been mixed and the adjustment in the housing sector is ongoing.
2007-03-21,2,"Nevertheless, the economy seems likely to continue to expand at a moderate pace over coming quarters."
2007-03-21,3,Recent readings on core inflation have been somewhat elevated.
2007-03-21,4,"Although inflation pressures seem likely to moderate over time, the high level of resource utilization has the potential to sustain those pressures."
2007-03-21,5,"In these circumstances, the Committee's predominant policy concern remains the risk that inflation will fail to moderate as expected."
2007-03-21,6,"Future policy adjustments will depend on the evolution of the outlook for both inflation and economic growth, as implied by incoming information."
2007-05-09,0,The Federal Open Market Committee decided today to keep its target for the federal funds rate at 5-1/4 percent.
2007-05-09,1,Economic growth slowed in the first part of this year and the adjustment in the housing sector is ongoing.
2007-05-09,2,"Nevertheless, the economy seems likely to expand at a moderate pace over coming quarters."
2007-05-09,3,Core inflation remains somewhat elevated.
2007-05-09,4,"Although inflation pressures seem likely to moderate over time, the high level of resource utilization has the potential to sustain those pressures."
2007-05-09,5,"In these circumstances, the Committee's predominant policy concern remains the risk that inflation will fail to moderate as expected."
2007-05-09,6,"Future policy adjustments will depend on the evolution of the outlook for both inflation and economic growth, as implied by incoming information."
2007-06-18,0,The Federal Open Market Committee decided today to keep its target for the federal funds rate at 5-1/4 percent.
2007-06-18,1,"Economic growth appears to have been moderate during the first half of this year, despite the ongoing adjustment in the housing sector."
2007-06-18,2,The economy seems likely to continue to expand at a moderate pace over coming quarters.
2007-06-18,3,Readings on core inflation have improved modestly in recent months.
2007-06-18,4,"However, a sustained moderation in inflation pressures has yet to be convincingly demonstrated."
2007-06-18,5,"Moreover, the high level of resource utilization has the potential to sustain those pressures."
2007-06-18,6,"In these circumstances, the Committee's predominant policy concern remains the risk that inflation will fail to moderate as expected."
2007-06-18,7,"Future policy adjustments will depend on the evolution of the outlook for both inflation and economic growth, as implied by incoming information."
2007-08-07,0,The Federal Open Market Committee decided today to keep its target for the federal funds rate at 5-1/4 percent.
2007-08-07,1,Economic growth was moderate during the first half of the year.
2007-08-07,2,"Financial markets have been volatile in recent weeks, credit conditions have become tighter for some households and businesses, and the housing correction is ongoing."
2007-08-07,3,"Nevertheless, the economy seems likely to continue to expand at a moderate pace over coming quarters, supported by solid growth in employment and incomes and a robust global economy."
2007-08-07,4,Readings on core inflation have improved modestly in recent months.
2007-08-07,5,"However, a sustained moderation in inflation pressures has yet to be convincingly demonstrated."
2007-08-07,6,"Moreover, the high level of resource utilization has the potential to sustain those pressures."
2007-08-07,7,"Although the downside risks to growth have increased somewhat, the Committee's predominant policy concern remains the risk that inflation will fail to moderate as expected."
2007-08-07,8,"Future policy adjustments will depend on the outlook for both inflation and economic growth, as implied by incoming information."
2007-09-18,0,The Federal Open Market Committee decided today to lower its target for the federal funds rate 50 basis points to 4-3/4 percent.
2007-09-18,1,"Economic growth was moderate during the first half of the year, but the tightening of credit conditions has the potential to intensify the housing correction and to restrain economic growth more generally."
2007-09-18,2,Todayâs action is intended to help forestall some of the adverse effects on the broader economy that might otherwise arise from the disruptions in financial markets and to promote moderate growth over time.
2007-09-18,3,Readings on core inflation have improved modestly this year.
2007-09-18,4,"However, the Committee judges that some inflation risks remain, and it will continue to monitor inflation developments carefully."
2007-09-18,5,Developments in financial markets since the Committeeâs last regular meeting have increased the uncertainty surrounding the economic outlook.
2007-09-18,6,The Committee will continue to assess the effects of these and other developments on economic prospects and will act as needed to foster price stability and sustainable economic growth.
2007-10-31,0,The Federal Open Market Committee decided today to lower its target for the federal funds rate 25 basis points to 4-1/2 percent.
2007-10-31,1,"Economic growth was solid in the third quarter, and strains in financial markets have eased somewhat on balance."
2007-10-31,2,"However, the pace of economic expansion will likely slow in the near term, partly reflecting the intensification of the housing correction."
2007-10-31,3,"Todayâs action, combined with the policy action taken in September, should help forestall some of the adverse effects on the broader economy that might otherwise arise from the disruptions in financial markets and promote moderate growth over time."
2007-10-31,4,"Readings on core inflation have improved modestly this year, but recent increases in energy and commodity prices, among other factors, may put renewed upward pressure on inflation."
2007-10-31,5,"In this context, the Committee judges that some inflation risks remain, and it will continue to monitor inflation developments carefully."
2007-10-31,6,"The Committee judges that, after this action, the upside risks to inflation roughly balance the downside risks to growth."
2007-10-31,7,The Committee will continue to assess the effects of financial and other developments on economic prospects and will act as needed to foster price stability and sustainable economic growth.
2007-12-11,0,The Federal Open Market Committee decided today to lower its target for the federal funds rate 25 basis points to 4-1/4 percent.
2007-12-11,1,"Incoming information suggests that economic growth is slowing, reflecting the intensification of the housing correction and some softening in business and consumer spending."
2007-12-11,2,"Moreover, strains in financial markets have increased in recent weeks."
2007-12-11,3,"Todayâs action, combined with the policy actions taken earlier, should help promote moderate growth over time."
2007-12-11,4,"Readings on core inflation have improved modestly this year, but elevated energy and commodity prices, among other factors, may put upward pressure on inflation."
2007-12-11,5,"In this context, the Committee judges that some inflation risks remain, and it will continue to monitor inflation developments carefully."
2007-12-11,6,"Recent developments, including the deterioration in financial market conditions, have increased the uncertainty surrounding the outlook for economic growth and inflation."
2007-12-11,7,The Committee will continue to assess the effects of financial and other developments on economic prospects and will act as needed to foster price stability and sustainable economic growth.
2008-01-22,0,The Federal Open Market Committee has decided to lower its target for the federal funds rate 75 basis points to 3-1/2 percent.
2008-01-22,1,The Committee took this action in view of a weakening of the economic outlook and increasing downside risks to growth.
2008-01-22,2,"While strains in short-term funding markets have eased somewhat, broader financial market conditions have continued to deteriorate and credit has tightened further for some businesses and households."
2008-01-22,3,"Moreover, incoming information indicates a deepening of the housing contraction as well as some softening in labor markets."
2008-01-22,4,"The Committee expects inflation to moderate in coming quarters, but it will be necessary to continue to monitor inflation developments carefully."
2008-01-22,5,Appreciable downside risks to growth remain.
2008-01-22,6,The Committee will continue to assess the effects of financial and other developments on economic prospects and will act in a timely manner as needed to address those risks.
2008-01-30,0,The Federal Open Market Committee decided today to lower its target for the federal funds rate 50 basis points to 3 percent.
2008-01-30,1,"Financial markets remain under considerable stress, and credit has tightened further for some businesses and households."
2008-01-30,2,"Moreover, recent information indicates a deepening of the housing contraction as well as some softening in labor markets."
2008-01-30,3,"The Committee expects inflation to moderate in coming quarters, but it will be necessary to continue to monitor inflation developments carefully."
2008-01-30,4,"Todayâs policy action, combined with those taken earlier, should help to promote moderate growth over time and to mitigate the risks to economic activity."
2008-01-30,5,"However, downside risks to growth remain."
2008-01-30,6,The Committee will continue to assess the effects of financial and other developments on economic prospects and will act in a timely manner as needed to address those risks.
2008-03-18,0,The Federal Open Market Committee decided today to lower its target for the federal funds rate 75 basis points to 2-1/4 percent.
2008-03-18,1,Recent information indicates that the outlook for economic activity has weakened further.
2008-03-18,2,Growth in consumer spending has slowed and labor markets have softened.
2008-03-18,3,"Financial markets remain under considerable stress, and the tightening of credit conditions and the deepening of the housing contraction are likely to weigh on economic growth over the next few quarters."
2008-03-18,4,"Inflation has been elevated, and some indicators of inflation expectations have risen."
2008-03-18,5,"The Committee expects inflation to moderate in coming quarters, reflecting a projected leveling-out of energy and other commodity prices and an easing of pressures on resource utilization."
2008-03-18,6,"Still, uncertainty about the inflation outlook has increased."
2008-03-18,7,It will be necessary to continue to monitor inflation developments carefully.
2008-03-18,8,"Todayâs policy action, combined with those taken earlier, including measures to foster market liquidity, should help to promote moderate growth over time and to mitigate the risks to economic activity."
2008-03-18,9,"However, downside risks to growth remain."
2008-03-18,10,The Committee will act in a timely manner as needed to promote sustainable economic growth and price stability.
2008-04-30,0,The Federal Open Market Committee decided today to lower its target for the federal funds rate 25 basis points to 2 percent.
2008-04-30,1,Recent information indicates that economic activity remains weak.
2008-04-30,2,Household and business spending has been subdued and labor markets have softened further.
2008-04-30,3,"Financial markets remain under considerable stress, and tight credit conditions and the deepening housing contraction are likely to weigh on economic growth over the next few quarters."
2008-04-30,4,"Although readings on core inflation have improved somewhat, energy and other commodity prices have increased, and some indicators of inflation expectations have risen in recent months."
2008-04-30,5,"The Committee expects inflation to moderate in coming quarters, reflecting a projected leveling-out of energy and other commodity prices and an easing of pressures on resource utilization."
2008-04-30,6,"Still, uncertainty about the inflation outlook remains high."
2008-04-30,7,It will be necessary to continue to monitor inflation developments carefully.
2008-04-30,8,"The substantial easing of monetary policy to date, combined with ongoing measures to foster market liquidity, should help to promote moderate growth over time and to mitigate risks to economic activity."
2008-04-30,9,The Committee will continue to monitor economic and financial developments and will act as needed to promote sustainable economic growth and price stability.
2008-06-25,0,The Federal Open Market Committee decided today to keep its target for the federal funds rate at 2 percent.
2008-06-25,1,"Recent information indicates that overall economic activity continues to expand, partly reflecting some firming in household spending."
2008-06-25,2,"However, labor markets have softened further and financial markets remain under considerable stress."
2008-06-25,3,"Tight credit conditions, the ongoing housing contraction, and the rise in energy prices are likely to weigh on economic growth over the next few quarters."
2008-06-25,4,The Committee expects inflation to moderate later this year and next year.
2008-06-25,5,"However, in light of the continued increases in the prices of energy and some other commodities and the elevated state of some indicators of inflation expectations, uncertainty about the inflation outlook remains high."
2008-06-25,6,"The substantial easing of monetary policy to date, combined with ongoing measures to foster market liquidity, should help to promote moderate growth over time."
2008-06-25,7,"Although downside risks to growth remain, they appear to have diminished somewhat, and the upside risks to inflation and inflation expectations have increased."
2008-06-25,8,The Committee will continue to monitor economic and financial developments and will act as needed to promote sustainable economic growth and price stability.
2008-08-05,0,The Federal Open Market Committee decided today to keep its target for the federal funds rate at 2 percent.
2008-08-05,1,"Economic activity expanded in the second quarter, partly reflecting growth in consumer spending and exports."
2008-08-05,2,"However, labor markets have softened further and financial markets remain under considerable stress."
2008-08-05,3,"Tight credit conditions, the ongoing housing contraction, and elevated energy prices are likely to weigh on economic growth over the next few quarters."
2008-08-05,4,"Over time, the substantial easing of monetary policy, combined with ongoing measures to foster market liquidity, should help to promote moderate economic growth."
2008-08-05,5,"Inflation has been high, spurred by the earlier increases in the prices of energy and some other commodities, and some indicators of inflation expectations have been elevated."
2008-08-05,6,"The Committee expects inflation to moderate later this year and next year, but the inflation outlook remains highly uncertain."
2008-08-05,7,"Although downside risks to growth remain, the upside risks to inflation are also of significant concern to the Committee."
2008-08-05,8,The Committee will continue to monitor economic and financial developments and will act as needed to promote sustainable economic growth and price stability.
2008-09-16,0,The Federal Open Market Committee decided today to keep its target for the federal funds rate at 2 percent.
2008-09-16,1,Strains in financial markets have increased significantly and labor markets have weakened further.
2008-09-16,2,"Economic growth appears to have slowed recently, partly reflecting a softening of household spending."
2008-09-16,3,"Tight credit conditions, the ongoing housing contraction, and some slowing in export growth are likely to weigh on economic growth over the next few quarters."
2008-09-16,4,"Over time, the substantial easing of monetary policy, combined with ongoing measures to foster market liquidity, should help to promote moderate economic growth."
2008-09-16,5,"Inflation has been high, spurred by the earlier increases in the prices of energy and some other commodities."
2008-09-16,6,"The Committee expects inflation to moderate later this year and next year, but the inflation outlook remains highly uncertain."
2008-09-16,7,The downside risks to growth and the upside risks to inflation are both of significant concern to the Committee.
2008-09-16,8,The Committee will monitor economic and financial developments carefully and will act as needed to promote sustainable economic growth and price stability.
2008-10-08,0,"Throughout the current financial crisis, central banks have engaged in continuous close consultation and have cooperated in unprecedented joint actions such as the provision of liquidity to reduce strains in financial markets."
2008-10-08,1,"Inflationary pressures have started to moderate in a number of countries, partly reflecting a marked decline in energy and other commodity prices."
2008-10-08,2,Inflation expectations are diminishing and remain anchored to price stability.
2008-10-08,3,The recent intensification of the financial crisis has augmented the downside risks to growth and thus has diminished further the upside risks to price stability.
2008-10-08,4,Some easing of global monetary conditions is therefore warranted.
2008-10-08,5,"Accordingly, the Bank of Canada, the Bank of England, the European Central Bank, the Federal Reserve, Sveriges Riksbank, and the Swiss National Bank are today announcing reductions in policy interest rates."
2008-10-08,6,The Bank of Japan expresses its strong support of these policy actions.
2008-10-08,7,The Federal Open Market Committee has decided to lower its target for the federal funds rate 50 basis points to 1-1/2 percent.
2008-10-08,8,The Committee took this action in light of evidence pointing to a weakening of economic activity and a reduction in inflationary pressures.
2008-10-08,9,Incoming economic data suggest that the pace of economic activity has slowed markedly in recent months.
2008-10-08,10,"Moreover, the intensification of financial market turmoil is likely to exert additional restraint on spending, partly by further reducing the ability of households and businesses to obtain credit."
2008-10-08,11,"Inflation has been high, but the Committee believes that the decline in energy and other commodity prices and the weaker prospects for economic activity have reduced the upside risks to inflation."
2008-10-08,12,The Committee will monitor economic and financial developments carefully and will act as needed to promote sustainable economic growth and price stability.
2008-10-29,0,The Federal Open Market Committee decided today to lower its target for the federal funds rate 50 basis points to 1 percent.
2008-10-29,1,"The pace of economic activity appears to have slowed markedly, owing importantly to a decline in consumer expenditures."
2008-10-29,2,"Business equipment spending and industrial production have weakened in recent months, and slowing economic activity in many foreign economies is damping the prospects for U.S. exports."
2008-10-29,3,"Moreover, the intensification of financial market turmoil is likely to exert additional restraint on spending, partly by further reducing the ability of households and businesses to obtain credit."
2008-10-29,4,"In light of the declines in the prices of energy and other commodities and the weaker prospects for economic activity, the Committee expects inflation to moderate in coming quarters to levels consistent with price stability."
2008-10-29,5,"Recent policy actions, including todayâs rate reduction, coordinated interest rate cuts by central banks, extraordinary liquidity measures, and official steps to strengthen financial systems, should help over time to improve credit conditions and promote a return to moderate economic growth."
2008-10-29,6,"Nevertheless, downside risks to growth remain."
2008-10-29,7,The Committee will monitor economic and financial developments carefully and will act as needed to promote sustainable economic growth and price stability.
2008-12-16,0,The Federal Open Market Committee decided today to establish a target range for the federal funds rate of 0 to 1/4 percent.
2008-12-16,1,"Since the Committee's last meeting, labor market conditions have deteriorated, and the available data indicate that consumer spending, business investment, and industrial production have declined."
2008-12-16,2,Financial markets remain quite strained and credit conditions tight.
2008-12-16,3,"Overall, the outlook for economic activity has weakened further."
2008-12-16,4,"Meanwhile, inflationary pressures have diminished appreciably."
2008-12-16,5,"In light of the declines in the prices of energy and other commodities and the weaker prospects for economic activity, the Committee expects inflation to moderate further in coming quarters."
2008-12-16,6,The Federal Reserve will employ all available tools to promote the resumption of sustainable economic growth and to preserve price stability.
2008-12-16,7,"In particular, the Committee anticipates that weak economic conditions are likely to warrant exceptionally low levels of the federal funds rate for some time."
2008-12-16,8,The focus of the Committee's policy going forward will be to support the functioning of financial markets and stimulate the economy through open market operations and other measures that sustain the size of the Federal Reserve's balance sheet at a high level.
2008-12-16,9,"As previously announced, over the next few quarters the Federal Reserve will purchase large quantities of agency debt and mortgage-backed securities to provide support to the mortgage and housing markets, and it stands ready to expand its purchases of agency debt and mortgage-backed securities as conditions warrant."
2008-12-16,10,The Committee is also evaluating the potential benefits of purchasing longer-term Treasury securities.
2008-12-16,11,"Early next year, the Federal Reserve will also implement the Term Asset-Backed Securities Loan Facility to facilitate the extension of credit to households and small businesses."
2008-12-16,12,The Federal Reserve will continue to consider ways of using its balance sheet to further support credit markets and economic activity.
2009-01-28,0,The Federal Open Market Committee decided today to keep its target range for the federal funds rate at 0 to 1/4 percent.
2009-01-28,1,The Committee continues to anticipate that economic conditions are likely to warrant exceptionally low levels of the federal funds rate for some time.
2009-01-28,2,Information received since the Committee met in December suggests that the economy has weakened further.
2009-01-28,3,"Industrial production, housing starts, and employment have continued to decline steeply, as consumers and businesses have cut back spending."
2009-01-28,4,"Furthermore, global demand appears to be slowing significantly."
2009-01-28,5,"Conditions in some financial markets have improved, in part reflecting government efforts to provide liquidity and strengthen financial institutions; nevertheless, credit conditions for households and firms remain extremely tight."
2009-01-28,6,"The Committee anticipates that a gradual recovery in economic activity will begin later this year, but the downside risks to that outlook are significant."
2009-01-28,7,"In light of the declines in the prices of energy and other commodities in recent months and the prospects for considerable economic slack, the Committee expects that inflation pressures will remain subdued in coming quarters."
2009-01-28,8,"Moreover, the Committee sees some risk that inflation could persist for a time below rates that best foster economic growth and price stability in the longer term."
2009-01-28,9,The Federal Reserve will employ all available tools to promote the resumption of sustainable economic growth and to preserve price stability.
2009-01-28,10,The focus of the Committee's policy is to support the functioning of financial markets and stimulate the economy through open market operations and other measures that are likely to keep the size of the Federal Reserve's balance sheet at a high level.
2009-01-28,11,"The Federal Reserve continues to purchase large quantities of agency debt and mortgage-backed securities to provide support to the mortgage and housing markets, and it stands ready to expand the quantity of such purchases and the duration of the purchase program as conditions warrant."
2009-01-28,12,The Committee also is prepared to purchase longer-term Treasury securities if evolving circumstances indicate that such transactions would be particularly effective in improving conditions in private credit markets.
2009-01-28,13,The Federal Reserve will be implementing the Term Asset-Backed Securities Loan Facility to facilitate the extension of credit to households and small businesses.
2009-01-28,14,The Committee will continue to monitor carefully the size and composition of the Federal Reserve's balance sheet in light of evolving financial market developments and to assess whether expansions of or modifications to lending facilities would serve to further support credit markets and economic activity and help to preserve price stability.
2009-03-18,0,Information received since the Federal Open Market Committee met in January indicates that the economy continues to contract.
2009-03-18,1,"Job losses, declining equity and housing wealth, and tight credit conditions have weighed on consumer sentiment and spending."
2009-03-18,2,Weaker sales prospects and difficulties in obtaining credit have led businesses to cut back on inventories and fixed investment.
2009-03-18,3,U.S. exports have slumped as a number of major trading partners have also fallen into recession.
2009-03-18,4,"Although the near-term economic outlook is weak, the Committee anticipates that policy actions to stabilize financial markets and institutions, together with fiscal and monetary stimulus, will contribute to a gradual resumption of sustainable economic growth."
2009-03-18,5,"In light of increasing economic slack here and abroad, the Committee expects that inflation will remain subdued."
2009-03-18,6,"Moreover, the Committee sees some risk that inflation could persist for a time below rates that best foster economic growth and price stability in the longer term."
2009-03-18,7,"In these circumstances, the Federal Reserve will employ all available tools to promote economic recovery and to preserve price stability."
2009-03-18,8,The Committee will maintain the target range for the federal funds rate at 0 to 1/4 percent and anticipates that economic conditions are likely to warrant exceptionally low levels of the federal funds rate for an extended period.
2009-03-18,9,"To provide greater support to mortgage lending and housing markets, the Committee decided today to increase the size of the Federal Reserveâs balance sheet further by purchasing up to an additional $750 billion of agency mortgage-backed securities, bringing its total purchases of these securities to up to $1.25 trillion this year, and to increase its purchases of agency debt this year by up to $100 billion to a total of up to $200 billion."
2009-03-18,10,"Moreover, to help improve conditions in private credit markets, the Committee decided to purchase up to $300 billion of longer-term Treasury securities over the next six months."
2009-03-18,11,The Federal Reserve has launched the Term Asset-Backed Securities Loan Facility to facilitate the extension of credit to households and small businesses and anticipates that the range of eligible collateral for this facility is likely to be expanded to include other financial assets.
2009-03-18,12,The Committee will continue to carefully monitor the size and composition of the Federal Reserve's balance sheet in light of evolving financial and economic developments.
2009-04-29,0,"Information received since the Federal Open Market Committee met in March indicates that the economy has continued to contract, though the pace of contraction appears to be somewhat slower."
2009-04-29,1,"Household spending has shown signs of stabilizing but remains constrained by ongoing job losses, lower housing wealth, and tight credit."
2009-04-29,2,"Weak sales prospects and difficulties in obtaining credit have led businesses to cut back on inventories, fixed investment, and staffing."
2009-04-29,3,"Although the economic outlook has improved modestly since the March meeting, partly reflecting some easing of financial market conditions, economic activity is likely to remain weak for a time."
2009-04-29,4,"Nonetheless, the Committee continues to anticipate that policy actions to stabilize financial markets and institutions, fiscal and monetary stimulus, and market forces will contribute to a gradual resumption of sustainable economic growth in a context of price stability."
2009-04-29,5,"In light of increasing economic slack here and abroad, the Committee expects that inflation will remain subdued."
2009-04-29,6,"Moreover, the Committee sees some risk that inflation could persist for a time below rates that best foster economic growth and price stability in the longer term."
2009-04-29,7,"In these circumstances, the Federal Reserve will employ all available tools to promote economic recovery and to preserve price stability."
2009-04-29,8,The Committee will maintain the target range for the federal funds rate at 0 to 1/4 percent and anticipates that economic conditions are likely to warrant exceptionally low levels of the federal funds rate for an extended period.
2009-04-29,9,"As previously announced, to provide support to mortgage lending and housing markets and to improve overall conditions in private credit markets, the Federal Reserve will purchase a total of up to $1.25 trillion of agency mortgage-backed securities and up to $200 billion of agency debt by the end of the year."
2009-04-29,10,"In addition, the Federal Reserve will buy up to $300 billion of Treasury securities by autumn."
2009-04-29,11,The Committee will continue to evaluate the timing and overall amounts of its purchases of securities in light of the evolving economic outlook and conditions in financial markets.
2009-04-29,12,The Federal Reserve is facilitating the extension of credit to households and businesses and supporting the functioning of financial markets through a range of liquidity programs.
2009-04-29,13,The Committee will continue to carefully monitor the size and composition of the Federal Reserve's balance sheet in light of financial and economic developments.
2009-06-24,0,Information received since the Federal Open Market Committee met in April suggests that the pace of economic contraction is slowing.
2009-06-24,1,Conditions in financial markets have generally improved in recent months.
2009-06-24,2,"Household spending has shown further signs of stabilizing but remains constrained by ongoing job losses, lower housing wealth, and tight credit."
2009-06-24,3,Businesses are cutting back on fixed investment and staffing but appear to be making progress in bringing inventory stocks into better alignment with sales.
2009-06-24,4,"Although economic activity is likely to remain weak for a time, the Committee continues to anticipate that policy actions to stabilize financial markets and institutions, fiscal and monetary stimulus, and market forces will contribute to a gradual resumption of sustainable economic growth in a context of price stability."
2009-06-24,5,The prices of energy and other commodities have risen of late.
2009-06-24,6,"However, substantial resource slack is likely to dampen cost pressures, and the Committee expects that inflation will remain subdued for some time."
2009-06-24,7,"In these circumstances, the Federal Reserve will employ all available tools to promote economic recovery and to preserve price stability."
2009-06-24,8,The Committee will maintain the target range for the federal funds rate at 0 to 1/4 percent and continues to anticipate that economic conditions are likely to warrant exceptionally low levels of the federal funds rate for an extended period.
2009-06-24,9,"As previously announced, to provide support to mortgage lending and housing markets and to improve overall conditions in private credit markets, the Federal Reserve will purchase a total of up to $1.25 trillion of agency mortgage-backed securities and up to $200 billion of agency debt by the end of the year."
2009-06-24,10,"In addition, the Federal Reserve will buy up to $300 billion of Treasury securities by autumn."
2009-06-24,11,The Committee will continue to evaluate the timing and overall amounts of its purchases of securities in light of the evolving economic outlook and conditions in financial markets.
2009-06-24,12,The Federal Reserve is monitoring the size and composition of its balance sheet and will make adjustments to its credit and liquidity programs as warranted.
2009-08-12,0,Information received since the Federal Open Market Committee met in June suggests that economic activity is leveling out.
2009-08-12,1,Conditions in financial markets have improved further in recent weeks.
2009-08-12,2,"Household spending has continued to show signs of stabilizing but remains constrained by ongoing job losses, sluggish income growth, lower housing wealth, and tight credit."
2009-08-12,3,Businesses are still cutting back on fixed investment and staffing but are making progress in bringing inventory stocks into better alignment with sales.
2009-08-12,4,"Although economic activity is likely to remain weak for a time, the Committee continues to anticipate that policy actions to stabilize financial markets and institutions, fiscal and monetary stimulus, and market forces will contribute to a gradual resumption of sustainable economic growth in a context of price stability."
2009-08-12,5,The prices of energy and other commodities have risen of late.
2009-08-12,6,"However, substantial resource slack is likely to dampen cost pressures, and the Committee expects that inflation will remain subdued for some time."
2009-08-12,7,"In these circumstances, the Federal Reserve will employ all available tools to promote economic recovery and to preserve price stability."
2009-08-12,8,The Committee will maintain the target range for the federal funds rate at 0 to 1/4 percent and continues to anticipate that economic conditions are likely to warrant exceptionally low levels of the federal funds rate for an extended period.
2009-08-12,9,"As previously announced, to provide support to mortgage lending and housing markets and to improve overall conditions in private credit markets, the Federal Reserve will purchase a total of up to $1.25 trillion of agency mortgage-backed securities and up to $200 billion of agency debt by the end of the year."
2009-08-12,10,"In addition, the Federal Reserve is in the process of buying $300 billion of Treasury securities."
2009-08-12,11,"To promote a smooth transition in markets as these purchases of Treasury securities are completed, the Committee has decided to gradually slow the pace of these transactions and anticipates that the full amount will be purchased by the end of October."
2009-08-12,12,The Committee will continue to evaluate the timing and overall amounts of its purchases of securities in light of the evolving economic outlook and conditions in financial markets.
2009-08-12,13,The Federal Reserve is monitoring the size and composition of its balance sheet and will make adjustments to its credit and liquidity programs as warranted.
2009-09-23,0,Information received since the Federal Open Market Committee met in August suggests that economic activity has picked up following its severe downturn.
2009-09-23,1,"Conditions in financial markets have improved further, and activity in the housing sector has increased."
2009-09-23,2,"Household spending seems to be stabilizing, but remains constrained by ongoing job losses, sluggish income growth, lower housing wealth, and tight credit."
2009-09-23,3,"Businesses are still cutting back on fixed investment and staffing, though at a slower pace; they continue to make progress in bringing inventory stocks into better alignment with sales."
2009-09-23,4,"Although economic activity is likely to remain weak for a time, the Committee anticipates that policy actions to stabilize financial markets and institutions, fiscal and monetary stimulus, and market forces will support a strengthening of economic growth and a gradual return to higher levels of resource utilization in a context of price stability."
2009-09-23,5,"With substantial resource slack likely to continue to dampen cost pressures and with longer-term inflation expectations stable, the Committee expects that inflation will remain subdued for some time."
2009-09-23,6,"In these circumstances, the Federal Reserve will continue to employ a wide range of tools to promote economic recovery and to preserve price stability."
2009-09-23,7,The Committee will maintain the target range for the federal funds rate at 0 to 1/4 percent and continues to anticipate that economic conditions are likely to warrant exceptionally low levels of the federal funds rate for an extended period.
2009-09-23,8,"To provide support to mortgage lending and housing markets and to improve overall conditions in private credit markets, the Federal Reserve will purchase a total of $1.25 trillion of agency mortgage-backed securities and up to $200 billion of agency debt."
2009-09-23,9,The Committee will gradually slow the pace of these purchases in order to promote a smooth transition in markets and anticipates that they will be executed by the end of the first quarter of 2010.
2009-09-23,10,"As previously announced, the Federal Reserveâs purchases of $300 billion of Treasury securities will be completed by the end of October 2009."
2009-09-23,11,The Committee will continue to evaluate the timing and overall amounts of its purchases of securities in light of the evolving economic outlook and conditions in financial markets.
2009-09-23,12,The Federal Reserve is monitoring the size and composition of its balance sheet and will make adjustments to its credit and liquidity programs as warranted.
2009-11-04,0,Information received since the Federal Open Market Committee met in September suggests that economic activity has continued to pick up.
2009-11-04,1,"Conditions in financial markets were roughly unchanged, on balance, over the intermeeting period."
2009-11-04,2,Activity in the housing sector has increased over recent months.
2009-11-04,3,"Household spending appears to be expanding but remains constrained by ongoing job losses, sluggish income growth, lower housing wealth, and tight credit."
2009-11-04,4,"Businesses are still cutting back on fixed investment and staffing, though at a slower pace; they continue to make progress in bringing inventory stocks into better alignment with sales."
2009-11-04,5,"Although economic activity is likely to remain weak for a time, the Committee anticipates that policy actions to stabilize financial markets and institutions, fiscal and monetary stimulus, and market forces will support a strengthening of economic growth and a gradual return to higher levels of resource utilization in a context of price stability."
2009-11-04,6,"With substantial resource slack likely to continue to dampen cost pressures and with longer-term inflation expectations stable, the Committee expects that inflation will remain subdued for some time."
2009-11-04,7,"In these circumstances, the Federal Reserve will continue to employ a wide range of tools to promote economic recovery and to preserve price stability."
2009-11-04,8,"The Committee will maintain the target range for the federal funds rate at 0 to 1/4 percent and continues to anticipate that economic conditions, including low rates of resource utilization, subdued inflation trends, and stable inflation expectations, are likely to warrant exceptionally low levels of the federal funds rate for an extended period."
2009-11-04,9,"To provide support to mortgage lending and housing markets and to improve overall conditions in private credit markets, the Federal Reserve will purchase a total of $1.25 trillion of agency mortgage-backed securities and about $175 billion of agency debt."
2009-11-04,10,"The amount of agency debt purchases, while somewhat less than the previously announced maximum of $200 billion, is consistent with the recent path of purchases and reflects the limited availability of agency debt."
2009-11-04,11,"In order to promote a smooth transition in markets, the Committee will gradually slow the pace of its purchases of both agency debt and agency mortgage-backed securities and anticipates that these transactions will be executed by the end of the first quarter of 2010."
2009-11-04,12,The Committee will continue to evaluate the timing and overall amounts of its purchases of securities in light of the evolving economic outlook and conditions in financial markets.
2009-11-04,13,The Federal Reserve is monitoring the size and composition of its balance sheet and will make adjustments to its credit and liquidity programs as warranted.
2009-12-16,0,Information received since the Federal Open Market Committee met in November suggests that economic activity has continued to pick up and that the deterioration in the labor market is abating.
2009-12-16,1,The housing sector has shown some signs of improvement over recent months.
2009-12-16,2,"Household spending appears to be expanding at a moderate rate, though it remains constrained by a weak labor market, modest income growth, lower housing wealth, and tight credit."
2009-12-16,3,"Businesses are still cutting back on fixed investment, though at a slower pace, and remain reluctant to add to payrolls; they continue to make progress in bringing inventory stocks into better alignment with sales."
2009-12-16,4,Financial market conditions have become more supportive of economic growth.
2009-12-16,5,"Although economic activity is likely to remain weak for a time, the Committee anticipates that policy actions to stabilize financial markets and institutions, fiscal and monetary stimulus, and market forces will contribute to a strengthening of economic growth and a gradual return to higher levels of resource utilization in a context of price stability."
2009-12-16,6,"With substantial resource slack likely to continue to dampen cost pressures and with longer-term inflation expectations stable, the Committee expects that inflation will remain subdued for some time."
2009-12-16,7,"The Committee will maintain the target range for the federal funds rate at 0 to 1/4 percent and continues to anticipate that economic conditions, including low rates of resource utilization, subdued inflation trends, and stable inflation expectations, are likely to warrant exceptionally low levels of the federal funds rate for an extended period."
2009-12-16,8,"To provide support to mortgage lending and housing markets and to improve overall conditions in private credit markets, the Federal Reserve is in the process of purchasing $1.25 trillion of agency mortgage-backed securities and about $175 billion of agency debt."
2009-12-16,9,"In order to promote a smooth transition in markets, the Committee is gradually slowing the pace of these purchases, and it anticipates that these transactions will be executed by the end of the first quarter of 2010."
2009-12-16,10,The Committee will continue to evaluate the timing and overall amounts of its purchases of securities in light of the evolving economic outlook and conditions in financial markets.
2009-12-16,11,"In light of ongoing improvements in the functioning of financial markets, the Committee and the Board of Governors anticipate that most of the Federal Reserveâs special liquidity facilities will expire on February 1, 2010, consistent with the Federal Reserveâs announcement of June 25, 2009."
2009-12-16,12,"These facilities include the Asset-Backed Commercial Paper Money Market Mutual Fund Liquidity Facility, the Commercial Paper Funding Facility, the Primary Dealer Credit Facility, and the Term Securities Lending Facility."
2009-12-16,13,The Federal Reserve will also be working with its central bank counterparties to close its temporary liquidity swap arrangements by February 1.
2009-12-16,14,The Federal Reserve expects that amounts provided under the Term Auction Facility will continue to be scaled back in early 2010.
2009-12-16,15,"The anticipated expiration dates for the Term Asset-Backed Securities Loan Facility remain set at June 30, 2010, for loans backed by new-issue commercial mortgage-backed securities and March 31, 2010, for loans backed by all other types of collateral."
2009-12-16,16,The Federal Reserve is prepared to modify these plans if necessary to support financial stability and economic growth.
2010-01-27,0,Information received since the Federal Open Market Committee met in December suggests that economic activity has continued to strengthen and that the deterioration in the labor market is abating.
2010-01-27,1,"Household spending is expanding at a moderate rate but remains constrained by a weak labor market, modest income growth, lower housing wealth, and tight credit."
2010-01-27,2,"Business spending on equipment and software appears to be picking up, but investment in structures is still contracting and employers remain reluctant to add to payrolls."
2010-01-27,3,Firms have brought inventory stocks into better alignment with sales.
2010-01-27,4,"While bank lending continues to contract, financial market conditions remain supportive of economic growth."
2010-01-27,5,"Although the pace of economic recovery is likely to be moderate for a time, the Committee anticipates a gradual return to higher levels of resource utilization in a context of price stability."
2010-01-27,6,"With substantial resource slack continuing to restrain cost pressures and with longer-term inflation expectations stable, inflation is likely to be subdued for some time."
2010-01-27,7,"The Committee will maintain the target range for the federal funds rate at 0 to 1/4 percent and continues to anticipate that economic conditions, including low rates of resource utilization, subdued inflation trends, and stable inflation expectations, are likely to warrant exceptionally low levels of the federal funds rate for an extended period."
2010-01-27,8,"To provide support to mortgage lending and housing markets and to improve overall conditions in private credit markets, the Federal Reserve is in the process of purchasing $1.25 trillion of agency mortgage-backed securities and about $175 billion of agency debt."
2010-01-27,9,"In order to promote a smooth transition in markets, the Committee is gradually slowing the pace of these purchases, and it anticipates that these transactions will be executed by the end of the first quarter."
2010-01-27,10,The Committee will continue to evaluate its purchases of securities in light of the evolving economic outlook and conditions in financial markets.
2010-01-27,11,"In light of improved functioning of financial markets, the Federal Reserve will be closing the Asset-Backed Commercial Paper Money Market Mutual Fund Liquidity Facility, the Commercial Paper Funding Facility, the Primary Dealer Credit Facility, and the Term Securities Lending Facility on February 1, as previously announced."
2010-01-27,12,"In addition, the temporary liquidity swap arrangements between the Federal Reserve and other central banks will expire on February 1."
2010-01-27,13,The Federal Reserve is in the process of winding down its Term Auction Facility: $50 billion in 28-day credit will be offered on February 8 and $25 billion in 28-day credit will be offered at the final auction on March 8.
2010-01-27,14,The anticipated expiration dates for the Term Asset-Backed Securities Loan Facility remain set at June 30 for loans backed by new-issue commercial mortgage-backed securities and March 31 for loans backed by all other types of collateral.
2010-01-27,15,The Federal Reserve is prepared to modify these plans if necessary to support financial stability and economic growth.
2010-03-16,0,Information received since the Federal Open Market Committee met in January suggests that economic activity has continued to strengthen and that the labor market is stabilizing.
2010-03-16,1,"Household spending is expanding at a moderate rate but remains constrained by high unemployment, modest income growth, lower housing wealth, and tight credit."
2010-03-16,2,Business spending on equipment and software has risen significantly.
2010-03-16,3,"However, investment in nonresidential structures is declining, housing starts have been flat at a depressed level, and employers remain reluctant to add to payrolls."
2010-03-16,4,"While bank lending continues to contract, financial market conditions remain supportive of economic growth."
2010-03-16,5,"Although the pace of economic recovery is likely to be moderate for a time, the Committee anticipates a gradual return to higher levels of resource utilization in a context of price stability."
2010-03-16,6,"With substantial resource slack continuing to restrain cost pressures and longer-term inflation expectations stable, inflation is likely to be subdued for some time."
2010-03-16,7,"The Committee will maintain the target range for the federal funds rate at 0 to 1/4 percent and continues to anticipate that economic conditions, including low rates of resource utilization, subdued inflation trends, and stable inflation expectations, are likely to warrant exceptionally low levels of the federal funds rate for an extended period."
2010-03-16,8,"To provide support to mortgage lending and housing markets and to improve overall conditions in private credit markets, the Federal Reserve has been purchasing $1.25 trillion of agency mortgage-backed securities and about $175 billion of agency debt; those purchases are nearing completion, and the remaining transactions will be executed by the end of this month."
2010-03-16,9,The Committee will continue to monitor the economic outlook and financial developments and will employ its policy tools as necessary to promote economic recovery and price stability.
2010-03-16,10,"In light of improved functioning of financial markets, the Federal Reserve has been closing the special liquidity facilities that it created to support markets during the crisis."
2010-03-16,11,"The only remaining such program, the Term Asset-Backed Securities Loan Facility, is scheduled to close on June 30 for loans backed by new-issue commercial mortgage-backed securities and on March 31 for loans backed by all other types of collateral."
2010-04-28,0,Information received since the Federal Open Market Committee met in March suggests that economic activity has continued to strengthen and that the labor market is beginning to improve.
2010-04-28,1,"Growth in household spending has picked up recently but remains constrained by high unemployment, modest income growth, lower housing wealth, and tight credit."
2010-04-28,2,"Business spending on equipment and software has risen significantly; however, investment in nonresidential structures is declining and employers remain reluctant to add to payrolls."
2010-04-28,3,Housing starts have edged up but remain at a depressed level.
2010-04-28,4,"While bank lending continues to contract, financial market conditions remain supportive of economic growth."
2010-04-28,5,"Although the pace of economic recovery is likely to be moderate for a time, the Committee anticipates a gradual return to higher levels of resource utilization in a context of price stability."
2010-04-28,6,"With substantial resource slack continuing to restrain cost pressures and longer-term inflation expectations stable, inflation is likely to be subdued for some time."
2010-04-28,7,"The Committee will maintain the target range for the federal funds rate at 0 to 1/4 percent and continues to anticipate that economic conditions, including low rates of resource utilization, subdued inflation trends, and stable inflation expectations, are likely to warrant exceptionally low levels of the federal funds rate for an extended period."
2010-04-28,8,The Committee will continue to monitor the economic outlook and financial developments and will employ its policy tools as necessary to promote economic recovery and price stability.
2010-04-28,9,"In light of improved functioning of financial markets, the Federal Reserve has closed all but one of the special liquidity facilities that it created to support markets during the crisis."
2010-04-28,10,"The only remaining such program, the Term Asset-Backed Securities Loan Facility, is scheduled to close on June 30 for loans backed by new-issue commercial mortgage-backed securities; it closed on March 31 for loans backed by all other types of collateral."
2010-06-23,0,Information received since the Federal Open Market Committee met in April suggests that the economic recovery is proceeding and that the labor market is improving gradually.
2010-06-23,1,"Household spending is increasing but remains constrained by high unemployment, modest income growth, lower housing wealth, and tight credit."
2010-06-23,2,"Business spending on equipment and software has risen significantly; however, investment in nonresidential structures continues to be weak and employers remain reluctant to add to payrolls."
2010-06-23,3,Housing starts remain at a depressed level.
2010-06-23,4,"Financial conditions have become less supportive of economic growth on balance, largely reflecting developments abroad."
2010-06-23,5,Bank lending has continued to contract in recent months.
2010-06-23,6,"Nonetheless, the Committee anticipates a gradual return to higher levels of resource utilization in a context of price stability, although the pace of economic recovery is likely to be moderate for a time."
2010-06-23,7,"Prices of energy and other commodities have declined somewhat in recent months, and underlying inflation has trended lower."
2010-06-23,8,"With substantial resource slack continuing to restrain cost pressures and longer-term inflation expectations stable, inflation is likely to be subdued for some time."
2010-06-23,9,"The Committee will maintain the target range for the federal funds rate at 0 to 1/4 percent and continues to anticipate that economic conditions, including low rates of resource utilization, subdued inflation trends, and stable inflation expectations, are likely to warrant exceptionally low levels of the federal funds rate for an extended period."
2010-06-23,10,The Committee will continue to monitor the economic outlook and financial developments and will employ its policy tools as necessary to promote economic recovery and price stability.
2010-08-10,0,Information received since the Federal Open Market Committee met in June indicates that the pace of recovery in output and employment has slowed in recent months.
2010-08-10,1,"Household spending is increasing gradually, but remains constrained by high unemployment, modest income growth, lower housing wealth, and tight credit."
2010-08-10,2,"Business spending on equipment and software is rising; however, investment in nonresidential structures continues to be weak and employers remain reluctant to add to payrolls."
2010-08-10,3,Housing starts remain at a depressed level.
2010-08-10,4,Bank lending has continued to contract.
2010-08-10,5,"Nonetheless, the Committee anticipates a gradual return to higher levels of resource utilization in a context of price stability, although the pace of economic recovery is likely to be more modest in the near term than had been anticipated."
2010-08-10,6,"Measures of underlying inflation have trended lower in recent quarters and, with substantial resource slack continuing to restrain cost pressures and longer-term inflation expectations stable, inflation is likely to be subdued for some time."
2010-08-10,7,"The Committee will maintain the target range for the federal funds rate at 0 to 1/4 percent and continues to anticipate that economic conditions, including low rates of resource utilization, subdued inflation trends, and stable inflation expectations, are likely to warrant exceptionally low levels of the federal funds rate for an extended period."
2010-08-10,8,"To help support the economic recovery in a context of price stability, the Committee will keep constant the Federal Reserve's holdings of securities at their current level by reinvesting principal payments from agency debt and agency mortgage-backed securities in longer-term Treasury securities. 1 The Committee will continue to roll over the Federal Reserve's holdings of Treasury securities as they mature."
2010-08-10,9,The Committee will continue to monitor the economic outlook and financial developments and will employ its policy tools as necessary to promote economic recovery and price stability.
2010-09-21,0,Information received since the Federal Open Market Committee met in August indicates that the pace of recovery in output and employment has slowed in recent months.
2010-09-21,1,"Household spending is increasing gradually, but remains constrained by high unemployment, modest income growth, lower housing wealth, and tight credit."
2010-09-21,2,"Business spending on equipment and software is rising, though less rapidly than earlier in the year, while investment in nonresidential structures continues to be weak."
2010-09-21,3,Employers remain reluctant to add to payrolls.
2010-09-21,4,Housing starts are at a depressed level.
2010-09-21,5,"Bank lending has continued to contract, but at a reduced rate in recent months."
2010-09-21,6,"The Committee anticipates a gradual return to higher levels of resource utilization in a context of price stability, although the pace of economic recovery is likely to be modest in the near term."
2010-09-21,7,"Measures of underlying inflation are currently at levels somewhat below those the Committee judges most consistent, over the longer run, with its mandate to promote maximum employment and price stability."
2010-09-21,8,"With substantial resource slack continuing to restrain cost pressures and longer-term inflation expectations stable, inflation is likely to remain subdued for some time before rising to levels the Committee considers consistent with its mandate."
2010-09-21,9,"The Committee will maintain the target range for the federal funds rate at 0 to 1/4 percent and continues to anticipate that economic conditions, including low rates of resource utilization, subdued inflation trends, and stable inflation expectations, are likely to warrant exceptionally low levels for the federal funds rate for an extended period."
2010-09-21,10,The Committee also will maintain its existing policy of reinvesting principal payments from its securities holdings.
2010-09-21,11,"The Committee will continue to monitor the economic outlook and financial developments and is prepared to provide additional accommodation if needed to support the economic recovery and to return inflation, over time, to levels consistent with its mandate."
2010-11-03,0,Information received since the Federal Open Market Committee met in September confirms that the pace of recovery in output and employment continues to be slow.
2010-11-03,1,"Household spending is increasing gradually, but remains constrained by high unemployment, modest income growth, lower housing wealth, and tight credit."
2010-11-03,2,"Business spending on equipment and software is rising, though less rapidly than earlier in the year, while investment in nonresidential structures continues to be weak."
2010-11-03,3,Employers remain reluctant to add to payrolls.
2010-11-03,4,Housing starts continue to be depressed.
2010-11-03,5,"Longer-term inflation expectations have remained stable, but measures of underlying inflation have trended lower in recent quarters."
2010-11-03,6,"Consistent with its statutory mandate, the Committee seeks to foster maximum employment and price stability."
2010-11-03,7,"Currently, the unemployment rate is elevated, and measures of underlying inflation are somewhat low, relative to levels that the Committee judges to be consistent, over the longer run, with its dual mandate."
2010-11-03,8,"Although the Committee anticipates a gradual return to higher levels of resource utilization in a context of price stability, progress toward its objectives has been disappointingly slow."
2010-11-03,9,"To promote a stronger pace of economic recovery and to help ensure that inflation, over time, is at levels consistent with its mandate, the Committee decided today to expand its holdings of securities."
2010-11-03,10,The Committee will maintain its existing policy of reinvesting principal payments from its securities holdings.
2010-11-03,11,"In addition, the Committee intends to purchase a further $600 billion of longer-term Treasury securities by the end of the second quarter of 2011, a pace of about $75 billion per month."
2010-11-03,12,The Committee will regularly review the pace of its securities purchases and the overall size of the asset-purchase program in light of incoming information and will adjust the program as needed to best foster maximum employment and price stability.
2010-11-03,13,"The Committee will maintain the target range for the federal funds rate at 0 to 1/4 percent and continues to anticipate that economic conditions, including low rates of resource utilization, subdued inflation trends, and stable inflation expectations, are likely to warrant exceptionally low levels for the federal funds rate for an extended period."
2010-11-03,14,"The Committee will continue to monitor the economic outlook and financial developments and will employ its policy tools as necessary to support the economic recovery and to help ensure that inflation, over time, is at levels consistent with its mandate."
2010-12-14,0,"Information received since the Federal Open Market Committee met in November confirms that the economic recovery is continuing, though at a rate that has been insufficient to bring down unemployment."
2010-12-14,1,"Household spending is increasing at a moderate pace, but remains constrained by high unemployment, modest income growth, lower housing wealth, and tight credit."
2010-12-14,2,"Business spending on equipment and software is rising, though less rapidly than earlier in the year, while investment in nonresidential structures continues to be weak."
2010-12-14,3,Employers remain reluctant to add to payrolls.
2010-12-14,4,The housing sector continues to be depressed.
2010-12-14,5,"Longer-term inflation expectations have remained stable, but measures of underlying inflation have continued to trend downward."
2010-12-14,6,"Consistent with its statutory mandate, the Committee seeks to foster maximum employment and price stability."
2010-12-14,7,"Currently, the unemployment rate is elevated, and measures of underlying inflation are somewhat low, relative to levels that the Committee judges to be consistent, over the longer run, with its dual mandate."
2010-12-14,8,"Although the Committee anticipates a gradual return to higher levels of resource utilization in a context of price stability, progress toward its objectives has been disappointingly slow."
2010-12-14,9,"To promote a stronger pace of economic recovery and to help ensure that inflation, over time, is at levels consistent with its mandate, the Committee decided today to continue expanding its holdings of securities as announced in November."
2010-12-14,10,The Committee will maintain its existing policy of reinvesting principal payments from its securities holdings.
2010-12-14,11,"In addition, the Committee intends to purchase $600 billion of longer-term Treasury securities by the end of the second quarter of 2011, a pace of about $75 billion per month."
2010-12-14,12,The Committee will regularly review the pace of its securities purchases and the overall size of the asset-purchase program in light of incoming information and will adjust the program as needed to best foster maximum employment and price stability.
2010-12-14,13,"The Committee will maintain the target range for the federal funds rate at 0 to 1/4 percent and continues to anticipate that economic conditions, including low rates of resource utilization, subdued inflation trends, and stable inflation expectations, are likely to warrant exceptionally low levels for the federal funds rate for an extended period."
2010-12-14,14,"The Committee will continue to monitor the economic outlook and financial developments and will employ its policy tools as necessary to support the economic recovery and to help ensure that inflation, over time, is at levels consistent with its mandate."
2011-01-26,0,"Information received since the Federal Open Market Committee met in December confirms that the economic recovery is continuing, though at a rate that has been insufficient to bring about a significant improvement in labor market conditions."
2011-01-26,1,"Growth in household spending picked up late last year, but remains constrained by high unemployment, modest income growth, lower housing wealth, and tight credit."
2011-01-26,2,"Business spending on equipment and software is rising, while investment in nonresidential structures is still weak."
2011-01-26,3,Employers remain reluctant to add to payrolls.
2011-01-26,4,The housing sector continues to be depressed.
2011-01-26,5,"Although commodity prices have risen, longer-term inflation expectations have remained stable, and measures of underlying inflation have been trending downward."
2011-01-26,6,"Consistent with its statutory mandate, the Committee seeks to foster maximum employment and price stability."
2011-01-26,7,"Currently, the unemployment rate is elevated, and measures of underlying inflation are somewhat low, relative to levels that the Committee judges to be consistent, over the longer run, with its dual mandate."
2011-01-26,8,"Although the Committee anticipates a gradual return to higher levels of resource utilization in a context of price stability, progress toward its objectives has been disappointingly slow."
2011-01-26,9,"To promote a stronger pace of economic recovery and to help ensure that inflation, over time, is at levels consistent with its mandate, the Committee decided today to continue expanding its holdings of securities as announced in November."
2011-01-26,10,"In particular, the Committee is maintaining its existing policy of reinvesting principal payments from its securities holdings and intends to purchase $600 billion of longer-term Treasury securities by the end of the second quarter of 2011."
2011-01-26,11,The Committee will regularly review the pace of its securities purchases and the overall size of the asset-purchase program in light of incoming information and will adjust the program as needed to best foster maximum employment and price stability.
2011-01-26,12,"The Committee will maintain the target range for the federal funds rate at 0 to 1/4 percent and continues to anticipate that economic conditions, including low rates of resource utilization, subdued inflation trends, and stable inflation expectations, are likely to warrant exceptionally low levels for the federal funds rate for an extended period."
2011-01-26,13,"The Committee will continue to monitor the economic outlook and financial developments and will employ its policy tools as necessary to support the economic recovery and to help ensure that inflation, over time, is at levels consistent with its mandate."
2011-03-15,0,"Information received since the Federal Open Market Committee met in January suggests that the economic recovery is on a firmer footing, and overall conditions in the labor market appear to be improving gradually."
2011-03-15,1,Household spending and business investment in equipment and software continue to expand.
2011-03-15,2,"However, investment in nonresidential structures is still weak, and the housing sector continues to be depressed."
2011-03-15,3,"Commodity prices have risen significantly since the summer, and concerns about global supplies of crude oil have contributed to a sharp run-up in oil prices in recent weeks."
2011-03-15,4,"Nonetheless, longer-term inflation expectations have remained stable, and measures of underlying inflation have been subdued."
2011-03-15,5,"Consistent with its statutory mandate, the Committee seeks to foster maximum employment and price stability."
2011-03-15,6,"Currently, the unemployment rate remains elevated, and measures of underlying inflation continue to be somewhat low, relative to levels that the Committee judges to be consistent, over the longer run, with its dual mandate."
2011-03-15,7,The recent increases in the prices of energy and other commodities are currently putting upward pressure on inflation.
2011-03-15,8,"The Committee expects these effects to be transitory, but it will pay close attention to the evolution of inflation and inflation expectations."
2011-03-15,9,The Committee continues to anticipate a gradual return to higher levels of resource utilization in a context of price stability.
2011-03-15,10,"To promote a stronger pace of economic recovery and to help ensure that inflation, over time, is at levels consistent with its mandate, the Committee decided today to continue expanding its holdings of securities as announced in November."
2011-03-15,11,"In particular, the Committee is maintaining its existing policy of reinvesting principal payments from its securities holdings and intends to purchase $600 billion of longer-term Treasury securities by the end of the second quarter of 2011."
2011-03-15,12,The Committee will regularly review the pace of its securities purchases and the overall size of the asset-purchase program in light of incoming information and will adjust the program as needed to best foster maximum employment and price stability.
2011-03-15,13,"The Committee will maintain the target range for the federal funds rate at 0 to 1/4 percent and continues to anticipate that economic conditions, including low rates of resource utilization, subdued inflation trends, and stable inflation expectations, are likely to warrant exceptionally low levels for the federal funds rate for an extended period."
2011-03-15,14,"The Committee will continue to monitor the economic outlook and financial developments and will employ its policy tools as necessary to support the economic recovery and to help ensure that inflation, over time, is at levels consistent with its mandate."
2011-04-27,0,Information received since the Federal Open Market Committee met in March indicates that the economic recovery is proceeding at a moderate pace and overall conditions in the labor market are improving gradually.
2011-04-27,1,Household spending and business investment in equipment and software continue to expand.
2011-04-27,2,"However, investment in nonresidential structures is still weak, and the housing sector continues to be depressed."
2011-04-27,3,"Commodity prices have risen significantly since last summer, and concerns about global supplies of crude oil have contributed to a further increase in oil prices since the Committee met in March."
2011-04-27,4,"Inflation has picked up in recent months, but longer-term inflation expectations have remained stable and measures of underlying inflation are still subdued."
2011-04-27,5,"Consistent with its statutory mandate, the Committee seeks to foster maximum employment and price stability."
2011-04-27,6,"The unemployment rate remains elevated, and measures of underlying inflation continue to be somewhat low, relative to levels that the Committee judges to be consistent, over the longer run, with its dual mandate."
2011-04-27,7,Increases in the prices of energy and other commodities have pushed up inflation in recent months.
2011-04-27,8,"The Committee expects these effects to be transitory, but it will pay close attention to the evolution of inflation and inflation expectations."
2011-04-27,9,The Committee continues to anticipate a gradual return to higher levels of resource utilization in a context of price stability.
2011-04-27,10,"To promote a stronger pace of economic recovery and to help ensure that inflation, over time, is at levels consistent with its mandate, the Committee decided today to continue expanding its holdings of securities as announced in November."
2011-04-27,11,"In particular, the Committee is maintaining its existing policy of reinvesting principal payments from its securities holdings and will complete purchases of $600 billion of longer-term Treasury securities by the end of the current quarter."
2011-04-27,12,The Committee will regularly review the size and composition of its securities holdings in light of incoming information and is prepared to adjust those holdings as needed to best foster maximum employment and price stability.
2011-04-27,13,"The Committee will maintain the target range for the federal funds rate at 0 to 1/4 percent and continues to anticipate that economic conditions, including low rates of resource utilization, subdued inflation trends, and stable inflation expectations, are likely to warrant exceptionally low levels for the federal funds rate for an extended period."
2011-04-27,14,"The Committee will continue to monitor the economic outlook and financial developments and will employ its policy tools as necessary to support the economic recovery and to help ensure that inflation, over time, is at levels consistent with its mandate."
2011-06-22,0,"Information received since the Federal Open Market Committee met in April indicates that the economic recovery is continuing at a moderate pace, though somewhat more slowly than the Committee had expected."
2011-06-22,1,"Also, recent labor market indicators have been weaker than anticipated."
2011-06-22,2,"The slower pace of the recovery reflects in part factors that are likely to be temporary, including the damping effect of higher food and energy prices on consumer purchasing power and spending as well as supply chain disruptions associated with the tragic events in Japan."
2011-06-22,3,Household spending and business investment in equipment and software continue to expand.
2011-06-22,4,"However, investment in nonresidential structures is still weak, and the housing sector continues to be depressed."
2011-06-22,5,"Inflation has picked up in recent months, mainly reflecting higher prices for some commodities and imported goods, as well as the recent supply chain disruptions."
2011-06-22,6,"However, longer-term inflation expectations have remained stable."
2011-06-22,7,"Consistent with its statutory mandate, the Committee seeks to foster maximum employment and price stability."
2011-06-22,8,"The unemployment rate remains elevated; however, the Committee expects the pace of recovery to pick up over coming quarters and the unemployment rate to resume its gradual decline toward levels that the Committee judges to be consistent with its dual mandate."
2011-06-22,9,"Inflation has moved up recently, but the Committee anticipates that inflation will subside to levels at or below those consistent with the Committee's dual mandate as the effects of past energy and other commodity price increases dissipate."
2011-06-22,10,"However, the Committee will continue to pay close attention to the evolution of inflation and inflation expectations."
2011-06-22,11,"To promote the ongoing economic recovery and to help ensure that inflation, over time, is at levels consistent with its mandate, the Committee decided today to keep the target range for the federal funds rate at 0 to 1/4 percent."
2011-06-22,12,The Committee continues to anticipate that economic conditions--including low rates of resource utilization and a subdued outlook for inflation over the medium run--are likely to warrant exceptionally low levels for the federal funds rate for an extended period.
2011-06-22,13,The Committee will complete its purchases of $600 billion of longer-term Treasury securities by the end of this month and will maintain its existing policy of reinvesting principal payments from its securities holdings.
2011-06-22,14,The Committee will regularly review the size and composition of its securities holdings and is prepared to adjust those holdings as appropriate.
2011-06-22,15,The Committee will monitor the economic outlook and financial developments and will act as needed to best foster maximum employment and price stability.
2011-08-09,0,Information received since the Federal Open Market Committee met in June indicates that economic growth so far this year has been considerably slower than the Committee had expected.
2011-08-09,1,"Indicators suggest a deterioration in overall labor market conditions in recent months, and the unemployment rate has moved up."
2011-08-09,2,"Household spending has flattened out, investment in nonresidential structures is still weak, and the housing sector remains depressed."
2011-08-09,3,"However, business investment in equipment and software continues to expand."
2011-08-09,4,"Temporary factors, including the damping effect of higher food and energy prices on consumer purchasing power and spending as well as supply chain disruptions associated with the tragic events in Japan, appear to account for only some of the recent weakness in economic activity."
2011-08-09,5,"Inflation picked up earlier in the year, mainly reflecting higher prices for some commodities and imported goods, as well as the supply chain disruptions."
2011-08-09,6,"More recently, inflation has moderated as prices of energy and some commodities have declined from their earlier peaks."
2011-08-09,7,Longer-term inflation expectations have remained stable.
2011-08-09,8,"Consistent with its statutory mandate, the Committee seeks to foster maximum employment and price stability."
2011-08-09,9,The Committee now expects a somewhat slower pace of recovery over coming quarters than it did at the time of the previous meeting and anticipates that the unemployment rate will decline only gradually toward levels that the Committee judges to be consistent with its dual mandate.
2011-08-09,10,"Moreover, downside risks to the economic outlook have increased."
2011-08-09,11,"The Committee also anticipates that inflation will settle, over coming quarters, at levels at or below those consistent with the Committee's dual mandate as the effects of past energy and other commodity price increases dissipate further."
2011-08-09,12,"However, the Committee will continue to pay close attention to the evolution of inflation and inflation expectations."
2011-08-09,13,"To promote the ongoing economic recovery and to help ensure that inflation, over time, is at levels consistent with its mandate, the Committee decided today to keep the target range for the federal funds rate at 0 to 1/4 percent."
2011-08-09,14,The Committee currently anticipates that economic conditions--including low rates of resource utilization and a subdued outlook for inflation over the medium run--are likely to warrant exceptionally low levels for the federal funds rate at least through mid-2013.
2011-08-09,15,The Committee also will maintain its existing policy of reinvesting principal payments from its securities holdings.
2011-08-09,16,The Committee will regularly review the size and composition of its securities holdings and is prepared to adjust those holdings as appropriate.
2011-08-09,17,The Committee discussed the range of policy tools available to promote a stronger economic recovery in a context of price stability.
2011-08-09,18,It will continue to assess the economic outlook in light of incoming information and is prepared to employ these tools as appropriate.
2011-09-21,0,Information received since the Federal Open Market Committee met in August indicates that economic growth remains slow.
2011-09-21,1,"Recent indicators point to continuing weakness in overall labor market conditions, and the unemployment rate remains elevated."
2011-09-21,2,Household spending has been increasing at only a modest pace in recent months despite some recovery in sales of motor vehicles as supply-chain disruptions eased.
2011-09-21,3,"Investment in nonresidential structures is still weak, and the housing sector remains depressed."
2011-09-21,4,"However, business investment in equipment and software continues to expand."
2011-09-21,5,Inflation appears to have moderated since earlier in the year as prices of energy and some commodities have declined from their peaks.
2011-09-21,6,Longer-term inflation expectations have remained stable.
2011-09-21,7,"Consistent with its statutory mandate, the Committee seeks to foster maximum employment and price stability."
2011-09-21,8,The Committee continues to expect some pickup in the pace of recovery over coming quarters but anticipates that the unemployment rate will decline only gradually toward levels that the Committee judges to be consistent with its dual mandate.
2011-09-21,9,"Moreover, there are significant downside risks to the economic outlook, including strains in global financial markets."
2011-09-21,10,"The Committee also anticipates that inflation will settle, over coming quarters, at levels at or below those consistent with the Committee's dual mandate as the effects of past energy and other commodity price increases dissipate further."
2011-09-21,11,"However, the Committee will continue to pay close attention to the evolution of inflation and inflation expectations."
2011-09-21,12,"To support a stronger economic recovery and to help ensure that inflation, over time, is at levels consistent with the dual mandate, the Committee decided today to extend the average maturity of its holdings of securities."
2011-09-21,13,"The Committee intends to purchase, by the end of June 2012, $400 billion of Treasury securities with remaining maturities of 6 years to 30 years and to sell an equal amount of Treasury securities with remaining maturities of 3 years or less."
2011-09-21,14,This program should put downward pressure on longer-term interest rates and help make broader financial conditions more accommodative.
2011-09-21,15,The Committee will regularly review the size and composition of its securities holdings and is prepared to adjust those holdings as appropriate.
2011-09-21,16,"To help support conditions in mortgage markets, the Committee will now reinvest principal payments from its holdings of agency debt and agency mortgage-backed securities in agency mortgage-backed securities."
2011-09-21,17,"In addition, the Committee will maintain its existing policy of rolling over maturing Treasury securities at auction."
2011-09-21,18,The Committee also decided to keep the target range for the federal funds rate at 0 to 1/4 percent and currently anticipates that economic conditions--including low rates of resource utilization and a subdued outlook for inflation over the medium run--are likely to warrant exceptionally low levels for the federal funds rate at least through mid-2013.
2011-09-21,19,The Committee discussed the range of policy tools available to promote a stronger economic recovery in a context of price stability.
2011-09-21,20,It will continue to assess the economic outlook in light of incoming information and is prepared to employ its tools as appropriate.
2011-11-02,0,"Information received since the Federal Open Market Committee met in September indicates that economic growth strengthened somewhat in the third quarter, reflecting in part a reversal of the temporary factors that had weighed on growth earlier in the year."
2011-11-02,1,"Nonetheless, recent indicators point to continuing weakness in overall labor market conditions, and the unemployment rate remains elevated."
2011-11-02,2,Household spending has increased at a somewhat faster pace in recent months.
2011-11-02,3,"Business investment in equipment and software has continued to expand, but investment in nonresidential structures is still weak, and the housing sector remains depressed."
2011-11-02,4,Inflation appears to have moderated since earlier in the year as prices of energy and some commodities have declined from their peaks.
2011-11-02,5,Longer-term inflation expectations have remained stable.
2011-11-02,6,"Consistent with its statutory mandate, the Committee seeks to foster maximum employment and price stability."
2011-11-02,7,The Committee continues to expect a moderate pace of economic growth over coming quarters and consequently anticipates that the unemployment rate will decline only gradually toward levels that the Committee judges to be consistent with its dual mandate.
2011-11-02,8,"Moreover, there are significant downside risks to the economic outlook, including strains in global financial markets."
2011-11-02,9,"The Committee also anticipates that inflation will settle, over coming quarters, at levels at or below those consistent with the Committee's dual mandate as the effects of past energy and other commodity price increases dissipate further."
2011-11-02,10,"However, the Committee will continue to pay close attention to the evolution of inflation and inflation expectations."
2011-11-02,11,"To support a stronger economic recovery and to help ensure that inflation, over time, is at levels consistent with the dual mandate, the Committee decided today to continue its program to extend the average maturity of its holdings of securities as announced in September."
2011-11-02,12,The Committee is maintaining its existing policies of reinvesting principal payments from its holdings of agency debt and agency mortgage-backed securities in agency mortgage-backed securities and of rolling over maturing Treasury securities at auction.
2011-11-02,13,The Committee will regularly review the size and composition of its securities holdings and is prepared to adjust those holdings as appropriate.
2011-11-02,14,The Committee also decided to keep the target range for the federal funds rate at 0 to 1/4 percent and currently anticipates that economic conditions--including low rates of resource utilization and a subdued outlook for inflation over the medium run--are likely to warrant exceptionally low levels for the federal funds rate at least through mid-2013.
2011-11-02,15,The Committee will continue to assess the economic outlook in light of incoming information and is prepared to employ its tools to promote a stronger economic recovery in a context of price stability.
2011-12-13,0,"Information received since the Federal Open Market Committee met in November suggests that the economy has been expanding moderately, notwithstanding some apparent slowing in global growth."
2011-12-13,1,"While indicators point to some improvement in overall labor market conditions, the unemployment rate remains elevated."
2011-12-13,2,"Household spending has continued to advance, but business fixed investment appears to be increasing less rapidly and the housing sector remains depressed."
2011-12-13,3,"Inflation has moderated since earlier in the year, and longer-term inflation expectations have remained stable."
2011-12-13,4,"Consistent with its statutory mandate, the Committee seeks to foster maximum employment and price stability."
2011-12-13,5,The Committee continues to expect a moderate pace of economic growth over coming quarters and consequently anticipates that the unemployment rate will decline only gradually toward levels that the Committee judges to be consistent with its dual mandate.
2011-12-13,6,Strains in global financial markets continue to pose significant downside risks to the economic outlook.
2011-12-13,7,"The Committee also anticipates that inflation will settle, over coming quarters, at levels at or below those consistent with the Committeeâs dual mandate."
2011-12-13,8,"However, the Committee will continue to pay close attention to the evolution of inflation and inflation expectations."
2011-12-13,9,"To support a stronger economic recovery and to help ensure that inflation, over time, is at levels consistent with the dual mandate, the Committee decided today to continue its program to extend the average maturity of its holdings of securities as announced in September."
2011-12-13,10,The Committee is maintaining its existing policies of reinvesting principal payments from its holdings of agency debt and agency mortgage-backed securities in agency mortgage-backed securities and of rolling over maturing Treasury securities at auction.
2011-12-13,11,The Committee will regularly review the size and composition of its securities holdings and is prepared to adjust those holdings as appropriate.
2011-12-13,12,The Committee also decided to keep the target range for the federal funds rate at 0 to 1/4 percent and currently anticipates that economic conditions--including low rates of resource utilization and a subdued outlook for inflation over the medium run--are likely to warrant exceptionally low levels for the federal funds rate at least through mid-2013.
2011-12-13,13,The Committee will continue to assess the economic outlook in light of incoming information and is prepared to employ its tools to promote a stronger economic recovery in a context of price stability.
2012-01-25,0,"Information received since the Federal Open Market Committee met in December suggests that the economy has been expanding moderately, notwithstanding some slowing in global growth."
2012-01-25,1,"While indicators point to some further improvement in overall labor market conditions, the unemployment rate remains elevated."
2012-01-25,2,"Household spending has continued to advance, but growth in business fixed investment has slowed, and the housing sector remains depressed."
2012-01-25,3,"Inflation has been subdued in recent months, and longer-term inflation expectations have remained stable."
2012-01-25,4,"Consistent with its statutory mandate, the Committee seeks to foster maximum employment and price stability."
2012-01-25,5,The Committee expects economic growth over coming quarters to be modest and consequently anticipates that the unemployment rate will decline only gradually toward levels that the Committee judges to be consistent with its dual mandate.
2012-01-25,6,Strains in global financial markets continue to pose significant downside risks to the economic outlook.
2012-01-25,7,"The Committee also anticipates that over coming quarters, inflation will run at levels at or below those consistent with the Committee's dual mandate."
2012-01-25,8,"To support a stronger economic recovery and to help ensure that inflation, over time, is at levels consistent with the dual mandate, the Committee expects to maintain a highly accommodative stance for monetary policy."
2012-01-25,9,"In particular, the Committee decided today to keep the target range for the federal funds rate at 0 to 1/4 percent and currently anticipates that economic conditions--including low rates of resource utilization and a subdued outlook for inflation over the medium run--are likely to warrant exceptionally low levels for the federal funds rate at least through late 2014."
2012-01-25,10,The Committee also decided to continue its program to extend the average maturity of its holdings of securities as announced in September.
2012-01-25,11,The Committee is maintaining its existing policies of reinvesting principal payments from its holdings of agency debt and agency mortgage-backed securities in agency mortgage-backed securities and of rolling over maturing Treasury securities at auction.
2012-01-25,12,The Committee will regularly review the size and composition of its securities holdings and is prepared to adjust those holdings as appropriate to promote a stronger economic recovery in a context of price stability.
2012-03-13,0,Information received since the Federal Open Market Committee met in January suggests that the economy has been expanding moderately.
2012-03-13,1,Labor market conditions have improved further; the unemployment rate has declined notably in recent months but remains elevated.
2012-03-13,2,Household spending and business fixed investment have continued to advance.
2012-03-13,3,The housing sector remains depressed.
2012-03-13,4,"Inflation has been subdued in recent months, although prices of crude oil and gasoline have increased lately."
2012-03-13,5,Longer-term inflation expectations have remained stable.
2012-03-13,6,"Consistent with its statutory mandate, the Committee seeks to foster maximum employment and price stability."
2012-03-13,7,The Committee expects moderate economic growth over coming quarters and consequently anticipates that the unemployment rate will decline gradually toward levels that the Committee judges to be consistent with its dual mandate.
2012-03-13,8,"Strains in global financial markets have eased, though they continue to pose significant downside risks to the economic outlook."
2012-03-13,9,"The recent increase in oil and gasoline prices will push up inflation temporarily, but the Committee anticipates that subsequently inflation will run at or below the rate that it judges most consistent with its dual mandate."
2012-03-13,10,"To support a stronger economic recovery and to help ensure that inflation, over time, is at the rate most consistent with its dual mandate, the Committee expects to maintain a highly accommodative stance for monetary policy."
2012-03-13,11,"In particular, the Committee decided today to keep the target range for the federal funds rate at 0 to 1/4 percent and currently anticipates that economic conditions--including low rates of resource utilization and a subdued outlook for inflation over the medium run--are likely to warrant exceptionally low levels for the federal funds rate at least through late 2014."
2012-03-13,12,The Committee also decided to continue its program to extend the average maturity of its holdings of securities as announced in September.
2012-03-13,13,The Committee is maintaining its existing policies of reinvesting principal payments from its holdings of agency debt and agency mortgage-backed securities in agency mortgage-backed securities and of rolling over maturing Treasury securities at auction.
2012-03-13,14,The Committee will regularly review the size and composition of its securities holdings and is prepared to adjust those holdings as appropriate to promote a stronger economic recovery in a context of price stability.
2012-04-25,0,Information received since the Federal Open Market Committee met in March suggests that the economy has been expanding moderately.
2012-04-25,1,Labor market conditions have improved in recent months; the unemployment rate has declined but remains elevated.
2012-04-25,2,Household spending and business fixed investment have continued to advance.
2012-04-25,3,"Despite some signs of improvement, the housing sector remains depressed."
2012-04-25,4,"Inflation has picked up somewhat, mainly reflecting higher prices of crude oil and gasoline."
2012-04-25,5,"However, longer-term inflation expectations have remained stable."
2012-04-25,6,"Consistent with its statutory mandate, the Committee seeks to foster maximum employment and price stability."
2012-04-25,7,The Committee expects economic growth to remain moderate over coming quarters and then to pick up gradually.
2012-04-25,8,"Consequently, the Committee anticipates that the unemployment rate will decline gradually toward levels that it judges to be consistent with its dual mandate."
2012-04-25,9,Strains in global financial markets continue to pose significant downside risks to the economic outlook.
2012-04-25,10,"The increase in oil and gasoline prices earlier this year is expected to affect inflation only temporarily, and the Committee anticipates that subsequently inflation will run at or below the rate that it judges most consistent with its dual mandate."
2012-04-25,11,"To support a stronger economic recovery and to help ensure that inflation, over time, is at the rate most consistent with its dual mandate, the Committee expects to maintain a highly accommodative stance for monetary policy."
2012-04-25,12,"In particular, the Committee decided today to keep the target range for the federal funds rate at 0 to 1/4 percent and currently anticipates that economic conditions--including low rates of resource utilization and a subdued outlook for inflation over the medium run--are likely to warrant exceptionally low levels for the federal funds rate at least through late 2014."
2012-04-25,13,The Committee also decided to continue its program to extend the average maturity of its holdings of securities as announced in September.
2012-04-25,14,The Committee is maintaining its existing policies of reinvesting principal payments from its holdings of agency debt and agency mortgage-backed securities in agency mortgage-backed securities and of rolling over maturing Treasury securities at auction.
2012-04-25,15,The Committee will regularly review the size and composition of its securities holdings and is prepared to adjust those holdings as appropriate to promote a stronger economic recovery in a context of price stability.
2012-06-20,0,Information received since the Federal Open Market Committee met in April suggests that the economy has been expanding moderately this year.
2012-06-20,1,"However, growth in employment has slowed in recent months, and the unemployment rate remains elevated."
2012-06-20,2,Business fixed investment has continued to advance.
2012-06-20,3,Household spending appears to be rising at a somewhat slower pace than earlier in the year.
2012-06-20,4,"Despite some signs of improvement, the housing sector remains depressed."
2012-06-20,5,"Inflation has declined, mainly reflecting lower prices of crude oil and gasoline, and longer-term inflation expectations have remained stable."
2012-06-20,6,"Consistent with its statutory mandate, the Committee seeks to foster maximum employment and price stability."
2012-06-20,7,The Committee expects economic growth to remain moderate over coming quarters and then to pick up very gradually.
2012-06-20,8,"Consequently, the Committee anticipates that the unemployment rate will decline only slowly toward levels that it judges to be consistent with its dual mandate."
2012-06-20,9,"Furthermore, strains in global financial markets continue to pose significant downside risks to the economic outlook."
2012-06-20,10,The Committee anticipates that inflation over the medium term will run at or below the rate that it judges most consistent with its dual mandate.
2012-06-20,11,"To support a stronger economic recovery and to help ensure that inflation, over time, is at the rate most consistent with its dual mandate, the Committee expects to maintain a highly accommodative stance for monetary policy."
2012-06-20,12,"In particular, the Committee decided today to keep the target range for the federal funds rate at 0 to 1/4 percent and currently anticipates that economic conditions--including low rates of resource utilization and a subdued outlook for inflation over the medium run--are likely to warrant exceptionally low levels for the federal funds rate at least through late 2014."
2012-06-20,13,The Committee also decided to continue through the end of the year its program to extend the average maturity of its holdings of securities.
2012-06-20,14,"Specifically, the Committee intends to purchase Treasury securities with remaining maturities of 6 years to 30 years at the current pace and to sell or redeem an equal amount of Treasury securities with remaining maturities of approximately 3 years or less."
2012-06-20,15,This continuation of the maturity extension program should put downward pressure on longer-term interest rates and help to make broader financial conditions more accommodative.
2012-06-20,16,The Committee is maintaining its existing policy of reinvesting principal payments from its holdings of agency debt and agency mortgage-backed securities in agency mortgage-backed securities.
2012-06-20,17,The Committee is prepared to take further action as appropriate to promote a stronger economic recovery and sustained improvement in labor market conditions in a context of price stability.
2012-08-01,0,Information received since the Federal Open Market Committee met in June suggests that economic activity decelerated somewhat over the first half of this year.
2012-08-01,1,"Growth in employment has been slow in recent months, and the unemployment rate remains elevated."
2012-08-01,2,Business fixed investment has continued to advance.
2012-08-01,3,Household spending has been rising at a somewhat slower pace than earlier in the year.
2012-08-01,4,"Despite some further signs of improvement, the housing sector remains depressed."
2012-08-01,5,"Inflation has declined since earlier this year, mainly reflecting lower prices of crude oil and gasoline, and longer-term inflation expectations have remained stable."
2012-08-01,6,"Consistent with its statutory mandate, the Committee seeks to foster maximum employment and price stability."
2012-08-01,7,The Committee expects economic growth to remain moderate over coming quarters and then to pick up very gradually.
2012-08-01,8,"Consequently, the Committee anticipates that the unemployment rate will decline only slowly toward levels that it judges to be consistent with its dual mandate."
2012-08-01,9,"Furthermore, strains in global financial markets continue to pose significant downside risks to the economic outlook."
2012-08-01,10,The Committee anticipates that inflation over the medium term will run at or below the rate that it judges most consistent with its dual mandate.
2012-08-01,11,"To support a stronger economic recovery and to help ensure that inflation, over time, is at the rate most consistent with its dual mandate, the Committee expects to maintain a highly accommodative stance for monetary policy."
2012-08-01,12,"In particular, the Committee decided today to keep the target range for the federal funds rate at 0 to 1/4 percent and currently anticipates that economic conditions--including low rates of resource utilization and a subdued outlook for inflation over the medium run--are likely to warrant exceptionally low levels for the federal funds rate at least through late 2014."
2012-08-01,13,"The Committee also decided to continue through the end of the year its program to extend the average maturity of its holdings of securities as announced in June, and it is maintaining its existing policy of reinvesting principal payments from its holdings of agency debt and agency mortgage-backed securities in agency mortgage-backed securities."
2012-08-01,14,The Committee will closely monitor incoming information on economic and financial developments and will provide additional accommodation as needed to promote a stronger economic recovery and sustained improvement in labor market conditions in a context of price stability.
2012-09-13,0,Information received since the Federal Open Market Committee met in August suggests that economic activity has continued to expand at a moderate pace in recent months.
2012-09-13,1,"Growth in employment has been slow, and the unemployment rate remains elevated."
2012-09-13,2,"Household spending has continued to advance, but growth in business fixed investment appears to have slowed."
2012-09-13,3,"The housing sector has shown some further signs of improvement, albeit from a depressed level."
2012-09-13,4,"Inflation has been subdued, although the prices of some key commodities have increased recently."
2012-09-13,5,Longer-term inflation expectations have remained stable.
2012-09-13,6,"Consistent with its statutory mandate, the Committee seeks to foster maximum employment and price stability."
2012-09-13,7,"The Committee is concerned that, without further policy accommodation, economic growth might not be strong enough to generate sustained improvement in labor market conditions."
2012-09-13,8,"Furthermore, strains in global financial markets continue to pose significant downside risks to the economic outlook."
2012-09-13,9,The Committee also anticipates that inflation over the medium term likely would run at or below its 2 percent objective.
2012-09-13,10,"To support a stronger economic recovery and to help ensure that inflation, over time, is at the rate most consistent with its dual mandate, the Committee agreed today to increase policy accommodation by purchasing additional agency mortgage-backed securities at a pace of $40 billion per month."
2012-09-13,11,"The Committee also will continue through the end of the year its program to extend the average maturity of its holdings of securities as announced in June, and it is maintaining its existing policy of reinvesting principal payments from its holdings of agency debt and agency mortgage-backed securities in agency mortgage-backed securities."
2012-09-13,12,"These actions, which together will increase the Committeeâs holdings of longer-term securities by about $85 billion each month through the end of the year, should put downward pressure on longer-term interest rates, support mortgage markets, and help to make broader financial conditions more accommodative."
2012-09-13,13,The Committee will closely monitor incoming information on economic and financial developments in coming months.
2012-09-13,14,"If the outlook for the labor market does not improve substantially, the Committee will continue its purchases of agency mortgage-backed securities, undertake additional asset purchases, and employ its other policy tools as appropriate until such improvement is achieved in a context of price stability."
2012-09-13,15,"In determining the size, pace, and composition of its asset purchases, the Committee will, as always, take appropriate account of the likely efficacy and costs of such purchases."
2012-09-13,16,"To support continued progress toward maximum employment and price stability, the Committee expects that a highly accommodative stance of monetary policy will remain appropriate for a considerable time after the economic recovery strengthens."
2012-09-13,17,"In particular, the Committee also decided today to keep the target range for the federal funds rate at 0 to 1/4 percent and currently anticipates that exceptionally low levels for the federal funds rate are likely to be warranted at least through mid-2015."
2012-10-24,0,Information received since the Federal Open Market Committee met in September suggests that economic activity has continued to expand at a moderate pace in recent months.
2012-10-24,1,"Growth in employment has been slow, and the unemployment rate remains elevated."
2012-10-24,2,"Household spending has advanced a bit more quickly, but growth in business fixed investment has slowed."
2012-10-24,3,"The housing sector has shown some further signs of improvement, albeit from a depressed level."
2012-10-24,4,"Inflation recently picked up somewhat, reflecting higher energy prices."
2012-10-24,5,Longer-term inflation expectations have remained stable.
2012-10-24,6,"Consistent with its statutory mandate, the Committee seeks to foster maximum employment and price stability."
2012-10-24,7,"The Committee remains concerned that, without sufficient policy accommodation, economic growth might not be strong enough to generate sustained improvement in labor market conditions."
2012-10-24,8,"Furthermore, strains in global financial markets continue to pose significant downside risks to the economic outlook."
2012-10-24,9,The Committee also anticipates that inflation over the medium term likely would run at or below its 2 percent objective.
2012-10-24,10,"To support a stronger economic recovery and to help ensure that inflation, over time, is at the rate most consistent with its dual mandate, the Committee will continue purchasing additional agency mortgage-backed securities at a pace of $40 billion per month."
2012-10-24,11,"The Committee also will continue through the end of the year its program to extend the average maturity of its holdings of Treasury securities, and it is maintaining its existing policy of reinvesting principal payments from its holdings of agency debt and agency mortgage-backed securities in agency mortgage-backed securities."
2012-10-24,12,"These actions, which together will increase the Committeeâs holdings of longer-term securities by about $85 billion each month through the end of the year, should put downward pressure on longer-term interest rates, support mortgage markets, and help to make broader financial conditions more accommodative."
2012-10-24,13,The Committee will closely monitor incoming information on economic and financial developments in coming months.
2012-10-24,14,"If the outlook for the labor market does not improve substantially, the Committee will continue its purchases of agency mortgage-backed securities, undertake additional asset purchases, and employ its other policy tools as appropriate until such improvement is achieved in a context of price stability."
2012-10-24,15,"In determining the size, pace, and composition of its asset purchases, the Committee will, as always, take appropriate account of the likely efficacy and costs of such purchases."
2012-10-24,16,"To support continued progress toward maximum employment and price stability, the Committee expects that a highly accommodative stance of monetary policy will remain appropriate for a considerable time after the economic recovery strengthens."
2012-10-24,17,"In particular, the Committee also decided today to keep the target range for the federal funds rate at 0 to 1/4 percent and currently anticipates that exceptionally low levels for the federal funds rate are likely to be warranted at least through mid-2015."
2012-12-12,0,"Information received since the Federal Open Market Committee met in October suggests that economic activity and employment have continued to expand at a moderate pace in recent months, apart from weather-related disruptions."
2012-12-12,1,"Although the unemployment rate has declined somewhat since the summer, it remains elevated."
2012-12-12,2,"Household spending has continued to advance, and the housing sector has shown further signs of improvement, but growth in business fixed investment has slowed."
2012-12-12,3,"Inflation has been running somewhat below the Committeeâs longer-run objective, apart from temporary variations that largely reflect fluctuations in energy prices."
2012-12-12,4,Longer-term inflation expectations have remained stable.
2012-12-12,5,"Consistent with its statutory mandate, the Committee seeks to foster maximum employment and price stability."
2012-12-12,6,"The Committee remains concerned that, without sufficient policy accommodation, economic growth might not be strong enough to generate sustained improvement in labor market conditions."
2012-12-12,7,"Furthermore, strains in global financial markets continue to pose significant downside risks to the economic outlook."
2012-12-12,8,The Committee also anticipates that inflation over the medium term likely will run at or below its 2 percent objective.
2012-12-12,9,"To support a stronger economic recovery and to help ensure that inflation, over time, is at the rate most consistent with its dual mandate, the Committee will continue purchasing additional agency mortgage-backed securities at a pace of $40 billion per month."
2012-12-12,10,"The Committee also will purchase longer-term Treasury securities after its program to extend the average maturity of its holdings of Treasury securities is completed at the end of the year, initially at a pace of $45 billion per month."
2012-12-12,11,"The Committee is maintaining its existing policy of reinvesting principal payments from its holdings of agency debt and agency mortgage-backed securities in agency mortgage-backed securities and, in January, will resume rolling over maturing Treasury securities at auction."
2012-12-12,12,"Taken together, these actions should maintain downward pressure on longer-term interest rates, support mortgage markets, and help to make broader financial conditions more accommodative."
2012-12-12,13,The Committee will closely monitor incoming information on economic and financial developments in coming months.
2012-12-12,14,"If the outlook for the labor market does not improve substantially, the Committee will continue its purchases of Treasury and agency mortgage-backed securities, and employ its other policy tools as appropriate, until such improvement is achieved in a context of price stability."
2012-12-12,15,"In determining the size, pace, and composition of its asset purchases, the Committee will, as always, take appropriate account of the likely efficacy and costs of such purchases."
2012-12-12,16,"To support continued progress toward maximum employment and price stability, the Committee expects that a highly accommodative stance of monetary policy will remain appropriate for a considerable time after the asset purchase program ends and the economic recovery strengthens."
2012-12-12,17,"In particular, the Committee decided to keep the target range for the federal funds rate at 0 to 1/4 percent and currently anticipates that this exceptionally low range for the federal funds rate will be appropriate at least as long as the unemployment rate remains above 6-1/2 percent, inflation between one and two years ahead is projected to be no more than a half percentage point above the Committeeâs 2 percent longer-run goal, and longer-term inflation expectations continue to be well anchored."
2012-12-12,18,The Committee views these thresholds as consistent with its earlier date-based guidance.
2012-12-12,19,"In determining how long to maintain a highly accommodative stance of monetary policy, the Committee will also consider other information, including additional measures of labor market conditions, indicators of inflation pressures and inflation expectations, and readings on financial developments."
2012-12-12,20,"When the Committee decides to begin to remove policy accommodation, it will take a balanced approach consistent with its longer-run goals of maximum employment and inflation of 2 percent."
2013-01-30,0,"Information received since the Federal Open Market Committee met in December suggests that growth in economic activity paused in recent months, in large part because of weather-related disruptions and other transitory factors."
2013-01-30,1,Employment has continued to expand at a moderate pace but the unemployment rate remains elevated.
2013-01-30,2,"Household spending and business fixed investment advanced, and the housing sector has shown further improvement."
2013-01-30,3,"Inflation has been running somewhat below the Committeeâs longer-run objective, apart from temporary variations that largely reflect fluctuations in energy prices."
2013-01-30,4,Longer-term inflation expectations have remained stable.
2013-01-30,5,"Consistent with its statutory mandate, the Committee seeks to foster maximum employment and price stability."
2013-01-30,6,"The Committee expects that, with appropriate policy accommodation, economic growth will proceed at a moderate pace and the unemployment rate will gradually decline toward levels the Committee judges consistent with its dual mandate."
2013-01-30,7,"Although strains in global financial markets have eased somewhat, the Committee continues to see downside risks to the economic outlook."
2013-01-30,8,The Committee also anticipates that inflation over the medium term likely will run at or below its 2 percent objective.
2013-01-30,9,"To support a stronger economic recovery and to help ensure that inflation, over time, is at the rate most consistent with its dual mandate, the Committee will continue purchasing additional agency mortgage-backed securities at a pace of $40 billion per month and longer-term Treasury securities at a pace of $45 billion per month."
2013-01-30,10,The Committee is maintaining its existing policy of reinvesting principal payments from its holdings of agency debt and agency mortgage-backed securities in agency mortgage-backed securities and of rolling over maturing Treasury securities at auction.
2013-01-30,11,"Taken together, these actions should maintain downward pressure on longer-term interest rates, support mortgage markets, and help to make broader financial conditions more accommodative."
2013-01-30,12,The Committee will closely monitor incoming information on economic and financial developments in coming months.
2013-01-30,13,"If the outlook for the labor market does not improve substantially, the Committee will continue its purchases of Treasury and agency mortgage-backed securities, and employ its other policy tools as appropriate, until such improvement is achieved in a context of price stability."
2013-01-30,14,"In determining the size, pace, and composition of its asset purchases, the Committee will, as always, take appropriate account of the likely efficacy and costs of such purchases."
2013-01-30,15,"To support continued progress toward maximum employment and price stability, the Committee expects that a highly accommodative stance of monetary policy will remain appropriate for a considerable time after the asset purchase program ends and the economic recovery strengthens."
2013-01-30,16,"In particular, the Committee decided to keep the target range for the federal funds rate at 0 to 1/4 percent and currently anticipates that this exceptionally low range for the federal funds rate will be appropriate at least as long as the unemployment rate remains above 6-1/2 percent, inflation between one and two years ahead is projected to be no more than a half percentage point above the Committeeâs 2 percent longer-run goal, and longer-term inflation expectations continue to be well anchored."
2013-01-30,17,"In determining how long to maintain a highly accommodative stance of monetary policy, the Committee will also consider other information, including additional measures of labor market conditions, indicators of inflation pressures and inflation expectations, and readings on financial developments."
2013-01-30,18,"When the Committee decides to begin to remove policy accommodation, it will take a balanced approach consistent with its longer-run goals of maximum employment and inflation of 2 percent."
2013-03-20,0,Information received since the Federal Open Market Committee met in January suggests a return to moderate economic growth following a pause late last year.
2013-03-20,1,Labor market conditions have shown signs of improvement in recent months but the unemployment rate remains elevated.
2013-03-20,2,"Household spending and business fixed investment advanced, and the housing sector has strengthened further, but fiscal policy has become somewhat more restrictive."
2013-03-20,3,"Inflation has been running somewhat below the Committee's longer-run objective, apart from temporary variations that largely reflect fluctuations in energy prices."
2013-03-20,4,Longer-term inflation expectations have remained stable.
2013-03-20,5,"Consistent with its statutory mandate, the Committee seeks to foster maximum employment and price stability."
2013-03-20,6,"The Committee expects that, with appropriate policy accommodation, economic growth will proceed at a moderate pace and the unemployment rate will gradually decline toward levels the Committee judges consistent with its dual mandate."
2013-03-20,7,The Committee continues to see downside risks to the economic outlook.
2013-03-20,8,The Committee also anticipates that inflation over the medium term likely will run at or below its 2 percent objective.
2013-03-20,9,"To support a stronger economic recovery and to help ensure that inflation, over time, is at the rate most consistent with its dual mandate, the Committee decided to continue purchasing additional agency mortgage-backed securities at a pace of $40 billion per month and longer-term Treasury securities at a pace of $45 billion per month."
2013-03-20,10,The Committee is maintaining its existing policy of reinvesting principal payments from its holdings of agency debt and agency mortgage-backed securities in agency mortgage-backed securities and of rolling over maturing Treasury securities at auction.
2013-03-20,11,"Taken together, these actions should maintain downward pressure on longer-term interest rates, support mortgage markets, and help to make broader financial conditions more accommodative."
2013-03-20,12,The Committee will closely monitor incoming information on economic and financial developments in coming months.
2013-03-20,13,"The Committee will continue its purchases of Treasury and agency mortgage-backed securities, and employ its other policy tools as appropriate, until the outlook for the labor market has improved substantially in a context of price stability."
2013-03-20,14,"In determining the size, pace, and composition of its asset purchases, the Committee will continue to take appropriate account of the likely efficacy and costs of such purchases as well as the extent of progress toward its economic objectives."
2013-03-20,15,"To support continued progress toward maximum employment and price stability, the Committee expects that a highly accommodative stance of monetary policy will remain appropriate for a considerable time after the asset purchase program ends and the economic recovery strengthens."
2013-03-20,16,"In particular, the Committee decided to keep the target range for the federal funds rate at 0 to 1/4 percent and currently anticipates that this exceptionally low range for the federal funds rate will be appropriate at least as long as the unemployment rate remains above 6-1/2 percent, inflation between one and two years ahead is projected to be no more than a half percentage point above the Committee's 2 percent longer-run goal, and longer-term inflation expectations continue to be well anchored."
2013-03-20,17,"In determining how long to maintain a highly accommodative stance of monetary policy, the Committee will also consider other information, including additional measures of labor market conditions, indicators of inflation pressures and inflation expectations, and readings on financial developments."
2013-03-20,18,"When the Committee decides to begin to remove policy accommodation, it will take a balanced approach consistent with its longer-run goals of maximum employment and inflation of 2 percent."
2013-05-01,0,Information received since the Federal Open Market Committee met in March suggests that economic activity has been expanding at a moderate pace.
2013-05-01,1,"Labor market conditions have shown some improvement in recent months, on balance, but the unemployment rate remains elevated."
2013-05-01,2,"Household spending and business fixed investment advanced, and the housing sector has strengthened further, but fiscal policy is restraining economic growth."
2013-05-01,3,"Inflation has been running somewhat below the Committee's longer-run objective, apart from temporary variations that largely reflect fluctuations in energy prices."
2013-05-01,4,Longer-term inflation expectations have remained stable.
2013-05-01,5,"Consistent with its statutory mandate, the Committee seeks to foster maximum employment and price stability."
2013-05-01,6,"The Committee expects that, with appropriate policy accommodation, economic growth will proceed at a moderate pace and the unemployment rate will gradually decline toward levels the Committee judges consistent with its dual mandate."
2013-05-01,7,The Committee continues to see downside risks to the economic outlook.
2013-05-01,8,The Committee also anticipates that inflation over the medium term likely will run at or below its 2 percent objective.
2013-05-01,9,"To support a stronger economic recovery and to help ensure that inflation, over time, is at the rate most consistent with its dual mandate, the Committee decided to continue purchasing additional agency mortgage-backed securities at a pace of $40 billion per month and longer-term Treasury securities at a pace of $45 billion per month."
2013-05-01,10,The Committee is maintaining its existing policy of reinvesting principal payments from its holdings of agency debt and agency mortgage-backed securities in agency mortgage-backed securities and of rolling over maturing Treasury securities at auction.
2013-05-01,11,"Taken together, these actions should maintain downward pressure on longer-term interest rates, support mortgage markets, and help to make broader financial conditions more accommodative."
2013-05-01,12,The Committee will closely monitor incoming information on economic and financial developments in coming months.
2013-05-01,13,"The Committee will continue its purchases of Treasury and agency mortgage-backed securities, and employ its other policy tools as appropriate, until the outlook for the labor market has improved substantially in a context of price stability."
2013-05-01,14,The Committee is prepared to increase or reduce the pace of its purchases to maintain appropriate policy accommodation as the outlook for the labor market or inflation changes.
2013-05-01,15,"In determining the size, pace, and composition of its asset purchases, the Committee will continue to take appropriate account of the likely efficacy and costs of such purchases as well as the extent of progress toward its economic objectives."
2013-05-01,16,"To support continued progress toward maximum employment and price stability, the Committee expects that a highly accommodative stance of monetary policy will remain appropriate for a considerable time after the asset purchase program ends and the economic recovery strengthens."
2013-05-01,17,"In particular, the Committee decided to keep the target range for the federal funds rate at 0 to 1/4 percent and currently anticipates that this exceptionally low range for the federal funds rate will be appropriate at least as long as the unemployment rate remains above 6-1/2 percent, inflation between one and two years ahead is projected to be no more than a half percentage point above the Committee's 2 percent longer-run goal, and longer-term inflation expectations continue to be well anchored."
2013-05-01,18,"In determining how long to maintain a highly accommodative stance of monetary policy, the Committee will also consider other information, including additional measures of labor market conditions, indicators of inflation pressures and inflation expectations, and readings on financial developments."
2013-05-01,19,"When the Committee decides to begin to remove policy accommodation, it will take a balanced approach consistent with its longer-run goals of maximum employment and inflation of 2 percent."
2013-06-19,0,Information received since the Federal Open Market Committee met in May suggests that economic activity has been expanding at a moderate pace.
2013-06-19,1,"Labor market conditions have shown further improvement in recent months, on balance, but the unemployment rate remains elevated."
2013-06-19,2,"Household spending and business fixed investment advanced, and the housing sector has strengthened further, but fiscal policy is restraining economic growth."
2013-06-19,3,"Partly reflecting transitory influences, inflation has been running below the Committee's longer-run objective, but longer-term inflation expectations have remained stable."
2013-06-19,4,"Consistent with its statutory mandate, the Committee seeks to foster maximum employment and price stability."
2013-06-19,5,"The Committee expects that, with appropriate policy accommodation, economic growth will proceed at a moderate pace and the unemployment rate will gradually decline toward levels the Committee judges consistent with its dual mandate."
2013-06-19,6,The Committee sees the downside risks to the outlook for the economy and the labor market as having diminished since the fall.
2013-06-19,7,The Committee also anticipates that inflation over the medium term likely will run at or below its 2 percent objective.
2013-06-19,8,"To support a stronger economic recovery and to help ensure that inflation, over time, is at the rate most consistent with its dual mandate, the Committee decided to continue purchasing additional agency mortgage-backed securities at a pace of $40 billion per month and longer-term Treasury securities at a pace of $45 billion per month."
2013-06-19,9,The Committee is maintaining its existing policy of reinvesting principal payments from its holdings of agency debt and agency mortgage-backed securities in agency mortgage-backed securities and of rolling over maturing Treasury securities at auction.
2013-06-19,10,"Taken together, these actions should maintain downward pressure on longer-term interest rates, support mortgage markets, and help to make broader financial conditions more accommodative."
2013-06-19,11,The Committee will closely monitor incoming information on economic and financial developments in coming months.
2013-06-19,12,"The Committee will continue its purchases of Treasury and agency mortgage-backed securities, and employ its other policy tools as appropriate, until the outlook for the labor market has improved substantially in a context of price stability."
2013-06-19,13,The Committee is prepared to increase or reduce the pace of its purchases to maintain appropriate policy accommodation as the outlook for the labor market or inflation changes.
2013-06-19,14,"In determining the size, pace, and composition of its asset purchases, the Committee will continue to take appropriate account of the likely efficacy and costs of such purchases as well as the extent of progress toward its economic objectives."
2013-06-19,15,"To support continued progress toward maximum employment and price stability, the Committee expects that a highly accommodative stance of monetary policy will remain appropriate for a considerable time after the asset purchase program ends and the economic recovery strengthens."
2013-06-19,16,"In particular, the Committee decided to keep the target range for the federal funds rate at 0 to 1/4 percent and currently anticipates that this exceptionally low range for the federal funds rate will be appropriate at least as long as the unemployment rate remains above 6-1/2 percent, inflation between one and two years ahead is projected to be no more than a half percentage point above the Committee's 2 percent longer-run goal, and longer-term inflation expectations continue to be well anchored."
2013-06-19,17,"In determining how long to maintain a highly accommodative stance of monetary policy, the Committee will also consider other information, including additional measures of labor market conditions, indicators of inflation pressures and inflation expectations, and readings on financial developments."
2013-06-19,18,"When the Committee decides to begin to remove policy accommodation, it will take a balanced approach consistent with its longer-run goals of maximum employment and inflation of 2 percent."
2013-07-31,0,Information received since the Federal Open Market Committee met in June suggests that economic activity expanded at a modest pace during the first half of the year.
2013-07-31,1,"Labor market conditions have shown further improvement in recent months, on balance, but the unemployment rate remains elevated."
2013-07-31,2,"Household spending and business fixed investment advanced, and the housing sector has been strengthening, but mortgage rates have risen somewhat and fiscal policy is restraining economic growth."
2013-07-31,3,"Partly reflecting transitory influences, inflation has been running below the Committee's longer-run objective, but longer-term inflation expectations have remained stable."
2013-07-31,4,"Consistent with its statutory mandate, the Committee seeks to foster maximum employment and price stability."
2013-07-31,5,"The Committee expects that, with appropriate policy accommodation, economic growth will pick up from its recent pace and the unemployment rate will gradually decline toward levels the Committee judges consistent with its dual mandate."
2013-07-31,6,The Committee sees the downside risks to the outlook for the economy and the labor market as having diminished since the fall.
2013-07-31,7,"The Committee recognizes that inflation persistently below its 2 percent objective could pose risks to economic performance, but it anticipates that inflation will move back toward its objective over the medium term."
2013-07-31,8,"To support a stronger economic recovery and to help ensure that inflation, over time, is at the rate most consistent with its dual mandate, the Committee decided to continue purchasing additional agency mortgage-backed securities at a pace of $40 billion per month and longer-term Treasury securities at a pace of $45 billion per month."
2013-07-31,9,The Committee is maintaining its existing policy of reinvesting principal payments from its holdings of agency debt and agency mortgage-backed securities in agency mortgage-backed securities and of rolling over maturing Treasury securities at auction.
2013-07-31,10,"Taken together, these actions should maintain downward pressure on longer-term interest rates, support mortgage markets, and help to make broader financial conditions more accommodative."
2013-07-31,11,The Committee will closely monitor incoming information on economic and financial developments in coming months.
2013-07-31,12,"The Committee will continue its purchases of Treasury and agency mortgage-backed securities, and employ its other policy tools as appropriate, until the outlook for the labor market has improved substantially in a context of price stability."
2013-07-31,13,The Committee is prepared to increase or reduce the pace of its purchases to maintain appropriate policy accommodation as the outlook for the labor market or inflation changes.
2013-07-31,14,"In determining the size, pace, and composition of its asset purchases, the Committee will continue to take appropriate account of the likely efficacy and costs of such purchases as well as the extent of progress toward its economic objectives."
2013-07-31,15,"To support continued progress toward maximum employment and price stability, the Committee today reaffirmed its view that a highly accommodative stance of monetary policy will remain appropriate for a considerable time after the asset purchase program ends and the economic recovery strengthens."
2013-07-31,16,"In particular, the Committee decided to keep the target range for the federal funds rate at 0 to 1/4 percent and currently anticipates that this exceptionally low range for the federal funds rate will be appropriate at least as long as the unemployment rate remains above 6-1/2 percent, inflation between one and two years ahead is projected to be no more than a half percentage point above the Committee's 2 percent longer-run goal, and longer-term inflation expectations continue to be well anchored."
2013-07-31,17,"In determining how long to maintain a highly accommodative stance of monetary policy, the Committee will also consider other information, including additional measures of labor market conditions, indicators of inflation pressures and inflation expectations, and readings on financial developments."
2013-07-31,18,"When the Committee decides to begin to remove policy accommodation, it will take a balanced approach consistent with its longer-run goals of maximum employment and inflation of 2 percent."
2013-09-18,0,Information received since the Federal Open Market Committee met in July suggests that economic activity has been expanding at a moderate pace.
2013-09-18,1,"Some indicators of labor market conditions have shown further improvement in recent months, but the unemployment rate remains elevated."
2013-09-18,2,"Household spending and business fixed investment advanced, and the housing sector has been strengthening, but mortgage rates have risen further and fiscal policy is restraining economic growth."
2013-09-18,3,"Apart from fluctuations due to changes in energy prices, inflation has been running below the Committee's longer-run objective, but longer-term inflation expectations have remained stable."
2013-09-18,4,"Consistent with its statutory mandate, the Committee seeks to foster maximum employment and price stability."
2013-09-18,5,"The Committee expects that, with appropriate policy accommodation, economic growth will pick up from its recent pace and the unemployment rate will gradually decline toward levels the Committee judges consistent with its dual mandate."
2013-09-18,6,"The Committee sees the downside risks to the outlook for the economy and the labor market as having diminished, on net, since last fall, but the tightening of financial conditions observed in recent months, if sustained, could slow the pace of improvement in the economy and labor market."
2013-09-18,7,"The Committee recognizes that inflation persistently below its 2 percent objective could pose risks to economic performance, but it anticipates that inflation will move back toward its objective over the medium term."
2013-09-18,8,"Taking into account the extent of federal fiscal retrenchment, the Committee sees the improvement in economic activity and labor market conditions since it began its asset purchase program a year ago as consistent with growing underlying strength in the broader economy."
2013-09-18,9,"However, the Committee decided to await more evidence that progress will be sustained before adjusting the pace of its purchases."
2013-09-18,10,"Accordingly, the Committee decided to continue purchasing additional agency mortgage-backed securities at a pace of $40 billion per month and longer-term Treasury securities at a pace of $45 billion per month."
2013-09-18,11,The Committee is maintaining its existing policy of reinvesting principal payments from its holdings of agency debt and agency mortgage-backed securities in agency mortgage-backed securities and of rolling over maturing Treasury securities at auction.
2013-09-18,12,"Taken together, these actions should maintain downward pressure on longer-term interest rates, support mortgage markets, and help to make broader financial conditions more accommodative, which in turn should promote a stronger economic recovery and help to ensure that inflation, over time, is at the rate most consistent with the Committee's dual mandate."
2013-09-18,13,"The Committee will closely monitor incoming information on economic and financial developments in coming months and will continue its purchases of Treasury and agency mortgage-backed securities, and employ its other policy tools as appropriate, until the outlook for the labor market has improved substantially in a context of price stability."
2013-09-18,14,"In judging when to moderate the pace of asset purchases, the Committee will, at its coming meetings, assess whether incoming information continues to support the Committee's expectation of ongoing improvement in labor market conditions and inflation moving back toward its longer-run objective."
2013-09-18,15,"Asset purchases are not on a preset course, and the Committee's decisions about their pace will remain contingent on the Committee's economic outlook as well as its assessment of the likely efficacy and costs of such purchases."
2013-09-18,16,"To support continued progress toward maximum employment and price stability, the Committee today reaffirmed its view that a highly accommodative stance of monetary policy will remain appropriate for a considerable time after the asset purchase program ends and the economic recovery strengthens."
2013-09-18,17,"In particular, the Committee decided to keep the target range for the federal funds rate at 0 to 1/4 percent and currently anticipates that this exceptionally low range for the federal funds rate will be appropriate at least as long as the unemployment rate remains above 6-1/2 percent, inflation between one and two years ahead is projected to be no more than a half percentage point above the Committee's 2 percent longer-run goal, and longer-term inflation expectations continue to be well anchored."
2013-09-18,18,"In determining how long to maintain a highly accommodative stance of monetary policy, the Committee will also consider other information, including additional measures of labor market conditions, indicators of inflation pressures and inflation expectations, and readings on financial developments."
2013-09-18,19,"When the Committee decides to begin to remove policy accommodation, it will take a balanced approach consistent with its longer-run goals of maximum employment and inflation of 2 percent."
2013-10-30,0,Information received since the Federal Open Market Committee met in September generally suggests that economic activity has continued to expand at a moderate pace.
2013-10-30,1,"Indicators of labor market conditions have shown some further improvement, but the unemployment rate remains elevated."
2013-10-30,2,"Available data suggest that household spending and business fixed investment advanced, while the recovery in the housing sector slowed somewhat in recent months."
2013-10-30,3,Fiscal policy is restraining economic growth.
2013-10-30,4,"Apart from fluctuations due to changes in energy prices, inflation has been running below the Committee's longer-run objective, but longer-term inflation expectations have remained stable."
2013-10-30,5,"Consistent with its statutory mandate, the Committee seeks to foster maximum employment and price stability."
2013-10-30,6,"The Committee expects that, with appropriate policy accommodation, economic growth will pick up from its recent pace and the unemployment rate will gradually decline toward levels the Committee judges consistent with its dual mandate."
2013-10-30,7,"The Committee sees the downside risks to the outlook for the economy and the labor market as having diminished, on net, since last fall."
2013-10-30,8,"The Committee recognizes that inflation persistently below its 2 percent objective could pose risks to economic performance, but it anticipates that inflation will move back toward its objective over the medium term."
2013-10-30,9,"Taking into account the extent of federal fiscal retrenchment over the past year, the Committee sees the improvement in economic activity and labor market conditions since it began its asset purchase program as consistent with growing underlying strength in the broader economy."
2013-10-30,10,"However, the Committee decided to await more evidence that progress will be sustained before adjusting the pace of its purchases."
2013-10-30,11,"Accordingly, the Committee decided to continue purchasing additional agency mortgage-backed securities at a pace of $40 billion per month and longer-term Treasury securities at a pace of $45 billion per month."
2013-10-30,12,The Committee is maintaining its existing policy of reinvesting principal payments from its holdings of agency debt and agency mortgage-backed securities in agency mortgage-backed securities and of rolling over maturing Treasury securities at auction.
2013-10-30,13,"Taken together, these actions should maintain downward pressure on longer-term interest rates, support mortgage markets, and help to make broader financial conditions more accommodative, which in turn should promote a stronger economic recovery and help to ensure that inflation, over time, is at the rate most consistent with the Committee's dual mandate."
2013-10-30,14,"The Committee will closely monitor incoming information on economic and financial developments in coming months and will continue its purchases of Treasury and agency mortgage-backed securities, and employ its other policy tools as appropriate, until the outlook for the labor market has improved substantially in a context of price stability."
2013-10-30,15,"In judging when to moderate the pace of asset purchases, the Committee will, at its coming meetings, assess whether incoming information continues to support the Committee's expectation of ongoing improvement in labor market conditions and inflation moving back toward its longer-run objective."
2013-10-30,16,"Asset purchases are not on a preset course, and the Committee's decisions about their pace will remain contingent on the Committee's economic outlook as well as its assessment of the likely efficacy and costs of such purchases."
2013-10-30,17,"To support continued progress toward maximum employment and price stability, the Committee today reaffirmed its view that a highly accommodative stance of monetary policy will remain appropriate for a considerable time after the asset purchase program ends and the economic recovery strengthens."
2013-10-30,18,"In particular, the Committee decided to keep the target range for the federal funds rate at 0 to 1/4 percent and currently anticipates that this exceptionally low range for the federal funds rate will be appropriate at least as long as the unemployment rate remains above 6-1/2 percent, inflation between one and two years ahead is projected to be no more than a half percentage point above the Committee's 2 percent longer-run goal, and longer-term inflation expectations continue to be well anchored."
2013-10-30,19,"In determining how long to maintain a highly accommodative stance of monetary policy, the Committee will also consider other information, including additional measures of labor market conditions, indicators of inflation pressures and inflation expectations, and readings on financial developments."
2013-10-30,20,"When the Committee decides to begin to remove policy accommodation, it will take a balanced approach consistent with its longer-run goals of maximum employment and inflation of 2 percent."
2013-12-18,0,Information received since the Federal Open Market Committee met in October indicates that economic activity is expanding at a moderate pace.
2013-12-18,1,Labor market conditions have shown further improvement; the unemployment rate has declined but remains elevated.
2013-12-18,2,"Household spending and business fixed investment advanced, while the recovery in the housing sector slowed somewhat in recent months."
2013-12-18,3,"Fiscal policy is restraining economic growth, although the extent of restraint may be diminishing."
2013-12-18,4,"Inflation has been running below the Committee's longer-run objective, but longer-term inflation expectations have remained stable."
2013-12-18,5,"Consistent with its statutory mandate, the Committee seeks to foster maximum employment and price stability."
2013-12-18,6,"The Committee expects that, with appropriate policy accommodation, economic growth will pick up from its recent pace and the unemployment rate will gradually decline toward levels the Committee judges consistent with its dual mandate."
2013-12-18,7,The Committee sees the risks to the outlook for the economy and the labor market as having become more nearly balanced.
2013-12-18,8,"The Committee recognizes that inflation persistently below its 2 percent objective could pose risks to economic performance, and it is monitoring inflation developments carefully for evidence that inflation will move back toward its objective over the medium term."
2013-12-18,9,"Taking into account the extent of federal fiscal retrenchment since the inception of its current asset purchase program, the Committee sees the improvement in economic activity and labor market conditions over that period as consistent with growing underlying strength in the broader economy."
2013-12-18,10,"In light of the cumulative progress toward maximum employment and the improvement in the outlook for labor market conditions, the Committee decided to modestly reduce the pace of its asset purchases."
2013-12-18,11,"Beginning in January, the Committee will add to its holdings of agency mortgage-backed securities at a pace of $35 billion per month rather than $40 billion per month, and will add to its holdings of longer-term Treasury securities at a pace of $40 billion per month rather than $45 billion per month."
2013-12-18,12,The Committee is maintaining its existing policy of reinvesting principal payments from its holdings of agency debt and agency mortgage-backed securities in agency mortgage-backed securities and of rolling over maturing Treasury securities at auction.
2013-12-18,13,"The Committee's sizable and still-increasing holdings of longer-term securities should maintain downward pressure on longer-term interest rates, support mortgage markets, and help to make broader financial conditions more accommodative, which in turn should promote a stronger economic recovery and help to ensure that inflation, over time, is at the rate most consistent with the Committee's dual mandate."
2013-12-18,14,"The Committee will closely monitor incoming information on economic and financial developments in coming months and will continue its purchases of Treasury and agency mortgage-backed securities, and employ its other policy tools as appropriate, until the outlook for the labor market has improved substantially in a context of price stability."
2013-12-18,15,"If incoming information broadly supports the Committee's expectation of ongoing improvement in labor market conditions and inflation moving back toward its longer-run objective, the Committee will likely reduce the pace of asset purchases in further measured steps at future meetings."
2013-12-18,16,"However, asset purchases are not on a preset course, and the Committee's decisions about their pace will remain contingent on the Committee's outlook for the labor market and inflation as well as its assessment of the likely efficacy and costs of such purchases."
2013-12-18,17,"To support continued progress toward maximum employment and price stability, the Committee today reaffirmed its view that a highly accommodative stance of monetary policy will remain appropriate for a considerable time after the asset purchase program ends and the economic recovery strengthens."
2013-12-18,18,"The Committee also reaffirmed its expectation that the current exceptionally low target range for the federal funds rate of 0 to 1/4 percent will be appropriate at least as long as the unemployment rate remains above 6-1/2 percent, inflation between one and two years ahead is projected to be no more than a half percentage point above the Committee's 2 percent longer-run goal, and longer-term inflation expectations continue to be well anchored."
2013-12-18,19,"In determining how long to maintain a highly accommodative stance of monetary policy, the Committee will also consider other information, including additional measures of labor market conditions, indicators of inflation pressures and inflation expectations, and readings on financial developments."
2013-12-18,20,"The Committee now anticipates, based on its assessment of these factors, that it likely will be appropriate to maintain the current target range for the federal funds rate well past the time that the unemployment rate declines below 6-1/2 percent, especially if projected inflation continues to run below the Committee's 2 percent longer-run goal."
2013-12-18,21,"When the Committee decides to begin to remove policy accommodation, it will take a balanced approach consistent with its longer-run goals of maximum employment and inflation of 2 percent."
2014-01-29,0,Information received since the Federal Open Market Committee met in December indicates that growth in economic activity picked up in recent quarters.
2014-01-29,1,Labor market indicators were mixed but on balance showed further improvement.
2014-01-29,2,The unemployment rate declined but remains elevated.
2014-01-29,3,"Household spending and business fixed investment advanced more quickly in recent months, while the recovery in the housing sector slowed somewhat."
2014-01-29,4,"Fiscal policy is restraining economic growth, although the extent of restraint is diminishing."
2014-01-29,5,"Inflation has been running below the Committee's longer-run objective, but longer-term inflation expectations have remained stable."
2014-01-29,6,"Consistent with its statutory mandate, the Committee seeks to foster maximum employment and price stability."
2014-01-29,7,"The Committee expects that, with appropriate policy accommodation, economic activity will expand at a moderate pace and the unemployment rate will gradually decline toward levels the Committee judges consistent with its dual mandate."
2014-01-29,8,The Committee sees the risks to the outlook for the economy and the labor market as having become more nearly balanced.
2014-01-29,9,"The Committee recognizes that inflation persistently below its 2 percent objective could pose risks to economic performance, and it is monitoring inflation developments carefully for evidence that inflation will move back toward its objective over the medium term."
2014-01-29,10,"Taking into account the extent of federal fiscal retrenchment since the inception of its current asset purchase program, the Committee continues to see the improvement in economic activity and labor market conditions over that period as consistent with growing underlying strength in the broader economy."
2014-01-29,11,"In light of the cumulative progress toward maximum employment and the improvement in the outlook for labor market conditions, the Committee decided to make a further measured reduction in the pace of its asset purchases."
2014-01-29,12,"Beginning in February, the Committee will add to its holdings of agency mortgage-backed securities at a pace of $30 billion per month rather than $35 billion per month, and will add to its holdings of longer-term Treasury securities at a pace of $35 billion per month rather than $40 billion per month."
2014-01-29,13,The Committee is maintaining its existing policy of reinvesting principal payments from its holdings of agency debt and agency mortgage-backed securities in agency mortgage-backed securities and of rolling over maturing Treasury securities at auction.
2014-01-29,14,"The Committee's sizable and still-increasing holdings of longer-term securities should maintain downward pressure on longer-term interest rates, support mortgage markets, and help to make broader financial conditions more accommodative, which in turn should promote a stronger economic recovery and help to ensure that inflation, over time, is at the rate most consistent with the Committee's dual mandate."
2014-01-29,15,"The Committee will closely monitor incoming information on economic and financial developments in coming months and will continue its purchases of Treasury and agency mortgage-backed securities, and employ its other policy tools as appropriate, until the outlook for the labor market has improved substantially in a context of price stability."
2014-01-29,16,"If incoming information broadly supports the Committee's expectation of ongoing improvement in labor market conditions and inflation moving back toward its longer-run objective, the Committee will likely reduce the pace of asset purchases in further measured steps at future meetings."
2014-01-29,17,"However, asset purchases are not on a preset course, and the Committee's decisions about their pace will remain contingent on the Committee's outlook for the labor market and inflation as well as its assessment of the likely efficacy and costs of such purchases."
2014-01-29,18,"To support continued progress toward maximum employment and price stability, the Committee today reaffirmed its view that a highly accommodative stance of monetary policy will remain appropriate for a considerable time after the asset purchase program ends and the economic recovery strengthens."
2014-01-29,19,"The Committee also reaffirmed its expectation that the current exceptionally low target range for the federal funds rate of 0 to 1/4 percent will be appropriate at least as long as the unemployment rate remains above 6-1/2 percent, inflation between one and two years ahead is projected to be no more than a half percentage point above the Committee's 2 percent longer-run goal, and longer-term inflation expectations continue to be well anchored."
2014-01-29,20,"In determining how long to maintain a highly accommodative stance of monetary policy, the Committee will also consider other information, including additional measures of labor market conditions, indicators of inflation pressures and inflation expectations, and readings on financial developments."
2014-01-29,21,"The Committee continues to anticipate, based on its assessment of these factors, that it likely will be appropriate to maintain the current target range for the federal funds rate well past the time that the unemployment rate declines below 6-1/2 percent, especially if projected inflation continues to run below the Committee's 2 percent longer-run goal."
2014-01-29,22,"When the Committee decides to begin to remove policy accommodation, it will take a balanced approach consistent with its longer-run goals of maximum employment and inflation of 2 percent."
2014-03-19,0,"Information received since the Federal Open Market Committee met in January indicates that growth in economic activity slowed during the winter months, in part reflecting adverse weather conditions."
2014-03-19,1,Labor market indicators were mixed but on balance showed further improvement.
2014-03-19,2,"The unemployment rate, however, remains elevated."
2014-03-19,3,"Household spending and business fixed investment continued to advance, while the recovery in the housing sector remained slow."
2014-03-19,4,"Fiscal policy is restraining economic growth, although the extent of restraint is diminishing."
2014-03-19,5,"Inflation has been running below the Committee's longer-run objective, but longer-term inflation expectations have remained stable."
2014-03-19,6,"Consistent with its statutory mandate, the Committee seeks to foster maximum employment and price stability."
2014-03-19,7,"The Committee expects that, with appropriate policy accommodation, economic activity will expand at a moderate pace and labor market conditions will continue to improve gradually, moving toward those the Committee judges consistent with its dual mandate."
2014-03-19,8,The Committee sees the risks to the outlook for the economy and the labor market as nearly balanced.
2014-03-19,9,"The Committee recognizes that inflation persistently below its 2 percent objective could pose risks to economic performance, and it is monitoring inflation developments carefully for evidence that inflation will move back toward its objective over the medium term."
2014-03-19,10,The Committee currently judges that there is sufficient underlying strength in the broader economy to support ongoing improvement in labor market conditions.
2014-03-19,11,"In light of the cumulative progress toward maximum employment and the improvement in the outlook for labor market conditions since the inception of the current asset purchase program, the Committee decided to make a further measured reduction in the pace of its asset purchases."
2014-03-19,12,"Beginning in April, the Committee will add to its holdings of agency mortgage-backed securities at a pace of $25 billion per month rather than $30 billion per month, and will add to its holdings of longer-term Treasury securities at a pace of $30 billion per month rather than $35 billion per month."
2014-03-19,13,The Committee is maintaining its existing policy of reinvesting principal payments from its holdings of agency debt and agency mortgage-backed securities in agency mortgage-backed securities and of rolling over maturing Treasury securities at auction.
2014-03-19,14,"The Committee's sizable and still-increasing holdings of longer-term securities should maintain downward pressure on longer-term interest rates, support mortgage markets, and help to make broader financial conditions more accommodative, which in turn should promote a stronger economic recovery and help to ensure that inflation, over time, is at the rate most consistent with the Committee's dual mandate."
2014-03-19,15,"The Committee will closely monitor incoming information on economic and financial developments in coming months and will continue its purchases of Treasury and agency mortgage-backed securities, and employ its other policy tools as appropriate, until the outlook for the labor market has improved substantially in a context of price stability."
2014-03-19,16,"If incoming information broadly supports the Committee's expectation of ongoing improvement in labor market conditions and inflation moving back toward its longer-run objective, the Committee will likely reduce the pace of asset purchases in further measured steps at future meetings."
2014-03-19,17,"However, asset purchases are not on a preset course, and the Committee's decisions about their pace will remain contingent on the Committee's outlook for the labor market and inflation as well as its assessment of the likely efficacy and costs of such purchases."
2014-03-19,18,"To support continued progress toward maximum employment and price stability, the Committee today reaffirmed its view that a highly accommodative stance of monetary policy remains appropriate."
2014-03-19,19,"In determining how long to maintain the current 0 to 1/4 percent target range for the federal funds rate, the Committee will assess progress--both realized and expected--toward its objectives of maximum employment and 2 percent inflation."
2014-03-19,20,"This assessment will take into account a wide range of information, including measures of labor market conditions, indicators of inflation pressures and inflation expectations, and readings on financial developments."
2014-03-19,21,"The Committee continues to anticipate, based on its assessment of these factors, that it likely will be appropriate to maintain the current target range for the federal funds rate for a considerable time after the asset purchase program ends, especially if projected inflation continues to run below the Committee's 2 percent longer-run goal, and provided that longer-term inflation expectations remain well anchored."
2014-03-19,22,"When the Committee decides to begin to remove policy accommodation, it will take a balanced approach consistent with its longer-run goals of maximum employment and inflation of 2 percent."
2014-03-19,23,"The Committee currently anticipates that, even after employment and inflation are near mandate-consistent levels, economic conditions may, for some time, warrant keeping the target federal funds rate below levels the Committee views as normal in the longer run."
2014-03-19,24,"With the unemployment rate nearing 6-1/2 percent, the Committee has updated its forward guidance."
2014-03-19,25,The change in the Committee's guidance does not indicate any change in the Committee's policy intentions as set forth in its recent statements.
2014-04-30,0,"Information received since the Federal Open Market Committee met in March indicates that growth in economic activity has picked up recently, after having slowed sharply during the winter in part because of adverse weather conditions."
2014-04-30,1,Labor market indicators were mixed but on balance showed further improvement.
2014-04-30,2,"The unemployment rate, however, remains elevated."
2014-04-30,3,Household spending appears to be rising more quickly.
2014-04-30,4,"Business fixed investment edged down, while the recovery in the housing sector remained slow."
2014-04-30,5,"Fiscal policy is restraining economic growth, although the extent of restraint is diminishing."
2014-04-30,6,"Inflation has been running below the Committee's longer-run objective, but longer-term inflation expectations have remained stable."
2014-04-30,7,"Consistent with its statutory mandate, the Committee seeks to foster maximum employment and price stability."
2014-04-30,8,"The Committee expects that, with appropriate policy accommodation, economic activity will expand at a moderate pace and labor market conditions will continue to improve gradually, moving toward those the Committee judges consistent with its dual mandate."
2014-04-30,9,The Committee sees the risks to the outlook for the economy and the labor market as nearly balanced.
2014-04-30,10,"The Committee recognizes that inflation persistently below its 2 percent objective could pose risks to economic performance, and it is monitoring inflation developments carefully for evidence that inflation will move back toward its objective over the medium term."
2014-04-30,11,The Committee currently judges that there is sufficient underlying strength in the broader economy to support ongoing improvement in labor market conditions.
2014-04-30,12,"In light of the cumulative progress toward maximum employment and the improvement in the outlook for labor market conditions since the inception of the current asset purchase program, the Committee decided to make a further measured reduction in the pace of its asset purchases."
2014-04-30,13,"Beginning in May, the Committee will add to its holdings of agency mortgage-backed securities at a pace of $20 billion per month rather than $25 billion per month, and will add to its holdings of longer-term Treasury securities at a pace of $25 billion per month rather than $30 billion per month."
2014-04-30,14,The Committee is maintaining its existing policy of reinvesting principal payments from its holdings of agency debt and agency mortgage-backed securities in agency mortgage-backed securities and of rolling over maturing Treasury securities at auction.
2014-04-30,15,"The Committee's sizable and still-increasing holdings of longer-term securities should maintain downward pressure on longer-term interest rates, support mortgage markets, and help to make broader financial conditions more accommodative, which in turn should promote a stronger economic recovery and help to ensure that inflation, over time, is at the rate most consistent with the Committee's dual mandate."
2014-04-30,16,"The Committee will closely monitor incoming information on economic and financial developments in coming months and will continue its purchases of Treasury and agency mortgage-backed securities, and employ its other policy tools as appropriate, until the outlook for the labor market has improved substantially in a context of price stability."
2014-04-30,17,"If incoming information broadly supports the Committee's expectation of ongoing improvement in labor market conditions and inflation moving back toward its longer-run objective, the Committee will likely reduce the pace of asset purchases in further measured steps at future meetings."
2014-04-30,18,"However, asset purchases are not on a preset course, and the Committee's decisions about their pace will remain contingent on the Committee's outlook for the labor market and inflation as well as its assessment of the likely efficacy and costs of such purchases."
2014-04-30,19,"To support continued progress toward maximum employment and price stability, the Committee today reaffirmed its view that a highly accommodative stance of monetary policy remains appropriate."
2014-04-30,20,"In determining how long to maintain the current 0 to 1/4 percent target range for the federal funds rate, the Committee will assess progress--both realized and expected--toward its objectives of maximum employment and 2 percent inflation."
2014-04-30,21,"This assessment will take into account a wide range of information, including measures of labor market conditions, indicators of inflation pressures and inflation expectations, and readings on financial developments."
2014-04-30,22,"The Committee continues to anticipate, based on its assessment of these factors, that it likely will be appropriate to maintain the current target range for the federal funds rate for a considerable time after the asset purchase program ends, especially if projected inflation continues to run below the Committee's 2 percent longer-run goal, and provided that longer-term inflation expectations remain well anchored."
2014-04-30,23,"When the Committee decides to begin to remove policy accommodation, it will take a balanced approach consistent with its longer-run goals of maximum employment and inflation of 2 percent."
2014-04-30,24,"The Committee currently anticipates that, even after employment and inflation are near mandate-consistent levels, economic conditions may, for some time, warrant keeping the target federal funds rate below levels the Committee views as normal in the longer run."
2014-06-18,0,Information received since the Federal Open Market Committee met in April indicates that growth in economic activity has rebounded in recent months.
2014-06-18,1,Labor market indicators generally showed further improvement.
2014-06-18,2,"The unemployment rate, though lower, remains elevated."
2014-06-18,3,"Household spending appears to be rising moderately and business fixed investment resumed its advance, while the recovery in the housing sector remained slow."
2014-06-18,4,"Fiscal policy is restraining economic growth, although the extent of restraint is diminishing."
2014-06-18,5,"Inflation has been running below the Committee's longer-run objective, but longer-term inflation expectations have remained stable."
2014-06-18,6,"Consistent with its statutory mandate, the Committee seeks to foster maximum employment and price stability."
2014-06-18,7,"The Committee expects that, with appropriate policy accommodation, economic activity will expand at a moderate pace and labor market conditions will continue to improve gradually, moving toward those the Committee judges consistent with its dual mandate."
2014-06-18,8,The Committee sees the risks to the outlook for the economy and the labor market as nearly balanced.
2014-06-18,9,"The Committee recognizes that inflation persistently below its 2 percent objective could pose risks to economic performance, and it is monitoring inflation developments carefully for evidence that inflation will move back toward its objective over the medium term."
2014-06-18,10,The Committee currently judges that there is sufficient underlying strength in the broader economy to support ongoing improvement in labor market conditions.
2014-06-18,11,"In light of the cumulative progress toward maximum employment and the improvement in the outlook for labor market conditions since the inception of the current asset purchase program, the Committee decided to make a further measured reduction in the pace of its asset purchases."
2014-06-18,12,"Beginning in July, the Committee will add to its holdings of agency mortgage-backed securities at a pace of $15 billion per month rather than $20 billion per month, and will add to its holdings of longer-term Treasury securities at a pace of $20 billion per month rather than $25 billion per month."
2014-06-18,13,The Committee is maintaining its existing policy of reinvesting principal payments from its holdings of agency debt and agency mortgage-backed securities in agency mortgage-backed securities and of rolling over maturing Treasury securities at auction.
2014-06-18,14,"The Committee's sizable and still-increasing holdings of longer-term securities should maintain downward pressure on longer-term interest rates, support mortgage markets, and help to make broader financial conditions more accommodative, which in turn should promote a stronger economic recovery and help to ensure that inflation, over time, is at the rate most consistent with the Committee's dual mandate."
2014-06-18,15,"The Committee will closely monitor incoming information on economic and financial developments in coming months and will continue its purchases of Treasury and agency mortgage-backed securities, and employ its other policy tools as appropriate, until the outlook for the labor market has improved substantially in a context of price stability."
2014-06-18,16,"If incoming information broadly supports the Committee's expectation of ongoing improvement in labor market conditions and inflation moving back toward its longer-run objective, the Committee will likely reduce the pace of asset purchases in further measured steps at future meetings."
2014-06-18,17,"However, asset purchases are not on a preset course, and the Committee's decisions about their pace will remain contingent on the Committee's outlook for the labor market and inflation as well as its assessment of the likely efficacy and costs of such purchases."
2014-06-18,18,"To support continued progress toward maximum employment and price stability, the Committee today reaffirmed its view that a highly accommodative stance of monetary policy remains appropriate."
2014-06-18,19,"In determining how long to maintain the current 0 to 1/4 percent target range for the federal funds rate, the Committee will assess progress--both realized and expected--toward its objectives of maximum employment and 2 percent inflation."
2014-06-18,20,"This assessment will take into account a wide range of information, including measures of labor market conditions, indicators of inflation pressures and inflation expectations, and readings on financial developments."
2014-06-18,21,"The Committee continues to anticipate, based on its assessment of these factors, that it likely will be appropriate to maintain the current target range for the federal funds rate for a considerable time after the asset purchase program ends, especially if projected inflation continues to run below the Committee's 2 percent longer-run goal, and provided that longer-term inflation expectations remain well anchored."
2014-06-18,22,"When the Committee decides to begin to remove policy accommodation, it will take a balanced approach consistent with its longer-run goals of maximum employment and inflation of 2 percent."
2014-06-18,23,"The Committee currently anticipates that, even after employment and inflation are near mandate-consistent levels, economic conditions may, for some time, warrant keeping the target federal funds rate below levels the Committee views as normal in the longer run."
2014-07-30,0,Information received since the Federal Open Market Committee met in June indicates that growth in economic activity rebounded in the second quarter.
2014-07-30,1,"Labor market conditions improved, with the unemployment rate declining further."
2014-07-30,2,"However, a range of labor market indicators suggests that there remains significant underutilization of labor resources."
2014-07-30,3,"Household spending appears to be rising moderately and business fixed investment is advancing, while the recovery in the housing sector remains slow."
2014-07-30,4,"Fiscal policy is restraining economic growth, although the extent of restraint is diminishing."
2014-07-30,5,Inflation has moved somewhat closer to the Committee's longer-run objective.
2014-07-30,6,Longer-term inflation expectations have remained stable.
2014-07-30,7,"Consistent with its statutory mandate, the Committee seeks to foster maximum employment and price stability."
2014-07-30,8,"The Committee expects that, with appropriate policy accommodation, economic activity will expand at a moderate pace, with labor market indicators and inflation moving toward levels the Committee judges consistent with its dual mandate."
2014-07-30,9,The Committee sees the risks to the outlook for economic activity and the labor market as nearly balanced and judges that the likelihood of inflation running persistently below 2 percent has diminished somewhat.
2014-07-30,10,The Committee currently judges that there is sufficient underlying strength in the broader economy to support ongoing improvement in labor market conditions.
2014-07-30,11,"In light of the cumulative progress toward maximum employment and the improvement in the outlook for labor market conditions since the inception of the current asset purchase program, the Committee decided to make a further measured reduction in the pace of its asset purchases."
2014-07-30,12,"Beginning in August, the Committee will add to its holdings of agency mortgage-backed securities at a pace of $10 billion per month rather than $15 billion per month, and will add to its holdings of longer-term Treasury securities at a pace of $15 billion per month rather than $20 billion per month."
2014-07-30,13,The Committee is maintaining its existing policy of reinvesting principal payments from its holdings of agency debt and agency mortgage-backed securities in agency mortgage-backed securities and of rolling over maturing Treasury securities at auction.
2014-07-30,14,"The Committee's sizable and still-increasing holdings of longer-term securities should maintain downward pressure on longer-term interest rates, support mortgage markets, and help to make broader financial conditions more accommodative, which in turn should promote a stronger economic recovery and help to ensure that inflation, over time, is at the rate most consistent with the Committee's dual mandate."
2014-07-30,15,"The Committee will closely monitor incoming information on economic and financial developments in coming months and will continue its purchases of Treasury and agency mortgage-backed securities, and employ its other policy tools as appropriate, until the outlook for the labor market has improved substantially in a context of price stability."
2014-07-30,16,"If incoming information broadly supports the Committee's expectation of ongoing improvement in labor market conditions and inflation moving back toward its longer-run objective, the Committee will likely reduce the pace of asset purchases in further measured steps at future meetings."
2014-07-30,17,"However, asset purchases are not on a preset course, and the Committee's decisions about their pace will remain contingent on the Committee's outlook for the labor market and inflation as well as its assessment of the likely efficacy and costs of such purchases."
2014-07-30,18,"To support continued progress toward maximum employment and price stability, the Committee today reaffirmed its view that a highly accommodative stance of monetary policy remains appropriate."
2014-07-30,19,"In determining how long to maintain the current 0 to 1/4 percent target range for the federal funds rate, the Committee will assess progress--both realized and expected--toward its objectives of maximum employment and 2 percent inflation."
2014-07-30,20,"This assessment will take into account a wide range of information, including measures of labor market conditions, indicators of inflation pressures and inflation expectations, and readings on financial developments."
2014-07-30,21,"The Committee continues to anticipate, based on its assessment of these factors, that it likely will be appropriate to maintain the current target range for the federal funds rate for a considerable time after the asset purchase program ends, especially if projected inflation continues to run below the Committee's 2 percent longer-run goal, and provided that longer-term inflation expectations remain well anchored."
2014-07-30,22,"When the Committee decides to begin to remove policy accommodation, it will take a balanced approach consistent with its longer-run goals of maximum employment and inflation of 2 percent."
2014-07-30,23,"The Committee currently anticipates that, even after employment and inflation are near mandate-consistent levels, economic conditions may, for some time, warrant keeping the target federal funds rate below levels the Committee views as normal in the longer run."
2014-09-17,0,Information received since the Federal Open Market Committee met in July suggests that economic activity is expanding at a moderate pace.
2014-09-17,1,"On balance, labor market conditions improved somewhat further; however, the unemployment rate is little changed and a range of labor market indicators suggests that there remains significant underutilization of labor resources."
2014-09-17,2,"Household spending appears to be rising moderately and business fixed investment is advancing, while the recovery in the housing sector remains slow."
2014-09-17,3,"Fiscal policy is restraining economic growth, although the extent of restraint is diminishing."
2014-09-17,4,Inflation has been running below the Committee's longer-run objective.
2014-09-17,5,Longer-term inflation expectations have remained stable.
2014-09-17,6,"Consistent with its statutory mandate, the Committee seeks to foster maximum employment and price stability."
2014-09-17,7,"The Committee expects that, with appropriate policy accommodation, economic activity will expand at a moderate pace, with labor market indicators and inflation moving toward levels the Committee judges consistent with its dual mandate."
2014-09-17,8,The Committee sees the risks to the outlook for economic activity and the labor market as nearly balanced and judges that the likelihood of inflation running persistently below 2 percent has diminished somewhat since early this year.
2014-09-17,9,The Committee currently judges that there is sufficient underlying strength in the broader economy to support ongoing improvement in labor market conditions.
2014-09-17,10,"In light of the cumulative progress toward maximum employment and the improvement in the outlook for labor market conditions since the inception of the current asset purchase program, the Committee decided to make a further measured reduction in the pace of its asset purchases."
2014-09-17,11,"Beginning in October, the Committee will add to its holdings of agency mortgage-backed securities at a pace of $5 billion per month rather than $10 billion per month, and will add to its holdings of longer-term Treasury securities at a pace of $10 billion per month rather than $15 billion per month."
2014-09-17,12,The Committee is maintaining its existing policy of reinvesting principal payments from its holdings of agency debt and agency mortgage-backed securities in agency mortgage-backed securities and of rolling over maturing Treasury securities at auction.
2014-09-17,13,"The Committee's sizable and still-increasing holdings of longer-term securities should maintain downward pressure on longer-term interest rates, support mortgage markets, and help to make broader financial conditions more accommodative, which in turn should promote a stronger economic recovery and help to ensure that inflation, over time, is at the rate most consistent with the Committee's dual mandate."
2014-09-17,14,"The Committee will closely monitor incoming information on economic and financial developments in coming months and will continue its purchases of Treasury and agency mortgage-backed securities, and employ its other policy tools as appropriate, until the outlook for the labor market has improved substantially in a context of price stability."
2014-09-17,15,"If incoming information broadly supports the Committee's expectation of ongoing improvement in labor market conditions and inflation moving back toward its longer-run objective, the Committee will end its current program of asset purchases at its next meeting."
2014-09-17,16,"However, asset purchases are not on a preset course, and the Committee's decisions about their pace will remain contingent on the Committee's outlook for the labor market and inflation as well as its assessment of the likely efficacy and costs of such purchases."
2014-09-17,17,"To support continued progress toward maximum employment and price stability, the Committee today reaffirmed its view that a highly accommodative stance of monetary policy remains appropriate."
2014-09-17,18,"In determining how long to maintain the current 0 to 1/4 percent target range for the federal funds rate, the Committee will assess progress--both realized and expected--toward its objectives of maximum employment and 2 percent inflation."
2014-09-17,19,"This assessment will take into account a wide range of information, including measures of labor market conditions, indicators of inflation pressures and inflation expectations, and readings on financial developments."
2014-09-17,20,"The Committee continues to anticipate, based on its assessment of these factors, that it likely will be appropriate to maintain the current target range for the federal funds rate for a considerable time after the asset purchase program ends, especially if projected inflation continues to run below the Committee's 2 percent longer-run goal, and provided that longer-term inflation expectations remain well anchored."
2014-09-17,21,"When the Committee decides to begin to remove policy accommodation, it will take a balanced approach consistent with its longer-run goals of maximum employment and inflation of 2 percent."
2014-09-17,22,"The Committee currently anticipates that, even after employment and inflation are near mandate-consistent levels, economic conditions may, for some time, warrant keeping the target federal funds rate below levels the Committee views as normal in the longer run."
2014-10-29,0,Information received since the Federal Open Market Committee met in September suggests that economic activity is expanding at a moderate pace.
2014-10-29,1,"Labor market conditions improved somewhat further, with solid job gains and a lower unemployment rate."
2014-10-29,2,"On balance, a range of labor market indicators suggests that underutilization of labor resources is gradually diminishing."
2014-10-29,3,"Household spending is rising moderately and business fixed investment is advancing, while the recovery in the housing sector remains slow."
2014-10-29,4,Inflation has continued to run below the Committee's longer-run objective.
2014-10-29,5,Market-based measures of inflation compensation have declined somewhat; survey-based measures of longer-term inflation expectations have remained stable.
2014-10-29,6,"Consistent with its statutory mandate, the Committee seeks to foster maximum employment and price stability."
2014-10-29,7,"The Committee expects that, with appropriate policy accommodation, economic activity will expand at a moderate pace, with labor market indicators and inflation moving toward levels the Committee judges consistent with its dual mandate."
2014-10-29,8,The Committee sees the risks to the outlook for economic activity and the labor market as nearly balanced.
2014-10-29,9,"Although inflation in the near term will likely be held down by lower energy prices and other factors, the Committee judges that the likelihood of inflation running persistently below 2 percent has diminished somewhat since early this year."
2014-10-29,10,The Committee judges that there has been a substantial improvement in the outlook for the labor market since the inception of its current asset purchase program.
2014-10-29,11,"Moreover, the Committee continues to see sufficient underlying strength in the broader economy to support ongoing progress toward maximum employment in a context of price stability."
2014-10-29,12,"Accordingly, the Committee decided to conclude its asset purchase program this month."
2014-10-29,13,The Committee is maintaining its existing policy of reinvesting principal payments from its holdings of agency debt and agency mortgage-backed securities in agency mortgage-backed securities and of rolling over maturing Treasury securities at auction.
2014-10-29,14,"This policy, by keeping the Committee's holdings of longer-term securities at sizable levels, should help maintain accommodative financial conditions."
2014-10-29,15,"To support continued progress toward maximum employment and price stability, the Committee today reaffirmed its view that the current 0 to 1/4 percent target range for the federal funds rate remains appropriate."
2014-10-29,16,"In determining how long to maintain this target range, the Committee will assess progress--both realized and expected--toward its objectives of maximum employment and 2 percent inflation."
2014-10-29,17,"This assessment will take into account a wide range of information, including measures of labor market conditions, indicators of inflation pressures and inflation expectations, and readings on financial developments."
2014-10-29,18,"The Committee anticipates, based on its current assessment, that it likely will be appropriate to maintain the 0 to 1/4 percent target range for the federal funds rate for a considerable time following the end of its asset purchase program this month, especially if projected inflation continues to run below the Committee's 2 percent longer-run goal, and provided that longer-term inflation expectations remain well anchored."
2014-10-29,19,"However, if incoming information indicates faster progress toward the Committee's employment and inflation objectives than the Committee now expects, then increases in the target range for the federal funds rate are likely to occur sooner than currently anticipated."
2014-10-29,20,"Conversely, if progress proves slower than expected, then increases in the target range are likely to occur later than currently anticipated."
2014-10-29,21,"When the Committee decides to begin to remove policy accommodation, it will take a balanced approach consistent with its longer-run goals of maximum employment and inflation of 2 percent."
2014-10-29,22,"The Committee currently anticipates that, even after employment and inflation are near mandate-consistent levels, economic conditions may, for some time, warrant keeping the target federal funds rate below levels the Committee views as normal in the longer run."
2014-12-17,0,Information received since the Federal Open Market Committee met in October suggests that economic activity is expanding at a moderate pace.
2014-12-17,1,"Labor market conditions improved further, with solid job gains and a lower unemployment rate."
2014-12-17,2,"On balance, a range of labor market indicators suggests that underutilization of labor resources continues to diminish."
2014-12-17,3,"Household spending is rising moderately and business fixed investment is advancing, while the recovery in the housing sector remains slow."
2014-12-17,4,"Inflation has continued to run below the Committee's longer-run objective, partly reflecting declines in energy prices."
2014-12-17,5,Market-based measures of inflation compensation have declined somewhat further; survey-based measures of longer-term inflation expectations have remained stable.
2014-12-17,6,"Consistent with its statutory mandate, the Committee seeks to foster maximum employment and price stability."
2014-12-17,7,"The Committee expects that, with appropriate policy accommodation, economic activity will expand at a moderate pace, with labor market indicators moving toward levels the Committee judges consistent with its dual mandate."
2014-12-17,8,The Committee sees the risks to the outlook for economic activity and the labor market as nearly balanced.
2014-12-17,9,The Committee expects inflation to rise gradually toward 2 percent as the labor market improves further and the transitory effects of lower energy prices and other factors dissipate.
2014-12-17,10,The Committee continues to monitor inflation developments closely.
2014-12-17,11,"To support continued progress toward maximum employment and price stability, the Committee today reaffirmed its view that the current 0 to 1/4 percent target range for the federal funds rate remains appropriate."
2014-12-17,12,"In determining how long to maintain this target range, the Committee will assess progress--both realized and expected--toward its objectives of maximum employment and 2 percent inflation."
2014-12-17,13,"This assessment will take into account a wide range of information, including measures of labor market conditions, indicators of inflation pressures and inflation expectations, and readings on financial developments."
2014-12-17,14,"Based on its current assessment, the Committee judges that it can be patient in beginning to normalize the stance of monetary policy."
2014-12-17,15,"The Committee sees this guidance as consistent with its previous statement that it likely will be appropriate to maintain the 0 to 1/4 percent target range for the federal funds rate for a considerable time following the end of its asset purchase program in October, especially if projected inflation continues to run below the Committee's 2 percent longer-run goal, and provided that longer-term inflation expectations remain well anchored."
2014-12-17,16,"However, if incoming information indicates faster progress toward the Committee's employment and inflation objectives than the Committee now expects, then increases in the target range for the federal funds rate are likely to occur sooner than currently anticipated."
2014-12-17,17,"Conversely, if progress proves slower than expected, then increases in the target range are likely to occur later than currently anticipated."
2014-12-17,18,The Committee is maintaining its existing policy of reinvesting principal payments from its holdings of agency debt and agency mortgage-backed securities in agency mortgage-backed securities and of rolling over maturing Treasury securities at auction.
2014-12-17,19,"This policy, by keeping the Committee's holdings of longer-term securities at sizable levels, should help maintain accommodative financial conditions."
2014-12-17,20,"When the Committee decides to begin to remove policy accommodation, it will take a balanced approach consistent with its longer-run goals of maximum employment and inflation of 2 percent."
2014-12-17,21,"The Committee currently anticipates that, even after employment and inflation are near mandate-consistent levels, economic conditions may, for some time, warrant keeping the target federal funds rate below levels the Committee views as normal in the longer run."
2015-01-28,0,Information received since the Federal Open Market Committee met in December suggests that economic activity has been expanding at a solid pace.
2015-01-28,1,"Labor market conditions have improved further, with strong job gains and a lower unemployment rate."
2015-01-28,2,"On balance, a range of labor market indicators suggests that underutilization of labor resources continues to diminish."
2015-01-28,3,Household spending is rising moderately; recent declines in energy prices have boosted household purchasing power.
2015-01-28,4,"Business fixed investment is advancing, while the recovery in the housing sector remains slow."
2015-01-28,5,"Inflation has declined further below the Committeeâs longer-run objective, largely reflecting declines in energy prices."
2015-01-28,6,Market-based measures of inflation compensation have declined substantially in recent months; survey-based measures of longer-term inflation expectations have remained stable.
2015-01-28,7,"Consistent with its statutory mandate, the Committee seeks to foster maximum employment and price stability."
2015-01-28,8,"The Committee expects that, with appropriate policy accommodation, economic activity will expand at a moderate pace, with labor market indicators continuing to move toward levels the Committee judges consistent with its dual mandate."
2015-01-28,9,The Committee continues to see the risks to the outlook for economic activity and the labor market as nearly balanced.
2015-01-28,10,"Inflation is anticipated to decline further in the near term, but the Committee expects inflation to rise gradually toward 2 percent over the medium term as the labor market improves further and the transitory effects of lower energy prices and other factors dissipate."
2015-01-28,11,The Committee continues to monitor inflation developments closely.
2015-01-28,12,"To support continued progress toward maximum employment and price stability, the Committee today reaffirmed its view that the current 0 to 1/4 percent target range for the federal funds rate remains appropriate."
2015-01-28,13,"In determining how long to maintain this target range, the Committee will assess progress--both realized and expected--toward its objectives of maximum employment and 2 percent inflation."
2015-01-28,14,"This assessment will take into account a wide range of information, including measures of labor market conditions, indicators of inflation pressures and inflation expectations, and readings on financial and international developments."
2015-01-28,15,"Based on its current assessment, the Committee judges that it can be patient in beginning to normalize the stance of monetary policy."
2015-01-28,16,"However, if incoming information indicates faster progress toward the Committeeâs employment and inflation objectives than the Committee now expects, then increases in the target range for the federal funds rate are likely to occur sooner than currently anticipated."
2015-01-28,17,"Conversely, if progress proves slower than expected, then increases in the target range are likely to occur later than currently anticipated."
2015-01-28,18,The Committee is maintaining its existing policy of reinvesting principal payments from its holdings of agency debt and agency mortgage-backed securities in agency mortgage-backed securities and of rolling over maturing Treasury securities at auction.
2015-01-28,19,"This policy, by keeping the Committeeâs holdings of longer-term securities at sizable levels, should help maintain accommodative financial conditions."
2015-01-28,20,"When the Committee decides to begin to remove policy accommodation, it will take a balanced approach consistent with its longer-run goals of maximum employment and inflation of 2 percent."
2015-01-28,21,"The Committee currently anticipates that, even after employment and inflation are near mandate-consistent levels, economic conditions may, for some time, warrant keeping the target federal funds rate below levels the Committee views as normal in the longer run."
2015-03-18,0,Information received since the Federal Open Market Committee met in January suggests that economic growth has moderated somewhat.
2015-03-18,1,"Labor market conditions have improved further, with strong job gains and a lower unemployment rate."
2015-03-18,2,A range of labor market indicators suggests that underutilization of labor resources continues to diminish.
2015-03-18,3,Household spending is rising moderately; declines in energy prices have boosted household purchasing power.
2015-03-18,4,"Business fixed investment is advancing, while the recovery in the housing sector remains slow and export growth has weakened."
2015-03-18,5,"Inflation has declined further below the Committee's longer-run objective, largely reflecting declines in energy prices."
2015-03-18,6,Market-based measures of inflation compensation remain low; survey-based measures of longer-term inflation expectations have remained stable.
2015-03-18,7,"Consistent with its statutory mandate, the Committee seeks to foster maximum employment and price stability."
2015-03-18,8,"The Committee expects that, with appropriate policy accommodation, economic activity will expand at a moderate pace, with labor market indicators continuing to move toward levels the Committee judges consistent with its dual mandate."
2015-03-18,9,The Committee continues to see the risks to the outlook for economic activity and the labor market as nearly balanced.
2015-03-18,10,"Inflation is anticipated to remain near its recent low level in the near term, but the Committee expects inflation to rise gradually toward 2 percent over the medium term as the labor market improves further and the transitory effects of energy price declines and other factors dissipate."
2015-03-18,11,The Committee continues to monitor inflation developments closely.
2015-03-18,12,"To support continued progress toward maximum employment and price stability, the Committee today reaffirmed its view that the current 0 to 1/4 percent target range for the federal funds rate remains appropriate."
2015-03-18,13,"In determining how long to maintain this target range, the Committee will assess progress--both realized and expected--toward its objectives of maximum employment and 2 percent inflation."
2015-03-18,14,"This assessment will take into account a wide range of information, including measures of labor market conditions, indicators of inflation pressures and inflation expectations, and readings on financial and international developments."
2015-03-18,15,"Consistent with its previous statement, the Committee judges that an increase in the target range for the federal funds rate remains unlikely at the April FOMC meeting."
2015-03-18,16,The Committee anticipates that it will be appropriate to raise the target range for the federal funds rate when it has seen further improvement in the labor market and is reasonably confident that inflation will move back to its 2 percent objective over the medium term.
2015-03-18,17,This change in the forward guidance does not indicate that the Committee has decided on the timing of the initial increase in the target range.
2015-03-18,18,The Committee is maintaining its existing policy of reinvesting principal payments from its holdings of agency debt and agency mortgage-backed securities in agency mortgage-backed securities and of rolling over maturing Treasury securities at auction.
2015-03-18,19,"This policy, by keeping the Committee's holdings of longer-term securities at sizable levels, should help maintain accommodative financial conditions."
2015-03-18,20,"When the Committee decides to begin to remove policy accommodation, it will take a balanced approach consistent with its longer-run goals of maximum employment and inflation of 2 percent."
2015-03-18,21,"The Committee currently anticipates that, even after employment and inflation are near mandate-consistent levels, economic conditions may, for some time, warrant keeping the target federal funds rate below levels the Committee views as normal in the longer run."
2015-04-29,0,"Information received since the Federal Open Market Committee met in March suggests that economic growth slowed during the winter months, in part reflecting transitory factors."
2015-04-29,1,"The pace of job gains moderated, and the unemployment rate remained steady."
2015-04-29,2,A range of labor market indicators suggests that underutilization of labor resources was little changed.
2015-04-29,3,"Growth in household spending declined; households' real incomes rose strongly, partly reflecting earlier declines in energy prices, and consumer sentiment remains high."
2015-04-29,4,"Business fixed investment softened, the recovery in the housing sector remained slow, and exports declined."
2015-04-29,5,"Inflation continued to run below the Committee's longer-run objective, partly reflecting earlier declines in energy prices and decreasing prices of non-energy imports."
2015-04-29,6,Market-based measures of inflation compensation remain low; survey-based measures of longer-term inflation expectations have remained stable.
2015-04-29,7,"Consistent with its statutory mandate, the Committee seeks to foster maximum employment and price stability."
2015-04-29,8,"Although growth in output and employment slowed during the first quarter, the Committee continues to expect that, with appropriate policy accommodation, economic activity will expand at a moderate pace, with labor market indicators continuing to move toward levels the Committee judges consistent with its dual mandate."
2015-04-29,9,The Committee continues to see the risks to the outlook for economic activity and the labor market as nearly balanced.
2015-04-29,10,"Inflation is anticipated to remain near its recent low level in the near term, but the Committee expects inflation to rise gradually toward 2 percent over the medium term as the labor market improves further and the transitory effects of declines in energy and import prices dissipate."
2015-04-29,11,The Committee continues to monitor inflation developments closely.
2015-04-29,12,"To support continued progress toward maximum employment and price stability, the Committee today reaffirmed its view that the current 0 to 1/4 percent target range for the federal funds rate remains appropriate."
2015-04-29,13,"In determining how long to maintain this target range, the Committee will assess progress--both realized and expected--toward its objectives of maximum employment and 2 percent inflation."
2015-04-29,14,"This assessment will take into account a wide range of information, including measures of labor market conditions, indicators of inflation pressures and inflation expectations, and readings on financial and international developments."
2015-04-29,15,The Committee anticipates that it will be appropriate to raise the target range for the federal funds rate when it has seen further improvement in the labor market and is reasonably confident that inflation will move back to its 2 percent objective over the medium term.
2015-04-29,16,The Committee is maintaining its existing policy of reinvesting principal payments from its holdings of agency debt and agency mortgage-backed securities in agency mortgage-backed securities and of rolling over maturing Treasury securities at auction.
2015-04-29,17,"This policy, by keeping the Committee's holdings of longer-term securities at sizable levels, should help maintain accommodative financial conditions."
2015-04-29,18,"When the Committee decides to begin to remove policy accommodation, it will take a balanced approach consistent with its longer-run goals of maximum employment and inflation of 2 percent."
2015-04-29,19,"The Committee currently anticipates that, even after employment and inflation are near mandate-consistent levels, economic conditions may, for some time, warrant keeping the target federal funds rate below levels the Committee views as normal in the longer run."
2015-06-17,0,Information received since the Federal Open Market Committee met in April suggests that economic activity has been expanding moderately after having changed little during the first quarter.
2015-06-17,1,The pace of job gains picked up while the unemployment rate remained steady.
2015-06-17,2,"On balance, a range of labor market indicators suggests that underutilization of labor resources diminished somewhat."
2015-06-17,3,"Growth in household spending has been moderate and the housing sector has shown some improvement; however, business fixed investment and net exports stayed soft."
2015-06-17,4,"Inflation continued to run below the Committee's longer-run objective, partly reflecting earlier declines in energy prices and decreasing prices of non-energy imports; energy prices appear to have stabilized."
2015-06-17,5,Market-based measures of inflation compensation remain low; survey-based measures of longer-term inflation expectations have remained stable.
2015-06-17,6,"Consistent with its statutory mandate, the Committee seeks to foster maximum employment and price stability."
2015-06-17,7,"The Committee expects that, with appropriate policy accommodation, economic activity will expand at a moderate pace, with labor market indicators continuing to move toward levels the Committee judges consistent with its dual mandate."
2015-06-17,8,The Committee continues to see the risks to the outlook for economic activity and the labor market as nearly balanced.
2015-06-17,9,"Inflation is anticipated to remain near its recent low level in the near term, but the Committee expects inflation to rise gradually toward 2 percent over the medium term as the labor market improves further and the transitory effects of earlier declines in energy and import prices dissipate."
2015-06-17,10,The Committee continues to monitor inflation developments closely.
2015-06-17,11,"To support continued progress toward maximum employment and price stability, the Committee today reaffirmed its view that the current 0 to 1/4 percent target range for the federal funds rate remains appropriate."
2015-06-17,12,"In determining how long to maintain this target range, the Committee will assess progress--both realized and expected--toward its objectives of maximum employment and 2 percent inflation."
2015-06-17,13,"This assessment will take into account a wide range of information, including measures of labor market conditions, indicators of inflation pressures and inflation expectations, and readings on financial and international developments."
2015-06-17,14,The Committee anticipates that it will be appropriate to raise the target range for the federal funds rate when it has seen further improvement in the labor market and is reasonably confident that inflation will move back to its 2 percent objective over the medium term.
2015-06-17,15,The Committee is maintaining its existing policy of reinvesting principal payments from its holdings of agency debt and agency mortgage-backed securities in agency mortgage-backed securities and of rolling over maturing Treasury securities at auction.
2015-06-17,16,"This policy, by keeping the Committee's holdings of longer-term securities at sizable levels, should help maintain accommodative financial conditions."
2015-06-17,17,"When the Committee decides to begin to remove policy accommodation, it will take a balanced approach consistent with its longer-run goals of maximum employment and inflation of 2 percent."
2015-06-17,18,"The Committee currently anticipates that, even after employment and inflation are near mandate-consistent levels, economic conditions may, for some time, warrant keeping the target federal funds rate below levels the Committee views as normal in the longer run."
2015-07-29,0,Information received since the Federal Open Market Committee met in June indicates that economic activity has been expanding moderately in recent months.
2015-07-29,1,"Growth in household spending has been moderate and the housing sector has shown additional improvement; however, business fixed investment and net exports stayed soft."
2015-07-29,2,"The labor market continued to improve, with solid job gains and declining unemployment."
2015-07-29,3,"On balance, a range of labor market indicators suggests that underutilization of labor resources has diminished since early this year."
2015-07-29,4,"Inflation continued to run below the Committee's longer-run objective, partly reflecting earlier declines in energy prices and decreasing prices of non-energy imports."
2015-07-29,5,Market-based measures of inflation compensation remain low; survey‑based measures of longer-term inflation expectations have remained stable.
2015-07-29,6,"Consistent with its statutory mandate, the Committee seeks to foster maximum employment and price stability."
2015-07-29,7,"The Committee expects that, with appropriate policy accommodation, economic activity will expand at a moderate pace, with labor market indicators continuing to move toward levels the Committee judges consistent with its dual mandate."
2015-07-29,8,The Committee continues to see the risks to the outlook for economic activity and the labor market as nearly balanced.
2015-07-29,9,"Inflation is anticipated to remain near its recent low level in the near term, but the Committee expects inflation to rise gradually toward 2 percent over the medium term as the labor market improves further and the transitory effects of earlier declines in energy and import prices dissipate."
2015-07-29,10,The Committee continues to monitor inflation developments closely.
2015-07-29,11,"To support continued progress toward maximum employment and price stability, the Committee today reaffirmed its view that the current 0 to 1/4 percent target range for the federal funds rate remains appropriate."
2015-07-29,12,"In determining how long to maintain this target range, the Committee will assess progress--both realized and expected--toward its objectives of maximum employment and 2 percent inflation."
2015-07-29,13,"This assessment will take into account a wide range of information, including measures of labor market conditions, indicators of inflation pressures and inflation expectations, and readings on financial and international developments."
2015-07-29,14,The Committee anticipates that it will be appropriate to raise the target range for the federal funds rate when it has seen some further improvement in the labor market and is reasonably confident that inflation will move back to its 2 percent objective over the medium term.
2015-07-29,15,The Committee is maintaining its existing policy of reinvesting principal payments from its holdings of agency debt and agency mortgage-backed securities in agency mortgage-backed securities and of rolling over maturing Treasury securities at auction.
2015-07-29,16,"This policy, by keeping the Committee's holdings of longer-term securities at sizable levels, should help maintain accommodative financial conditions."
2015-07-29,17,"When the Committee decides to begin to remove policy accommodation, it will take a balanced approach consistent with its longer-run goals of maximum employment and inflation of 2 percent."
2015-07-29,18,"The Committee currently anticipates that, even after employment and inflation are near mandate-consistent levels, economic conditions may, for some time, warrant keeping the target federal funds rate below levels the Committee views as normal in the longer run."
2015-09-17,0,Information received since the Federal Open Market Committee met in July suggests that economic activity is expanding at a moderate pace.
2015-09-17,1,"Household spending and business fixed investment have been increasing moderately, and the housing sector has improved further; however, net exports have been soft."
2015-09-17,2,"The labor market continued to improve, with solid job gains and declining unemployment."
2015-09-17,3,"On balance, labor market indicators show that underutilization of labor resources has diminished since early this year."
2015-09-17,4,"Inflation has continued to run below the Committee's longer-run objective, partly reflecting declines in energy prices and in prices of non-energy imports."
2015-09-17,5,Market-based measures of inflation compensation moved lower; survey-based measures of longer-term inflation expectations have remained stable.
2015-09-17,6,"Consistent with its statutory mandate, the Committee seeks to foster maximum employment and price stability."
2015-09-17,7,Recent global economic and financial developments may restrain economic activity somewhat and are likely to put further downward pressure on inflation in the near term.
2015-09-17,8,"Nonetheless, the Committee expects that, with appropriate policy accommodation, economic activity will expand at a moderate pace, with labor market indicators continuing to move toward levels the Committee judges consistent with its dual mandate."
2015-09-17,9,The Committee continues to see the risks to the outlook for economic activity and the labor market as nearly balanced but is monitoring developments abroad.
2015-09-17,10,Inflation is anticipated to remain near its recent low level in the near term but the Committee expects inflation to rise gradually toward 2 percent over the medium term as the labor market improves further and the transitory effects of declines in energy and import prices dissipate.
2015-09-17,11,The Committee continues to monitor inflation developments closely.
2015-09-17,12,"To support continued progress toward maximum employment and price stability, the Committee today reaffirmed its view that the current 0 to 1/4 percent target range for the federal funds rate remains appropriate."
2015-09-17,13,"In determining how long to maintain this target range, the Committee will assess progress--both realized and expected--toward its objectives of maximum employment and 2 percent inflation."
2015-09-17,14,"This assessment will take into account a wide range of information, including measures of labor market conditions, indicators of inflation pressures and inflation expectations, and readings on financial and international developments."
2015-09-17,15,The Committee anticipates that it will be appropriate to raise the target range for the federal funds rate when it has seen some further improvement in the labor market and is reasonably confident that inflation will move back to its 2 percent objective over the medium term.
2015-09-17,16,The Committee is maintaining its existing policy of reinvesting principal payments from its holdings of agency debt and agency mortgage-backed securities in agency mortgage-backed securities and of rolling over maturing Treasury securities at auction.
2015-09-17,17,"This policy, by keeping the Committee's holdings of longer-term securities at sizable levels, should help maintain accommodative financial conditions."
2015-09-17,18,"When the Committee decides to begin to remove policy accommodation, it will take a balanced approach consistent with its longer-run goals of maximum employment and inflation of 2 percent."
2015-09-17,19,"The Committee currently anticipates that, even after employment and inflation are near mandate-consistent levels, economic conditions may, for some time, warrant keeping the target federal funds rate below levels the Committee views as normal in the longer run."
2015-10-28,0,Information received since the Federal Open Market Committee met in September suggests that economic activity has been expanding at a moderate pace.
2015-10-28,1,"Household spending and business fixed investment have been increasing at solid rates in recent months, and the housing sector has improved further; however, net exports have been soft."
2015-10-28,2,The pace of job gains slowed and the unemployment rate held steady.
2015-10-28,3,"Nonetheless, labor market indicators, on balance, show that underutilization of labor resources has diminished since early this year."
2015-10-28,4,"Inflation has continued to run below the Committee's longer-run objective, partly reflecting declines in energy prices and in prices of non-energy imports."
2015-10-28,5,Market-based measures of inflation compensation moved slightly lower; survey-based measures of longer-term inflation expectations have remained stable.
2015-10-28,6,"Consistent with its statutory mandate, the Committee seeks to foster maximum employment and price stability."
2015-10-28,7,"The Committee expects that, with appropriate policy accommodation, economic activity will expand at a moderate pace, with labor market indicators continuing to move toward levels the Committee judges consistent with its dual mandate."
2015-10-28,8,The Committee continues to see the risks to the outlook for economic activity and the labor market as nearly balanced but is monitoring global economic and financial developments.
2015-10-28,9,Inflation is anticipated to remain near its recent low level in the near term but the Committee expects inflation to rise gradually toward 2 percent over the medium term as the labor market improves further and the transitory effects of declines in energy and import prices dissipate.
2015-10-28,10,The Committee continues to monitor inflation developments closely.
2015-10-28,11,"To support continued progress toward maximum employment and price stability, the Committee today reaffirmed its view that the current 0 to 1/4 percent target range for the federal funds rate remains appropriate."
2015-10-28,12,"In determining whether it will be appropriate to raise the target range at its next meeting, the Committee will assess progress--both realized and expected--toward its objectives of maximum employment and 2 percent inflation."
2015-10-28,13,"This assessment will take into account a wide range of information, including measures of labor market conditions, indicators of inflation pressures and inflation expectations, and readings on financial and international developments."
2015-10-28,14,The Committee anticipates that it will be appropriate to raise the target range for the federal funds rate when it has seen some further improvement in the labor market and is reasonably confident that inflation will move back to its 2 percent objective over the medium term.
2015-10-28,15,The Committee is maintaining its existing policy of reinvesting principal payments from its holdings of agency debt and agency mortgage-backed securities in agency mortgage-backed securities and of rolling over maturing Treasury securities at auction.
2015-10-28,16,"This policy, by keeping the Committee's holdings of longer-term securities at sizable levels, should help maintain accommodative financial conditions."
2015-10-28,17,"When the Committee decides to begin to remove policy accommodation, it will take a balanced approach consistent with its longer-run goals of maximum employment and inflation of 2 percent."
2015-10-28,18,"The Committee currently anticipates that, even after employment and inflation are near mandate-consistent levels, economic conditions may, for some time, warrant keeping the target federal funds rate below levels the Committee views as normal in the longer run."
2015-12-16,0,Information received since the Federal Open Market Committee met in October suggests that economic activity has been expanding at a moderate pace.
2015-12-16,1,"Household spending and business fixed investment have been increasing at solid rates in recent months, and the housing sector has improved further; however, net exports have been soft."
2015-12-16,2,"A range of recent labor market indicators, including ongoing job gains and declining unemployment, shows further improvement and confirms that underutilization of labor resources has diminished appreciably since early this year."
2015-12-16,3,"Inflation has continued to run below the Committee's 2 percent longer-run objective, partly reflecting declines in energy prices and in prices of non-energy imports."
2015-12-16,4,Market-based measures of inflation compensation remain low; some survey-based measures of longer-term inflation expectations have edged down.
2015-12-16,5,"Consistent with its statutory mandate, the Committee seeks to foster maximum employment and price stability."
2015-12-16,6,"The Committee currently expects that, with gradual adjustments in the stance of monetary policy, economic activity will continue to expand at a moderate pace and labor market indicators will continue to strengthen."
2015-12-16,7,"Overall, taking into account domestic and international developments, the Committee sees the risks to the outlook for both economic activity and the labor market as balanced."
2015-12-16,8,Inflation is expected to rise to 2 percent over the medium term as the transitory effects of declines in energy and import prices dissipate and the labor market strengthens further.
2015-12-16,9,The Committee continues to monitor inflation developments closely.
2015-12-16,10,"The Committee judges that there has been considerable improvement in labor market conditions this year, and it is reasonably confident that inflation will rise, over the medium term, to its 2 percent objective."
2015-12-16,11,"Given the economic outlook, and recognizing the time it takes for policy actions to affect future economic outcomes, the Committee decided to raise the target range for the federal funds rate to 1/4 to 1/2 percent."
2015-12-16,12,"The stance of monetary policy remains accommodative after this increase, thereby supporting further improvement in labor market conditions and a return to 2 percent inflation."
2015-12-16,13,"In determining the timing and size of future adjustments to the target range for the federal funds rate, the Committee will assess realized and expected economic conditions relative to its objectives of maximum employment and 2 percent inflation."
2015-12-16,14,"This assessment will take into account a wide range of information, including measures of labor market conditions, indicators of inflation pressures and inflation expectations, and readings on financial and international developments."
2015-12-16,15,"In light of the current shortfall of inflation from 2 percent, the Committee will carefully monitor actual and expected progress toward its inflation goal."
2015-12-16,16,"The Committee expects that economic conditions will evolve in a manner that will warrant only gradual increases in the federal funds rate; the federal funds rate is likely to remain, for some time, below levels that are expected to prevail in the longer run."
2015-12-16,17,"However, the actual path of the federal funds rate will depend on the economic outlook as informed by incoming data."
2015-12-16,18,"The Committee is maintaining its existing policy of reinvesting principal payments from its holdings of agency debt and agency mortgage-backed securities in agency mortgage-backed securities and of rolling over maturing Treasury securities at auction, and it anticipates doing so until normalization of the level of the federal funds rate is well under way."
2015-12-16,19,"This policy, by keeping the Committee's holdings of longer-term securities at sizable levels, should help maintain accommodative financial conditions."
2016-01-27,0,Information received since the Federal Open Market Committee met in December suggests that labor market conditions improved further even as economic growth slowed late last year.
2016-01-27,1,"Household spending and business fixed investment have been increasing at moderate rates in recent months, and the housing sector has improved further; however, net exports have been soft and inventory investment slowed."
2016-01-27,2,"A range of recent labor market indicators, including strong job gains, points to some additional decline in underutilization of labor resources."
2016-01-27,3,"Inflation has continued to run below the Committee's 2 percent longer-run objective, partly reflecting declines in energy prices and in prices of non-energy imports."
2016-01-27,4,"Market-based measures of inflation compensation declined further; survey-based measures of longer-term inflation expectations are little changed, on balance, in recent months."
2016-01-27,5,"Consistent with its statutory mandate, the Committee seeks to foster maximum employment and price stability."
2016-01-27,6,"The Committee currently expects that, with gradual adjustments in the stance of monetary policy, economic activity will expand at a moderate pace and labor market indicators will continue to strengthen."
2016-01-27,7,"Inflation is expected to remain low in the near term, in part because of the further declines in energy prices, but to rise to 2 percent over the medium term as the transitory effects of declines in energy and import prices dissipate and the labor market strengthens further."
2016-01-27,8,"The Committee is closely monitoring global economic and financial developments and is assessing their implications for the labor market and inflation, and for the balance of risks to the outlook."
2016-01-27,9,"Given the economic outlook, the Committee decided to maintain the target range for the federal funds rate at 1/4 to 1/2 percent."
2016-01-27,10,"The stance of monetary policy remains accommodative, thereby supporting further improvement in labor market conditions and a return to 2 percent inflation."
2016-01-27,11,"In determining the timing and size of future adjustments to the target range for the federal funds rate, the Committee will assess realized and expected economic conditions relative to its objectives of maximum employment and 2 percent inflation."
2016-01-27,12,"This assessment will take into account a wide range of information, including measures of labor market conditions, indicators of inflation pressures and inflation expectations, and readings on financial and international developments."
2016-01-27,13,"In light of the current shortfall of inflation from 2 percent, the Committee will carefully monitor actual and expected progress toward its inflation goal."
2016-01-27,14,"The Committee expects that economic conditions will evolve in a manner that will warrant only gradual increases in the federal funds rate; the federal funds rate is likely to remain, for some time, below levels that are expected to prevail in the longer run."
2016-01-27,15,"However, the actual path of the federal funds rate will depend on the economic outlook as informed by incoming data."
2016-01-27,16,"The Committee is maintaining its existing policy of reinvesting principal payments from its holdings of agency debt and agency mortgage-backed securities in agency mortgage-backed securities and of rolling over maturing Treasury securities at auction, and it anticipates doing so until normalization of the level of the federal funds rate is well under way."
2016-01-27,17,"This policy, by keeping the Committee's holdings of longer-term securities at sizable levels, should help maintain accommodative financial conditions."
2016-03-16,0,Information received since the Federal Open Market Committee met in January suggests that economic activity has been expanding at a moderate pace despite the global economic and financial developments of recent months.
2016-03-16,1,"Household spending has been increasing at a moderate rate, and the housing sector has improved further; however, business fixed investment and net exports have been soft."
2016-03-16,2,"A range of recent indicators, including strong job gains, points to additional strengthening of the labor market."
2016-03-16,3,"Inflation picked up in recent months; however, it continued to run below the Committee's 2 percent longer-run objective, partly reflecting declines in energy prices and in prices of non-energy imports."
2016-03-16,4,"Market-based measures of inflation compensation remain low; survey-based measures of longer-term inflation expectations are little changed, on balance, in recent months."
2016-03-16,5,"Consistent with its statutory mandate, the Committee seeks to foster maximum employment and price stability."
2016-03-16,6,"The Committee currently expects that, with gradual adjustments in the stance of monetary policy, economic activity will expand at a moderate pace and labor market indicators will continue to strengthen."
2016-03-16,7,"However, global economic and financial developments continue to pose risks."
2016-03-16,8,"Inflation is expected to remain low in the near term, in part because of earlier declines in energy prices, but to rise to 2 percent over the medium term as the transitory effects of declines in energy and import prices dissipate and the labor market strengthens further."
2016-03-16,9,The Committee continues to monitor inflation developments closely.
2016-03-16,10,"Against this backdrop, the Committee decided to maintain the target range for the federal funds rate at 1/4 to 1/2 percent."
2016-03-16,11,"The stance of monetary policy remains accommodative, thereby supporting further improvement in labor market conditions and a return to 2 percent inflation."
2016-03-16,12,"In determining the timing and size of future adjustments to the target range for the federal funds rate, the Committee will assess realized and expected economic conditions relative to its objectives of maximum employment and 2 percent inflation."
2016-03-16,13,"This assessment will take into account a wide range of information, including measures of labor market conditions, indicators of inflation pressures and inflation expectations, and readings on financial and international developments."
2016-03-16,14,"In light of the current shortfall of inflation from 2 percent, the Committee will carefully monitor actual and expected progress toward its inflation goal."
2016-03-16,15,"The Committee expects that economic conditions will evolve in a manner that will warrant only gradual increases in the federal funds rate; the federal funds rate is likely to remain, for some time, below levels that are expected to prevail in the longer run."
2016-03-16,16,"However, the actual path of the federal funds rate will depend on the economic outlook as informed by incoming data."
2016-03-16,17,"The Committee is maintaining its existing policy of reinvesting principal payments from its holdings of agency debt and agency mortgage-backed securities in agency mortgage-backed securities and of rolling over maturing Treasury securities at auction, and it anticipates doing so until normalization of the level of the federal funds rate is well under way."
2016-03-16,18,"This policy, by keeping the Committee's holdings of longer-term securities at sizable levels, should help maintain accommodative financial conditions."
2016-04-27,0,Information received since the Federal Open Market Committee met in March indicates that labor market conditions have improved further even as growth in economic activity appears to have slowed.
2016-04-27,1,"Growth in household spending has moderated, although households' real income has risen at a solid rate and consumer sentiment remains high."
2016-04-27,2,"Since the beginning of the year, the housing sector has improved further but business fixed investment and net exports have been soft."
2016-04-27,3,"A range of recent indicators, including strong job gains, points to additional strengthening of the labor market."
2016-04-27,4,"Inflation has continued to run below the Committee's 2 percent longer-run objective, partly reflecting earlier declines in energy prices and falling prices of non-energy imports."
2016-04-27,5,"Market-based measures of inflation compensation remain low; survey-based measures of longer-term inflation expectations are little changed, on balance, in recent months."
2016-04-27,6,"Consistent with its statutory mandate, the Committee seeks to foster maximum employment and price stability."
2016-04-27,7,"The Committee currently expects that, with gradual adjustments in the stance of monetary policy, economic activity will expand at a moderate pace and labor market indicators will continue to strengthen."
2016-04-27,8,"Inflation is expected to remain low in the near term, in part because of earlier declines in energy prices, but to rise to 2 percent over the medium term as the transitory effects of declines in energy and import prices dissipate and the labor market strengthens further."
2016-04-27,9,The Committee continues to closely monitor inflation indicators and global economic and financial developments.
2016-04-27,10,"Against this backdrop, the Committee decided to maintain the target range for the federal funds rate at 1/4 to 1/2 percent."
2016-04-27,11,"The stance of monetary policy remains accommodative, thereby supporting further improvement in labor market conditions and a return to 2 percent inflation."
2016-04-27,12,"In determining the timing and size of future adjustments to the target range for the federal funds rate, the Committee will assess realized and expected economic conditions relative to its objectives of maximum employment and 2 percent inflation."
2016-04-27,13,"This assessment will take into account a wide range of information, including measures of labor market conditions, indicators of inflation pressures and inflation expectations, and readings on financial and international developments."
2016-04-27,14,"In light of the current shortfall of inflation from 2 percent, the Committee will carefully monitor actual and expected progress toward its inflation goal."
2016-04-27,15,"The Committee expects that economic conditions will evolve in a manner that will warrant only gradual increases in the federal funds rate; the federal funds rate is likely to remain, for some time, below levels that are expected to prevail in the longer run."
2016-04-27,16,"However, the actual path of the federal funds rate will depend on the economic outlook as informed by incoming data."
2016-04-27,17,"The Committee is maintaining its existing policy of reinvesting principal payments from its holdings of agency debt and agency mortgage-backed securities in agency mortgage-backed securities and of rolling over maturing Treasury securities at auction, and it anticipates doing so until normalization of the level of the federal funds rate is well under way."
2016-04-27,18,"This policy, by keeping the Committee's holdings of longer-term securities at sizable levels, should help maintain accommodative financial conditions."
2016-06-15,0,Information received since the Federal Open Market Committee met in April indicates that the pace of improvement in the labor market has slowed while growth in economic activity appears to have picked up.
2016-06-15,1,"Although the unemployment rate has declined, job gains have diminished."
2016-06-15,2,Growth in household spending has strengthened.
2016-06-15,3,"Since the beginning of the year, the housing sector has continued to improve and the drag from net exports appears to have lessened, but business fixed investment has been soft."
2016-06-15,4,"Inflation has continued to run below the Committee's 2 percent longer-run objective, partly reflecting earlier declines in energy prices and in prices of non-energy imports."
2016-06-15,5,"Market-based measures of inflation compensation declined; most survey-based measures of longer-term inflation expectations are little changed, on balance, in recent months."
2016-06-15,6,"Consistent with its statutory mandate, the Committee seeks to foster maximum employment and price stability."
2016-06-15,7,"The Committee currently expects that, with gradual adjustments in the stance of monetary policy, economic activity will expand at a moderate pace and labor market indicators will strengthen."
2016-06-15,8,"Inflation is expected to remain low in the near term, in part because of earlier declines in energy prices, but to rise to 2 percent over the medium term as the transitory effects of past declines in energy and import prices dissipate and the labor market strengthens further."
2016-06-15,9,The Committee continues to closely monitor inflation indicators and global economic and financial developments.
2016-06-15,10,"Against this backdrop, the Committee decided to maintain the target range for the federal funds rate at 1/4 to 1/2 percent."
2016-06-15,11,"The stance of monetary policy remains accommodative, thereby supporting further improvement in labor market conditions and a return to 2 percent inflation."
2016-06-15,12,"In determining the timing and size of future adjustments to the target range for the federal funds rate, the Committee will assess realized and expected economic conditions relative to its objectives of maximum employment and 2 percent inflation."
2016-06-15,13,"This assessment will take into account a wide range of information, including measures of labor market conditions, indicators of inflation pressures and inflation expectations, and readings on financial and international developments."
2016-06-15,14,"In light of the current shortfall of inflation from 2 percent, the Committee will carefully monitor actual and expected progress toward its inflation goal."
2016-06-15,15,"The Committee expects that economic conditions will evolve in a manner that will warrant only gradual increases in the federal funds rate; the federal funds rate is likely to remain, for some time, below levels that are expected to prevail in the longer run."
2016-06-15,16,"However, the actual path of the federal funds rate will depend on the economic outlook as informed by incoming data."
2016-06-15,17,"The Committee is maintaining its existing policy of reinvesting principal payments from its holdings of agency debt and agency mortgage-backed securities in agency mortgage-backed securities and of rolling over maturing Treasury securities at auction, and it anticipates doing so until normalization of the level of the federal funds rate is well under way."
2016-06-15,18,"This policy, by keeping the Committee's holdings of longer-term securities at sizable levels, should help maintain accommodative financial conditions."
2016-07-27,0,Information received since the Federal Open Market Committee met in June indicates that the labor market strengthened and that economic activity has been expanding at a moderate rate.
2016-07-27,1,Job gains were strong in June following weak growth in May.
2016-07-27,2,"On balance, payrolls and other labor market indicators point to some increase in labor utilization in recent months."
2016-07-27,3,Household spending has been growing strongly but business fixed investment has been soft.
2016-07-27,4,"Inflation has continued to run below the Committee's 2 percent longer-run objective, partly reflecting earlier declines in energy prices and in prices of non-energy imports."
2016-07-27,5,"Market-based measures of inflation compensation remain low; most survey-based measures of longer-term inflation expectations are little changed, on balance, in recent months."
2016-07-27,6,"Consistent with its statutory mandate, the Committee seeks to foster maximum employment and price stability."
2016-07-27,7,"The Committee currently expects that, with gradual adjustments in the stance of monetary policy, economic activity will expand at a moderate pace and labor market indicators will strengthen."
2016-07-27,8,"Inflation is expected to remain low in the near term, in part because of earlier declines in energy prices, but to rise to 2 percent over the medium term as the transitory effects of past declines in energy and import prices dissipate and the labor market strengthens further."
2016-07-27,9,Near-term risks to the economic outlook have diminished.
2016-07-27,10,The Committee continues to closely monitor inflation indicators and global economic and financial developments.
2016-07-27,11,"Against this backdrop, the Committee decided to maintain the target range for the federal funds rate at 1/4 to 1/2 percent."
2016-07-27,12,"The stance of monetary policy remains accommodative, thereby supporting further improvement in labor market conditions and a return to 2 percent inflation."
2016-07-27,13,"In determining the timing and size of future adjustments to the target range for the federal funds rate, the Committee will assess realized and expected economic conditions relative to its objectives of maximum employment and 2 percent inflation."
2016-07-27,14,"This assessment will take into account a wide range of information, including measures of labor market conditions, indicators of inflation pressures and inflation expectations, and readings on financial and international developments."
2016-07-27,15,"In light of the current shortfall of inflation from 2 percent, the Committee will carefully monitor actual and expected progress toward its inflation goal."
2016-07-27,16,"The Committee expects that economic conditions will evolve in a manner that will warrant only gradual increases in the federal funds rate; the federal funds rate is likely to remain, for some time, below levels that are expected to prevail in the longer run."
2016-07-27,17,"However, the actual path of the federal funds rate will depend on the economic outlook as informed by incoming data."
2016-07-27,18,"The Committee is maintaining its existing policy of reinvesting principal payments from its holdings of agency debt and agency mortgage-backed securities in agency mortgage-backed securities and of rolling over maturing Treasury securities at auction, and it anticipates doing so until normalization of the level of the federal funds rate is well under way."
2016-07-27,19,"This policy, by keeping the Committee's holdings of longer-term securities at sizable levels, should help maintain accommodative financial conditions."
2016-09-21,0,Information received since the Federal Open Market Committee met in July indicates that the labor market has continued to strengthen and growth of economic activity has picked up from the modest pace seen in the first half of this year.
2016-09-21,1,"Although the unemployment rate is little changed in recent months, job gains have been solid, on average."
2016-09-21,2,Household spending has been growing strongly but business fixed investment has remained soft.
2016-09-21,3,"Inflation has continued to run below the Committee's 2 percent longer-run objective, partly reflecting earlier declines in energy prices and in prices of non-energy imports."
2016-09-21,4,"Market-based measures of inflation compensation remain low; most survey-based measures of longer-term inflation expectations are little changed, on balance, in recent months."
2016-09-21,5,"Consistent with its statutory mandate, the Committee seeks to foster maximum employment and price stability."
2016-09-21,6,"The Committee expects that, with gradual adjustments in the stance of monetary policy, economic activity will expand at a moderate pace and labor market conditions will strengthen somewhat further."
2016-09-21,7,"Inflation is expected to remain low in the near term, in part because of earlier declines in energy prices, but to rise to 2 percent over the medium term as the transitory effects of past declines in energy and import prices dissipate and the labor market strengthens further."
2016-09-21,8,Near-term risks to the economic outlook appear roughly balanced.
2016-09-21,9,The Committee continues to closely monitor inflation indicators and global economic and financial developments.
2016-09-21,10,"Against this backdrop, the Committee decided to maintain the target range for the federal funds rate at 1/4 to 1/2 percent."
2016-09-21,11,"The Committee judges that the case for an increase in the federal funds rate has strengthened but decided, for the time being, to wait for further evidence of continued progress toward its objectives."
2016-09-21,12,"The stance of monetary policy remains accommodative, thereby supporting further improvement in labor market conditions and a return to 2 percent inflation."
2016-09-21,13,"In determining the timing and size of future adjustments to the target range for the federal funds rate, the Committee will assess realized and expected economic conditions relative to its objectives of maximum employment and 2 percent inflation."
2016-09-21,14,"This assessment will take into account a wide range of information, including measures of labor market conditions, indicators of inflation pressures and inflation expectations, and readings on financial and international developments."
2016-09-21,15,"In light of the current shortfall of inflation from 2 percent, the Committee will carefully monitor actual and expected progress toward its inflation goal."
2016-09-21,16,"The Committee expects that economic conditions will evolve in a manner that will warrant only gradual increases in the federal funds rate; the federal funds rate is likely to remain, for some time, below levels that are expected to prevail in the longer run."
2016-09-21,17,"However, the actual path of the federal funds rate will depend on the economic outlook as informed by incoming data."
2016-09-21,18,"The Committee is maintaining its existing policy of reinvesting principal payments from its holdings of agency debt and agency mortgage-backed securities in agency mortgage-backed securities and of rolling over maturing Treasury securities at auction, and it anticipates doing so until normalization of the level of the federal funds rate is well under way."
2016-09-21,19,"This policy, by keeping the Committee's holdings of longer-term securities at sizable levels, should help maintain accommodative financial conditions."
2016-11-02,0,Information received since the Federal Open Market Committee met in September indicates that the labor market has continued to strengthen and growth of economic activity has picked up from the modest pace seen in the first half of this year.
2016-11-02,1,"Although the unemployment rate is little changed in recent months, job gains have been solid."
2016-11-02,2,Household spending has been rising moderately but business fixed investment has remained soft.
2016-11-02,3,"Inflation has increased somewhat since earlier this year but is still below the Committee's 2 percent longer-run objective, partly reflecting earlier declines in energy prices and in prices of non-energy imports."
2016-11-02,4,"Market-based measures of inflation compensation have moved up but remain low; most survey-based measures of longer-term inflation expectations are little changed, on balance, in recent months."
2016-11-02,5,"Consistent with its statutory mandate, the Committee seeks to foster maximum employment and price stability."
2016-11-02,6,"The Committee expects that, with gradual adjustments in the stance of monetary policy, economic activity will expand at a moderate pace and labor market conditions will strengthen somewhat further."
2016-11-02,7,Inflation is expected to rise to 2 percent over the medium term as the transitory effects of past declines in energy and import prices dissipate and the labor market strengthens further.
2016-11-02,8,Near-term risks to the economic outlook appear roughly balanced.
2016-11-02,9,The Committee continues to closely monitor inflation indicators and global economic and financial developments.
2016-11-02,10,"Against this backdrop, the Committee decided to maintain the target range for the federal funds rate at 1/4 to 1/2 percent."
2016-11-02,11,"The Committee judges that the case for an increase in the federal funds rate has continued to strengthen but decided, for the time being, to wait for some further evidence of continued progress toward its objectives."
2016-11-02,12,"The stance of monetary policy remains accommodative, thereby supporting further improvement in labor market conditions and a return to 2 percent inflation."
2016-11-02,13,"In determining the timing and size of future adjustments to the target range for the federal funds rate, the Committee will assess realized and expected economic conditions relative to its objectives of maximum employment and 2 percent inflation."
2016-11-02,14,"This assessment will take into account a wide range of information, including measures of labor market conditions, indicators of inflation pressures and inflation expectations, and readings on financial and international developments."
2016-11-02,15,"In light of the current shortfall of inflation from 2 percent, the Committee will carefully monitor actual and expected progress toward its inflation goal."
2016-11-02,16,"The Committee expects that economic conditions will evolve in a manner that will warrant only gradual increases in the federal funds rate; the federal funds rate is likely to remain, for some time, below levels that are expected to prevail in the longer run."
2016-11-02,17,"However, the actual path of the federal funds rate will depend on the economic outlook as informed by incoming data."
2016-11-02,18,"The Committee is maintaining its existing policy of reinvesting principal payments from its holdings of agency debt and agency mortgage-backed securities in agency mortgage-backed securities and of rolling over maturing Treasury securities at auction, and it anticipates doing so until normalization of the level of the federal funds rate is well under way."
2016-11-02,19,"This policy, by keeping the Committee's holdings of longer-term securities at sizable levels, should help maintain accommodative financial conditions."
2016-12-14,0,Information received since the Federal Open Market Committee met in November indicates that the labor market has continued to strengthen and that economic activity has been expanding at a moderate pace since mid-year.
2016-12-14,1,Job gains have been solid in recent months and the unemployment rate has declined.
2016-12-14,2,Household spending has been rising moderately but business fixed investment has remained soft.
2016-12-14,3,"Inflation has increased since earlier this year but is still below the Committee's 2 percent longer-run objective, partly reflecting earlier declines in energy prices and in prices of non-energy imports."
2016-12-14,4,"Market-based measures of inflation compensation have moved up considerably but still are low; most survey-based measures of longer-term inflation expectations are little changed, on balance, in recent months."
2016-12-14,5,"Consistent with its statutory mandate, the Committee seeks to foster maximum employment and price stability."
2016-12-14,6,"The Committee expects that, with gradual adjustments in the stance of monetary policy, economic activity will expand at a moderate pace and labor market conditions will strengthen somewhat further."
2016-12-14,7,Inflation is expected to rise to 2 percent over the medium term as the transitory effects of past declines in energy and import prices dissipate and the labor market strengthens further.
2016-12-14,8,Near-term risks to the economic outlook appear roughly balanced.
2016-12-14,9,The Committee continues to closely monitor inflation indicators and global economic and financial developments.
2016-12-14,10,"In view of realized and expected labor market conditions and inflation, the Committee decided to raise the target range for the federal funds rate to 1/2 to 3/4 percent."
2016-12-14,11,"The stance of monetary policy remains accommodative, thereby supporting some further strengthening in labor market conditions and a return to 2 percent inflation."
2016-12-14,12,"In determining the timing and size of future adjustments to the target range for the federal funds rate, the Committee will assess realized and expected economic conditions relative to its objectives of maximum employment and 2 percent inflation."
2016-12-14,13,"This assessment will take into account a wide range of information, including measures of labor market conditions, indicators of inflation pressures and inflation expectations, and readings on financial and international developments."
2016-12-14,14,"In light of the current shortfall of inflation from 2 percent, the Committee will carefully monitor actual and expected progress toward its inflation goal."
2016-12-14,15,"The Committee expects that economic conditions will evolve in a manner that will warrant only gradual increases in the federal funds rate; the federal funds rate is likely to remain, for some time, below levels that are expected to prevail in the longer run."
2016-12-14,16,"However, the actual path of the federal funds rate will depend on the economic outlook as informed by incoming data."
2016-12-14,17,"The Committee is maintaining its existing policy of reinvesting principal payments from its holdings of agency debt and agency mortgage-backed securities in agency mortgage-backed securities and of rolling over maturing Treasury securities at auction, and it anticipates doing so until normalization of the level of the federal funds rate is well under way."
2016-12-14,18,"This policy, by keeping the Committee's holdings of longer-term securities at sizable levels, should help maintain accommodative financial conditions."
2017-02-01,0,Information received since the Federal Open Market Committee met in December indicates that the labor market has continued to strengthen and that economic activity has continued to expand at a moderate pace.
2017-02-01,1,Job gains remained solid and the unemployment rate stayed near its recent low.
2017-02-01,2,Household spending has continued to rise moderately while business fixed investment has remained soft.
2017-02-01,3,Measures of consumer and business sentiment have improved of late.
2017-02-01,4,Inflation increased in recent quarters but is still below the Committee's 2 percent longer-run objective.
2017-02-01,5,"Market-based measures of inflation compensation remain low; most survey-based measures of longer-term inflation expectations are little changed, on balance."
2017-02-01,6,"Consistent with its statutory mandate, the Committee seeks to foster maximum employment and price stability."
2017-02-01,7,"The Committee expects that, with gradual adjustments in the stance of monetary policy, economic activity will expand at a moderate pace, labor market conditions will strengthen somewhat further, and inflation will rise to 2 percent over the medium term."
2017-02-01,8,Near-term risks to the economic outlook appear roughly balanced.
2017-02-01,9,The Committee continues to closely monitor inflation indicators and global economic and financial developments.
2017-02-01,10,"In view of realized and expected labor market conditions and inflation, the Committee decided to maintain the target range for the federal funds rate at 1/2 to 3/4 percent."
2017-02-01,11,"The stance of monetary policy remains accommodative, thereby supporting some further strengthening in labor market conditions and a return to 2 percent inflation."
2017-02-01,12,"In determining the timing and size of future adjustments to the target range for the federal funds rate, the Committee will assess realized and expected economic conditions relative to its objectives of maximum employment and 2 percent inflation."
2017-02-01,13,"This assessment will take into account a wide range of information, including measures of labor market conditions, indicators of inflation pressures and inflation expectations, and readings on financial and international developments."
2017-02-01,14,"In light of the current shortfall of inflation from 2 percent, the Committee will carefully monitor actual and expected progress toward its inflation goal."
2017-02-01,15,"The Committee expects that economic conditions will evolve in a manner that will warrant only gradual increases in the federal funds rate; the federal funds rate is likely to remain, for some time, below levels that are expected to prevail in the longer run."
2017-02-01,16,"However, the actual path of the federal funds rate will depend on the economic outlook as informed by incoming data."
2017-02-01,17,"The Committee is maintaining its existing policy of reinvesting principal payments from its holdings of agency debt and agency mortgage-backed securities in agency mortgage-backed securities and of rolling over maturing Treasury securities at auction, and it anticipates doing so until normalization of the level of the federal funds rate is well under way."
2017-02-01,18,"This policy, by keeping the Committee's holdings of longer-term securities at sizable levels, should help maintain accommodative financial conditions."
2017-03-15,0,Information received since the Federal Open Market Committee met in February indicates that the labor market has continued to strengthen and that economic activity has continued to expand at a moderate pace.
2017-03-15,1,Job gains remained solid and the unemployment rate was little changed in recent months.
2017-03-15,2,Household spending has continued to rise moderately while business fixed investment appears to have firmed somewhat.
2017-03-15,3,"Inflation has increased in recent quarters, moving close to the Committee's 2 percent longer-run objective; excluding energy and food prices, inflation was little changed and continued to run somewhat below 2 percent."
2017-03-15,4,"Market-based measures of inflation compensation remain low; survey-based measures of longer-term inflation expectations are little changed, on balance."
2017-03-15,5,"Consistent with its statutory mandate, the Committee seeks to foster maximum employment and price stability."
2017-03-15,6,"The Committee expects that, with gradual adjustments in the stance of monetary policy, economic activity will expand at a moderate pace, labor market conditions will strengthen somewhat further, and inflation will stabilize around 2 percent over the medium term."
2017-03-15,7,Near-term risks to the economic outlook appear roughly balanced.
2017-03-15,8,The Committee continues to closely monitor inflation indicators and global economic and financial developments.
2017-03-15,9,"In view of realized and expected labor market conditions and inflation, the Committee decided to raise the target range for the federal funds rate to 3/4 to 1 percent."
2017-03-15,10,"The stance of monetary policy remains accommodative, thereby supporting some further strengthening in labor market conditions and a sustained return to 2 percent inflation."
2017-03-15,11,"In determining the timing and size of future adjustments to the target range for the federal funds rate, the Committee will assess realized and expected economic conditions relative to its objectives of maximum employment and 2 percent inflation."
2017-03-15,12,"This assessment will take into account a wide range of information, including measures of labor market conditions, indicators of inflation pressures and inflation expectations, and readings on financial and international developments."
2017-03-15,13,The Committee will carefully monitor actual and expected inflation developments relative to its symmetric inflation goal.
2017-03-15,14,"The Committee expects that economic conditions will evolve in a manner that will warrant gradual increases in the federal funds rate; the federal funds rate is likely to remain, for some time, below levels that are expected to prevail in the longer run."
2017-03-15,15,"However, the actual path of the federal funds rate will depend on the economic outlook as informed by incoming data."
2017-03-15,16,"The Committee is maintaining its existing policy of reinvesting principal payments from its holdings of agency debt and agency mortgage-backed securities in agency mortgage-backed securities and of rolling over maturing Treasury securities at auction, and it anticipates doing so until normalization of the level of the federal funds rate is well under way."
2017-03-15,17,"This policy, by keeping the Committee's holdings of longer-term securities at sizable levels, should help maintain accommodative financial conditions."
2017-05-03,0,Information received since the Federal Open Market Committee met in March indicates that the labor market has continued to strengthen even as growth in economic activity slowed.
2017-05-03,1,"Job gains were solid, on average, in recent months, and the unemployment rate declined."
2017-05-03,2,"Household spending rose only modestly, but the fundamentals underpinning the continued growth of consumption remained solid."
2017-05-03,3,Inflation measured on a 12-month basis recently has been running close to the Committee's 2 percent longer-run objective.
2017-05-03,4,"Excluding energy and food, consumer prices declined in March and inflation continued to run somewhat below 2 percent."
2017-05-03,5,"Market-based measures of inflation compensation remain low; survey-based measures of longer-term inflation expectations are little changed, on balance."
2017-05-03,6,"Consistent with its statutory mandate, the Committee seeks to foster maximum employment and price stability."
2017-05-03,7,"The Committee views the slowing in growth during the first quarter as likely to be transitory and continues to expect that, with gradual adjustments in the stance of monetary policy, economic activity will expand at a moderate pace, labor market conditions will strengthen somewhat further, and inflation will stabilize around 2 percent over the medium term."
2017-05-03,8,Near-term risks to the economic outlook appear roughly balanced.
2017-05-03,9,The Committee continues to closely monitor inflation indicators and global economic and financial developments.
2017-05-03,10,"In view of realized and expected labor market conditions and inflation, the Committee decided to maintain the target range for the federal funds rate at 3/4 to 1 percent."
2017-05-03,11,"The stance of monetary policy remains accommodative, thereby supporting some further strengthening in labor market conditions and a sustained return to 2 percent inflation."
2017-05-03,12,"In determining the timing and size of future adjustments to the target range for the federal funds rate, the Committee will assess realized and expected economic conditions relative to its objectives of maximum employment and 2 percent inflation."
2017-05-03,13,"This assessment will take into account a wide range of information, including measures of labor market conditions, indicators of inflation pressures and inflation expectations, and readings on financial and international developments."
2017-05-03,14,The Committee will carefully monitor actual and expected inflation developments relative to its symmetric inflation goal.
2017-05-03,15,"The Committee expects that economic conditions will evolve in a manner that will warrant gradual increases in the federal funds rate; the federal funds rate is likely to remain, for some time, below levels that are expected to prevail in the longer run."
2017-05-03,16,"However, the actual path of the federal funds rate will depend on the economic outlook as informed by incoming data."
2017-05-03,17,"The Committee is maintaining its existing policy of reinvesting principal payments from its holdings of agency debt and agency mortgage-backed securities in agency mortgage-backed securities and of rolling over maturing Treasury securities at auction, and it anticipates doing so until normalization of the level of the federal funds rate is well under way."
2017-05-03,18,"This policy, by keeping the Committee's holdings of longer-term securities at sizable levels, should help maintain accommodative financial conditions."
2017-06-14,0,Information received since the Federal Open Market Committee met in May indicates that the labor market has continued to strengthen and that economic activity has been rising moderately so far this year.
2017-06-14,1,"Job gains have moderated but have been solid, on average, since the beginning of the year, and the unemployment rate has declined."
2017-06-14,2,"Household spending has picked up in recent months, and business fixed investment has continued to expand."
2017-06-14,3,"On a 12-month basis, inflation has declined recently and, like the measure excluding food and energy prices, is running somewhat below 2 percent."
2017-06-14,4,"Market-based measures of inflation compensation remain low; survey-based measures of longer-term inflation expectations are little changed, on balance."
2017-06-14,5,"Consistent with its statutory mandate, the Committee seeks to foster maximum employment and price stability."
2017-06-14,6,"The Committee continues to expect that, with gradual adjustments in the stance of monetary policy, economic activity will expand at a moderate pace, and labor market conditions will strengthen somewhat further."
2017-06-14,7,Inflation on a 12-month basis is expected to remain somewhat below 2 percent in the near term but to stabilize around the Committee's 2 percent objective over the medium term.
2017-06-14,8,"Near-term risks to the economic outlook appear roughly balanced, but the Committee is monitoring inflation developments closely."
2017-06-14,9,"In view of realized and expected labor market conditions and inflation, the Committee decided to raise the target range for the federal funds rate to 1 to 1-1/4 percent."
2017-06-14,10,"The stance of monetary policy remains accommodative, thereby supporting some further strengthening in labor market conditions and a sustained return to 2 percent inflation."
2017-06-14,11,"In determining the timing and size of future adjustments to the target range for the federal funds rate, the Committee will assess realized and expected economic conditions relative to its objectives of maximum employment and 2 percent inflation."
2017-06-14,12,"This assessment will take into account a wide range of information, including measures of labor market conditions, indicators of inflation pressures and inflation expectations, and readings on financial and international developments."
2017-06-14,13,The Committee will carefully monitor actual and expected inflation developments relative to its symmetric inflation goal.
2017-06-14,14,"The Committee expects that economic conditions will evolve in a manner that will warrant gradual increases in the federal funds rate; the federal funds rate is likely to remain, for some time, below levels that are expected to prevail in the longer run."
2017-06-14,15,"However, the actual path of the federal funds rate will depend on the economic outlook as informed by incoming data."
2017-06-14,16,The Committee is maintaining its existing policy of reinvesting principal payments from its holdings of agency debt and agency mortgage-backed securities in agency mortgage-backed securities and of rolling over maturing Treasury securities at auction.
2017-06-14,17,"The Committee currently expects to begin implementing a balance sheet normalization program this year, provided that the economy evolves broadly as anticipated."
2017-06-14,18,"This program, which would gradually reduce the Federal Reserve's securities holdings by decreasing reinvestment of principal payments from those securities, is described in the accompanying addendum to the Committee's Policy Normalization Principles and Plans."
2017-07-26,0,Information received since the Federal Open Market Committee met in June indicates that the labor market has continued to strengthen and that economic activity has been rising moderately so far this year.
2017-07-26,1,"Job gains have been solid, on average, since the beginning of the year, and the unemployment rate has declined."
2017-07-26,2,Household spending and business fixed investment have continued to expand.
2017-07-26,3,"On a 12-month basis, overall inflation and the measure excluding food and energy prices have declined and are running below 2 percent."
2017-07-26,4,"Market-based measures of inflation compensation remain low; survey-based measures of longer-term inflation expectations are little changed, on balance."
2017-07-26,5,"Consistent with its statutory mandate, the Committee seeks to foster maximum employment and price stability."
2017-07-26,6,"The Committee continues to expect that, with gradual adjustments in the stance of monetary policy, economic activity will expand at a moderate pace, and labor market conditions will strengthen somewhat further."
2017-07-26,7,Inflation on a 12-month basis is expected to remain somewhat below 2 percent in the near term but to stabilize around the Committee's 2 percent objective over the medium term.
2017-07-26,8,"Near-term risks to the economic outlook appear roughly balanced, but the Committee is monitoring inflation developments closely."
2017-07-26,9,"In view of realized and expected labor market conditions and inflation, the Committee decided to maintain the target range for the federal funds rate at 1 to 1-1/4 percent."
2017-07-26,10,"The stance of monetary policy remains accommodative, thereby supporting some further strengthening in labor market conditions and a sustained return to 2 percent inflation."
2017-07-26,11,"In determining the timing and size of future adjustments to the target range for the federal funds rate, the Committee will assess realized and expected economic conditions relative to its objectives of maximum employment and 2 percent inflation."
2017-07-26,12,"This assessment will take into account a wide range of information, including measures of labor market conditions, indicators of inflation pressures and inflation expectations, and readings on financial and international developments."
2017-07-26,13,The Committee will carefully monitor actual and expected inflation developments relative to its symmetric inflation goal.
2017-07-26,14,"The Committee expects that economic conditions will evolve in a manner that will warrant gradual increases in the federal funds rate; the federal funds rate is likely to remain, for some time, below levels that are expected to prevail in the longer run."
2017-07-26,15,"However, the actual path of the federal funds rate will depend on the economic outlook as informed by incoming data."
2017-07-26,16,"For the time being, the Committee is maintaining its existing policy of reinvesting principal payments from its holdings of agency debt and agency mortgage-backed securities in agency mortgage-backed securities and of rolling over maturing Treasury securities at auction."
2017-07-26,17,"The Committee expects to begin implementing its balance sheet normalization program relatively soon, provided that the economy evolves broadly as anticipated; this program is described in the June 2017 Addendum to the Committee's Policy Normalization Principles and Plans."
2017-09-20,0,Information received since the Federal Open Market Committee met in July indicates that the labor market has continued to strengthen and that economic activity has been rising moderately so far this year.
2017-09-20,1,"Job gains have remained solid in recent months, and the unemployment rate has stayed low."
2017-09-20,2,"Household spending has been expanding at a moderate rate, and growth in business fixed investment has picked up in recent quarters."
2017-09-20,3,"On a 12-month basis, overall inflation and the measure excluding food and energy prices have declined this year and are running below 2 percent."
2017-09-20,4,"Market-based measures of inflation compensation remain low; survey-based measures of longer-term inflation expectations are little changed, on balance."
2017-09-20,5,"Consistent with its statutory mandate, the Committee seeks to foster maximum employment and price stability."
2017-09-20,6,"Hurricanes Harvey, Irma, and Maria have devastated many communities, inflicting severe hardship."
2017-09-20,7,"Storm-related disruptions and rebuilding will affect economic activity in the near term, but past experience suggests that the storms are unlikely to materially alter the course of the national economy over the medium term."
2017-09-20,8,"Consequently, the Committee continues to expect that, with gradual adjustments in the stance of monetary policy, economic activity will expand at a moderate pace, and labor market conditions will strengthen somewhat further."
2017-09-20,9,"Higher prices for gasoline and some other items in the aftermath of the hurricanes will likely boost inflation temporarily; apart from that effect, inflation on a 12-month basis is expected to remain somewhat below 2 percent in the near term but to stabilize around the Committee's 2 percent objective over the medium term."
2017-09-20,10,"Near-term risks to the economic outlook appear roughly balanced, but the Committee is monitoring inflation developments closely."
2017-09-20,11,"In view of realized and expected labor market conditions and inflation, the Committee decided to maintain the target range for the federal funds rate at 1 to 1-1/4 percent."
2017-09-20,12,"The stance of monetary policy remains accommodative, thereby supporting some further strengthening in labor market conditions and a sustained return to 2 percent inflation."
2017-09-20,13,"In determining the timing and size of future adjustments to the target range for the federal funds rate, the Committee will assess realized and expected economic conditions relative to its objectives of maximum employment and 2 percent inflation."
2017-09-20,14,"This assessment will take into account a wide range of information, including measures of labor market conditions, indicators of inflation pressures and inflation expectations, and readings on financial and international developments."
2017-09-20,15,The Committee will carefully monitor actual and expected inflation developments relative to its symmetric inflation goal.
2017-09-20,16,"The Committee expects that economic conditions will evolve in a manner that will warrant gradual increases in the federal funds rate; the federal funds rate is likely to remain, for some time, below levels that are expected to prevail in the longer run."
2017-09-20,17,"However, the actual path of the federal funds rate will depend on the economic outlook as informed by incoming data."
2017-09-20,18,"In October, the Committee will initiate the balance sheet normalization program described in the June 2017 Addendum to the Committee's Policy Normalization Principles and Plans."
2017-11-01,0,Information received since the Federal Open Market Committee met in September indicates that the labor market has continued to strengthen and that economic activity has been rising at a solid rate despite hurricane-related disruptions.
2017-11-01,1,"Although the hurricanes caused a drop in payroll employment in September, the unemployment rate declined further."
2017-11-01,2,"Household spending has been expanding at a moderate rate, and growth in business fixed investment has picked up in recent quarters."
2017-11-01,3,"Gasoline prices rose in the aftermath of the hurricanes, boosting overall inflation in September; however, inflation for items other than food and energy remained soft."
2017-11-01,4,"On a 12-month basis, both inflation measures have declined this year and are running below 2 percent."
2017-11-01,5,"Market-based measures of inflation compensation remain low; survey-based measures of longer-term inflation expectations are little changed, on balance."
2017-11-01,6,"Consistent with its statutory mandate, the Committee seeks to foster maximum employment and price stability."
2017-11-01,7,"Hurricane-related disruptions and rebuilding will continue to affect economic activity, employment, and inflation in the near term, but past experience suggests that the storms are unlikely to materially alter the course of the national economy over the medium term."
2017-11-01,8,"Consequently, the Committee continues to expect that, with gradual adjustments in the stance of monetary policy, economic activity will expand at a moderate pace, and labor market conditions will strengthen somewhat further."
2017-11-01,9,Inflation on a 12-month basis is expected to remain somewhat below 2 percent in the near term but to stabilize around the Committee's 2 percent objective over the medium term.
2017-11-01,10,"Near-term risks to the economic outlook appear roughly balanced, but the Committee is monitoring inflation developments closely."
2017-11-01,11,"In view of realized and expected labor market conditions and inflation, the Committee decided to maintain the target range for the federal funds rate at 1 to 1-1/4 percent."
2017-11-01,12,"The stance of monetary policy remains accommodative, thereby supporting some further strengthening in labor market conditions and a sustained return to 2 percent inflation."
2017-11-01,13,"In determining the timing and size of future adjustments to the target range for the federal funds rate, the Committee will assess realized and expected economic conditions relative to its objectives of maximum employment and 2 percent inflation."
2017-11-01,14,"This assessment will take into account a wide range of information, including measures of labor market conditions, indicators of inflation pressures and inflation expectations, and readings on financial and international developments."
2017-11-01,15,The Committee will carefully monitor actual and expected inflation developments relative to its symmetric inflation goal.
2017-11-01,16,"The Committee expects that economic conditions will evolve in a manner that will warrant gradual increases in the federal funds rate; the federal funds rate is likely to remain, for some time, below levels that are expected to prevail in the longer run."
2017-11-01,17,"However, the actual path of the federal funds rate will depend on the economic outlook as informed by incoming data."
2017-11-01,18,The balance sheet normalization program initiated in October 2017 is proceeding.
2017-12-13,0,Information received since the Federal Open Market Committee met in November indicates that the labor market has continued to strengthen and that economic activity has been rising at a solid rate.
2017-12-13,1,"Averaging through hurricane-related fluctuations, job gains have been solid, and the unemployment rate declined further."
2017-12-13,2,"Household spending has been expanding at a moderate rate, and growth in business fixed investment has picked up in recent quarters."
2017-12-13,3,"On a 12-month basis, both overall inflation and inflation for items other than food and energy have declined this year and are running below 2 percent."
2017-12-13,4,"Market-based measures of inflation compensation remain low; survey-based measures of longer-term inflation expectations are little changed, on balance."
2017-12-13,5,"Consistent with its statutory mandate, the Committee seeks to foster maximum employment and price stability."
2017-12-13,6,"Hurricane-related disruptions and rebuilding have affected economic activity, employment, and inflation in recent months but have not materially altered the outlook for the national economy."
2017-12-13,7,"Consequently, the Committee continues to expect that, with gradual adjustments in the stance of monetary policy, economic activity will expand at a moderate pace and labor market conditions will remain strong."
2017-12-13,8,Inflation on a 12âmonth basis is expected to remain somewhat below 2 percent in the near term but to stabilize around the Committee's 2 percent objective over the medium term.
2017-12-13,9,"Near-term risks to the economic outlook appear roughly balanced, but the Committee is monitoring inflation developments closely."
2017-12-13,10,"In view of realized and expected labor market conditions and inflation, the Committee decided to raise the target range for the federal funds rate to 1-1/4 to 1â1/2 percent."
2017-12-13,11,"The stance of monetary policy remains accommodative, thereby supporting strong labor market conditions and a sustained return to 2 percent inflation."
2017-12-13,12,"In determining the timing and size of future adjustments to the target range for the federal funds rate, the Committee will assess realized and expected economic conditions relative to its objectives of maximum employment and 2 percent inflation."
2017-12-13,13,"This assessment will take into account a wide range of information, including measures of labor market conditions, indicators of inflation pressures and inflation expectations, and readings on financial and international developments."
2017-12-13,14,The Committee will carefully monitor actual and expected inflation developments relative to its symmetric inflation goal.
2017-12-13,15,"The Committee expects that economic conditions will evolve in a manner that will warrant gradual increases in the federal funds rate; the federal funds rate is likely to remain, for some time, below levels that are expected to prevail in the longer run."
2017-12-13,16,"However, the actual path of the federal funds rate will depend on the economic outlook as informed by incoming data."
2018-01-31,0,Information received since the Federal Open Market Committee met in December indicates that the labor market has continued to strengthen and that economic activity has been rising at a solid rate.
2018-01-31,1,"Gains in employment, household spending, and business fixed investment have been solid, and the unemployment rate has stayed low."
2018-01-31,2,"On a 12-month basis, both overall inflation and inflation for items other than food and energy have continued to run below 2 percent."
2018-01-31,3,"Market-based measures of inflation compensation have increased in recent months but remain low; survey-based measures of longer-term inflation expectations are little changed, on balance."
2018-01-31,4,"Consistent with its statutory mandate, the Committee seeks to foster maximum employment and price stability."
2018-01-31,5,"The Committee expects that, with further gradual adjustments in the stance of monetary policy, economic activity will expand at a moderate pace and labor market conditions will remain strong."
2018-01-31,6,Inflation on a 12âmonth basis is expected to move up this year and to stabilize around the Committee's 2 percent objective over the medium term.
2018-01-31,7,"Near-term risks to the economic outlook appear roughly balanced, but the Committee is monitoring inflation developments closely."
2018-01-31,8,"In view of realized and expected labor market conditions and inflation, the Committee decided to maintain the target range for the federal funds rate at 1-1/4 to 1â1/2 percent."
2018-01-31,9,"The stance of monetary policy remains accommodative, thereby supporting strong labor market conditions and a sustained return to 2 percent inflation."
2018-01-31,10,"In determining the timing and size of future adjustments to the target range for the federal funds rate, the Committee will assess realized and expected economic conditions relative to its objectives of maximum employment and 2 percent inflation."
2018-01-31,11,"This assessment will take into account a wide range of information, including measures of labor market conditions, indicators of inflation pressures and inflation expectations, and readings on financial and international developments."
2018-01-31,12,The Committee will carefully monitor actual and expected inflation developments relative to its symmetric inflation goal.
2018-01-31,13,"The Committee expects that economic conditions will evolve in a manner that will warrant further gradual increases in the federal funds rate; the federal funds rate is likely to remain, for some time, below levels that are expected to prevail in the longer run."
2018-01-31,14,"However, the actual path of the federal funds rate will depend on the economic outlook as informed by incoming data."
2018-03-21,0,Information received since the Federal Open Market Committee met in January indicates that the labor market has continued to strengthen and that economic activity has been rising at a moderate rate.
2018-03-21,1,"Job gains have been strong in recent months, and the unemployment rate has stayed low."
2018-03-21,2,Recent data suggest that growth rates of household spending and business fixed investment have moderated from their strong fourth-quarter readings.
2018-03-21,3,"On a 12-month basis, both overall inflation and inflation for items other than food and energy have continued to run below 2 percent."
2018-03-21,4,"Market-based measures of inflation compensation have increased in recent months but remain low; survey-based measures of longer-term inflation expectations are little changed, on balance."
2018-03-21,5,"Consistent with its statutory mandate, the Committee seeks to foster maximum employment and price stability."
2018-03-21,6,The economic outlook has strengthened in recent months.
2018-03-21,7,"The Committee expects that, with further gradual adjustments in the stance of monetary policy, economic activity will expand at a moderate pace in the medium term and labor market conditions will remain strong."
2018-03-21,8,Inflation on a 12-month basis is expected to move up in coming months and to stabilize around the Committee's 2 percent objective over the medium term.
2018-03-21,9,"Near-term risks to the economic outlook appear roughly balanced, but the Committee is monitoring inflation developments closely."
2018-03-21,10,"In view of realized and expected labor market conditions and inflation, the Committee decided to raise the target range for the federal funds rate to 1-1/2 to 1-3/4 percent."
2018-03-21,11,"The stance of monetary policy remains accommodative, thereby supporting strong labor market conditions and a sustained return to 2 percent inflation."
2018-03-21,12,"In determining the timing and size of future adjustments to the target range for the federal funds rate, the Committee will assess realized and expected economic conditions relative to its objectives of maximum employment and 2 percent inflation."
2018-03-21,13,"This assessment will take into account a wide range of information, including measures of labor market conditions, indicators of inflation pressures and inflation expectations, and readings on financial and international developments."
2018-03-21,14,The Committee will carefully monitor actual and expected inflation developments relative to its symmetric inflation goal.
2018-03-21,15,"The Committee expects that economic conditions will evolve in a manner that will warrant further gradual increases in the federal funds rate; the federal funds rate is likely to remain, for some time, below levels that are expected to prevail in the longer run."
2018-03-21,16,"However, the actual path of the federal funds rate will depend on the economic outlook as informed by incoming data."
2018-05-02,0,Information received since the Federal Open Market Committee met in March indicates that the labor market has continued to strengthen and that economic activity has been rising at a moderate rate.
2018-05-02,1,"Job gains have been strong, on average, in recent months, and the unemployment rate has stayed low."
2018-05-02,2,"Recent data suggest that growth of household spending moderated from its strong fourth-quarter pace, while business fixed investment continued to grow strongly."
2018-05-02,3,"On a 12-month basis, both overall inflation and inflation for items other than food and energy have moved close to 2 percent."
2018-05-02,4,"Market-based measures of inflation compensation remain low; survey-based measures of longer-term inflation expectations are little changed, on balance."
2018-05-02,5,"Consistent with its statutory mandate, the Committee seeks to foster maximum employment and price stability."
2018-05-02,6,"The Committee expects that, with further gradual adjustments in the stance of monetary policy, economic activity will expand at a moderate pace in the medium term and labor market conditions will remain strong."
2018-05-02,7,Inflation on a 12-month basis is expected to run near the Committee's symmetric 2 percent objective over the medium term.
2018-05-02,8,Risks to the economic outlook appear roughly balanced.
2018-05-02,9,"In view of realized and expected labor market conditions and inflation, the Committee decided to maintain the target range for the federal funds rate at 1-1/2 to 1-3/4 percent."
2018-05-02,10,"The stance of monetary policy remains accommodative, thereby supporting strong labor market conditions and a sustained return to 2 percent inflation."
2018-05-02,11,"In determining the timing and size of future adjustments to the target range for the federal funds rate, the Committee will assess realized and expected economic conditions relative to its objectives of maximum employment and 2 percent inflation."
2018-05-02,12,"This assessment will take into account a wide range of information, including measures of labor market conditions, indicators of inflation pressures and inflation expectations, and readings on financial and international developments."
2018-05-02,13,The Committee will carefully monitor actual and expected inflation developments relative to its symmetric inflation goal.
2018-05-02,14,"The Committee expects that economic conditions will evolve in a manner that will warrant further gradual increases in the federal funds rate; the federal funds rate is likely to remain, for some time, below levels that are expected to prevail in the longer run."
2018-05-02,15,"However, the actual path of the federal funds rate will depend on the economic outlook as informed by incoming data."
2018-06-13,0,Information received since the Federal Open Market Committee met in May indicates that the labor market has continued to strengthen and that economic activity has been rising at a solid rate.
2018-06-13,1,"Job gains have been strong, on average, in recent months, and the unemployment rate has declined."
2018-06-13,2,"Recent data suggest that growth of household spending has picked up, while business fixed investment has continued to grow strongly."
2018-06-13,3,"On a 12-month basis, both overall inflation and inflation for items other than food and energy have moved close to 2 percent."
2018-06-13,4,"Indicators of longer-term inflation expectations are little changed, on balance."
2018-06-13,5,"Consistent with its statutory mandate, the Committee seeks to foster maximum employment and price stability."
2018-06-13,6,"The Committee expects that further gradual increases in the target range for the federal funds rate will be consistent with sustained expansion of economic activity, strong labor market conditions, and inflation near the Committee's symmetric 2 percent objective over the medium term."
2018-06-13,7,Risks to the economic outlook appear roughly balanced.
2018-06-13,8,"In view of realized and expected labor market conditions and inflation, the Committee decided to raise the target range for the federal funds rate to 1-3/4 to 2 percent."
2018-06-13,9,"The stance of monetary policy remains accommodative, thereby supporting strong labor market conditions and a sustained return to 2 percent inflation."
2018-06-13,10,"In determining the timing and size of future adjustments to the target range for the federal funds rate, the Committee will assess realized and expected economic conditions relative to its maximum employment objective and its symmetric 2 percent inflation objective."
2018-06-13,11,"This assessment will take into account a wide range of information, including measures of labor market conditions, indicators of inflation pressures and inflation expectations, and readings on financial and international developments."
2018-08-01,0,Information received since the Federal Open Market Committee met in June indicates that the labor market has continued to strengthen and that economic activity has been rising at a strong rate.
2018-08-01,1,"Job gains have been strong, on average, in recent months, and the unemployment rate has stayed low."
2018-08-01,2,Household spending and business fixed investment have grown strongly.
2018-08-01,3,"On a 12-month basis, both overall inflation and inflation for items other than food and energy remain near 2 percent."
2018-08-01,4,"Indicators of longer-term inflation expectations are little changed, on balance."
2018-08-01,5,"Consistent with its statutory mandate, the Committee seeks to foster maximum employment and price stability."
2018-08-01,6,"The Committee expects that further gradual increases in the target range for the federal funds rate will be consistent with sustained expansion of economic activity, strong labor market conditions, and inflation near the Committee's symmetric 2 percent objective over the medium term."
2018-08-01,7,Risks to the economic outlook appear roughly balanced.
2018-08-01,8,"In view of realized and expected labor market conditions and inflation, the Committee decided to maintain the target range for the federal funds rate at 1-3/4 to 2 percent."
2018-08-01,9,"The stance of monetary policy remains accommodative, thereby supporting strong labor market conditions and a sustained return to 2 percent inflation."
2018-08-01,10,"In determining the timing and size of future adjustments to the target range for the federal funds rate, the Committee will assess realized and expected economic conditions relative to its maximum employment objective and its symmetric 2 percent inflation objective."
2018-08-01,11,"This assessment will take into account a wide range of information, including measures of labor market conditions, indicators of inflation pressures and inflation expectations, and readings on financial and international developments."
2018-09-26,0,Information received since the Federal Open Market Committee met in August indicates that the labor market has continued to strengthen and that economic activity has been rising at a strong rate.
2018-09-26,1,"Job gains have been strong, on average, in recent months, and the unemployment rate has stayed low."
2018-09-26,2,Household spending and business fixed investment have grown strongly.
2018-09-26,3,"On a 12-month basis, both overall inflation and inflation for items other than food and energy remain near 2 percent."
2018-09-26,4,"Indicators of longer-term inflation expectations are little changed, on balance."
2018-09-26,5,"Consistent with its statutory mandate, the Committee seeks to foster maximum employment and price stability."
2018-09-26,6,"The Committee expects that further gradual increases in the target range for the federal funds rate will be consistent with sustained expansion of economic activity, strong labor market conditions, and inflation near the Committee's symmetric 2 percent objective over the medium term."
2018-09-26,7,Risks to the economic outlook appear roughly balanced.
2018-09-26,8,"In view of realized and expected labor market conditions and inflation, the Committee decided to raise the target range for the federal funds rate to 2 to 2-1/4 percent."
2018-09-26,9,"In determining the timing and size of future adjustments to the target range for the federal funds rate, the Committee will assess realized and expected economic conditions relative to its maximum employment objective and its symmetric 2 percent inflation objective."
2018-09-26,10,"This assessment will take into account a wide range of information, including measures of labor market conditions, indicators of inflation pressures and inflation expectations, and readings on financial and international developments."
2018-11-08,0,Information received since the Federal Open Market Committee met in September indicates that the labor market has continued to strengthen and that economic activity has been rising at a strong rate.
2018-11-08,1,"Job gains have been strong, on average, in recent months, and the unemployment rate has declined."
2018-11-08,2,"Household spending has continued to grow strongly, while growth of business fixed investment has moderated from its rapid pace earlier in the year."
2018-11-08,3,"On a 12-month basis, both overall inflation and inflation for items other than food and energy remain near 2 percent."
2018-11-08,4,"Indicators of longer-term inflation expectations are little changed, on balance."
2018-11-08,5,"Consistent with its statutory mandate, the Committee seeks to foster maximum employment and price stability."
2018-11-08,6,"The Committee expects that further gradual increases in the target range for the federal funds rate will be consistent with sustained expansion of economic activity, strong labor market conditions, and inflation near the Committee's symmetric 2 percent objective over the medium term."
2018-11-08,7,Risks to the economic outlook appear roughly balanced.
2018-11-08,8,"In view of realized and expected labor market conditions and inflation, the Committee decided to maintain the target range for the federal funds rate at 2 to 2-1/4 percent."
2018-11-08,9,"In determining the timing and size of future adjustments to the target range for the federal funds rate, the Committee will assess realized and expected economic conditions relative to its maximum employment objective and its symmetric 2 percent inflation objective."
2018-11-08,10,"This assessment will take into account a wide range of information, including measures of labor market conditions, indicators of inflation pressures and inflation expectations, and readings on financial and international developments."
2018-12-19,0,Information received since the Federal Open Market Committee met in November indicates that the labor market has continued to strengthen and that economic activity has been rising at a strong rate.
2018-12-19,1,"Job gains have been strong, on average, in recent months, and the unemployment rate has remained low."
2018-12-19,2,"Household spending has continued to grow strongly, while growth of business fixed investment has moderated from its rapid pace earlier in the year."
2018-12-19,3,"On a 12-month basis, both overall inflation and inflation for items other than food and energy remain near 2 percent."
2018-12-19,4,"Indicators of longer-term inflation expectations are little changed, on balance."
2018-12-19,5,"Consistent with its statutory mandate, the Committee seeks to foster maximum employment and price stability."
2018-12-19,6,"The Committee judges that some further gradual increases in the target range for the federal funds rate will be consistent with sustained expansion of economic activity, strong labor market conditions, and inflation near the Committee's symmetric 2 percent objective over the medium term."
2018-12-19,7,"The Committee judges that risks to the economic outlook are roughly balanced, but will continue to monitor global economic and financial developments and assess their implications for the economic outlook."
2018-12-19,8,"In view of realized and expected labor market conditions and inflation, the Committee decided to raise the target range for the federal funds rate to 2-1/4 to 2â1/2 percent."
2018-12-19,9,"In determining the timing and size of future adjustments to the target range for the federal funds rate, the Committee will assess realized and expected economic conditions relative to its maximum employment objective and its symmetric 2 percent inflation objective."
2018-12-19,10,"This assessment will take into account a wide range of information, including measures of labor market conditions, indicators of inflation pressures and inflation expectations, and readings on financial and international developments."
2019-01-30,0,Information received since the Federal Open Market Committee met in December indicates that the labor market has continued to strengthen and that economic activity has been rising at a solid rate.
2019-01-30,1,"Job gains have been strong, on average, in recent months, and the unemployment rate has remained low."
2019-01-30,2,"Household spending has continued to grow strongly, while growth of business fixed investment has moderated from its rapid pace earlier last year."
2019-01-30,3,"On a 12-month basis, both overall inflation and inflation for items other than food and energy remain near 2 percent."
2019-01-30,4,"Although market-based measures of inflation compensation have moved lower in recent months, survey-based measures of longer-term inflation expectations are little changed."
2019-01-30,5,"Consistent with its statutory mandate, the Committee seeks to foster maximum employment and price stability."
2019-01-30,6,"In support of these goals, the Committee decided to maintain the target range for the federal funds rate at 2-1/4 to 2-1/2 percent."
2019-01-30,7,"The Committee continues to view sustained expansion of economic activity, strong labor market conditions, and inflation near the Committee's symmetric 2 percent objective as the most likely outcomes."
2019-01-30,8,"In light of global economic and financial developments and muted inflation pressures, the Committee will be patient as it determines what future adjustments to the target range for the federal funds rate may be appropriate to support these outcomes."
2019-01-30,9,"In determining the timing and size of future adjustments to the target range for the federal funds rate, the Committee will assess realized and expected economic conditions relative to its maximum employment objective and its symmetric 2 percent inflation objective."
2019-01-30,10,"This assessment will take into account a wide range of information, including measures of labor market conditions, indicators of inflation pressures and inflation expectations, and readings on financial and international developments."
2019-03-20,0,Information received since the Federal Open Market Committee met in January indicates that the labor market remains strong but that growth of economic activity has slowed from its solid rate in the fourth quarter.
2019-03-20,1,"Payroll employment was little changed in February, but job gains have been solid, on average, in recent months, and the unemployment rate has remained low."
2019-03-20,2,Recent indicators point to slower growth of household spending and business fixed investment in the first quarter.
2019-03-20,3,"On a 12-month basis, overall inflation has declined, largely as a result of lower energy prices; inflation for items other than food and energy remains near 2 percent."
2019-03-20,4,"On balance, market-based measures of inflation compensation have remained low in recent months, and survey-based measures of longer-term inflation expectations are little changed."
2019-03-20,5,"Consistent with its statutory mandate, the Committee seeks to foster maximum employment and price stability."
2019-03-20,6,"In support of these goals, the Committee decided to maintain the target range for the federal funds rate at 2-1/4 to 2-1/2 percent."
2019-03-20,7,"The Committee continues to view sustained expansion of economic activity, strong labor market conditions, and inflation near the Committee's symmetric 2 percent objective as the most likely outcomes."
2019-03-20,8,"In light of global economic and financial developments and muted inflation pressures, the Committee will be patient as it determines what future adjustments to the target range for the federal funds rate may be appropriate to support these outcomes."
2019-03-20,9,"In determining the timing and size of future adjustments to the target range for the federal funds rate, the Committee will assess realized and expected economic conditions relative to its maximum employment objective and its symmetric 2 percent inflation objective."
2019-03-20,10,"This assessment will take into account a wide range of information, including measures of labor market conditions, indicators of inflation pressures and inflation expectations, and readings on financial and international developments."
2019-05-01,0,Information received since the Federal Open Market Committee met in March indicates that the labor market remains strong and that economic activity rose at a solid rate.
2019-05-01,1,"Job gains have been solid, on average, in recent months, and the unemployment rate has remained low."
2019-05-01,2,Growth of household spending and business fixed investment slowed in the first quarter.
2019-05-01,3,"On a 12-month basis, overall inflation and inflation for items other than food and energy have declined and are running below 2 percent."
2019-05-01,4,"On balance, market-based measures of inflation compensation have remained low in recent months, and survey-based measures of longer-term inflation expectations are little changed."
2019-05-01,5,"Consistent with its statutory mandate, the Committee seeks to foster maximum employment and price stability."
2019-05-01,6,"In support of these goals, the Committee decided to maintain the target range for the federal funds rate at 2-1/4 to 2-1/2 percent."
2019-05-01,7,"The Committee continues to view sustained expansion of economic activity, strong labor market conditions, and inflation near the Committee's symmetric 2 percent objective as the most likely outcomes."
2019-05-01,8,"In light of global economic and financial developments and muted inflation pressures, the Committee will be patient as it determines what future adjustments to the target range for the federal funds rate may be appropriate to support these outcomes."
2019-05-01,9,"In determining the timing and size of future adjustments to the target range for the federal funds rate, the Committee will assess realized and expected economic conditions relative to its maximum employment objective and its symmetric 2 percent inflation objective."
2019-05-01,10,"This assessment will take into account a wide range of information, including measures of labor market conditions, indicators of inflation pressures and inflation expectations, and readings on financial and international developments."
2019-06-19,0,Information received since the Federal Open Market Committee met in May indicates that the labor market remains strong and that economic activity is rising at a moderate rate.
2019-06-19,1,"Job gains have been solid, on average, in recent months, and the unemployment rate has remained low."
2019-06-19,2,"Although growth of household spending appears to have picked up from earlier in the year, indicators of business fixed investment have been soft."
2019-06-19,3,"On a 12-month basis, overall inflation and inflation for items other than food and energy are running below 2 percent."
2019-06-19,4,Market-based measures of inflation compensation have declined; survey-based measures of longer-term inflation expectations are little changed.
2019-06-19,5,"Consistent with its statutory mandate, the Committee seeks to foster maximum employment and price stability."
2019-06-19,6,"In support of these goals, the Committee decided to maintain the target range for the federal funds rate at 2-1/4 to 2-1/2 percent."
2019-06-19,7,"The Committee continues to view sustained expansion of economic activity, strong labor market conditions, and inflation near the Committee's symmetric 2 percent objective as the most likely outcomes, but uncertainties about this outlook have increased."
2019-06-19,8,"In light of these uncertainties and muted inflation pressures, the Committee will closely monitor the implications of incoming information for the economic outlook and will act as appropriate to sustain the expansion, with a strong labor market and inflation near its symmetric 2 percent objective."
2019-06-19,9,"In determining the timing and size of future adjustments to the target range for the federal funds rate, the Committee will assess realized and expected economic conditions relative to its maximum employment objective and its symmetric 2 percent inflation objective."
2019-06-19,10,"This assessment will take into account a wide range of information, including measures of labor market conditions, indicators of inflation pressures and inflation expectations, and readings on financial and international developments."
2019-07-31,0,Information received since the Federal Open Market Committee met in June indicates that the labor market remains strong and that economic activity has been rising at a moderate rate.
2019-07-31,1,"Job gains have been solid, on average, in recent months, and the unemployment rate has remained low."
2019-07-31,2,"Although growth of household spending has picked up from earlier in the year, growth of business fixed investment has been soft."
2019-07-31,3,"On a 12-month basis, overall inflation and inflation for items other than food and energy are running below 2 percent."
2019-07-31,4,Market-based measures of inflation compensation remain low; survey-based measures of longer-term inflation expectations are little changed.
2019-07-31,5,"Consistent with its statutory mandate, the Committee seeks to foster maximum employment and price stability."
2019-07-31,6,"In light of the implications of global developments for the economic outlook as well as muted inflation pressures, the Committee decided to lower the target range for the federal funds rate to 2 to 2-1/4 percent."
2019-07-31,7,"This action supports the Committee's view that sustained expansion of economic activity, strong labor market conditions, and inflation near the Committee's symmetric 2 percent objective are the most likely outcomes, but uncertainties about this outlook remain."
2019-07-31,8,"As the Committee contemplates the future path of the target range for the federal funds rate, it will continue to monitor the implications of incoming information for the economic outlook and will act as appropriate to sustain the expansion, with a strong labor market and inflation near its symmetric 2 percent objective."
2019-07-31,9,"In determining the timing and size of future adjustments to the target range for the federal funds rate, the Committee will assess realized and expected economic conditions relative to its maximum employment objective and its symmetric 2 percent inflation objective."
2019-07-31,10,"This assessment will take into account a wide range of information, including measures of labor market conditions, indicators of inflation pressures and inflation expectations, and readings on financial and international developments."
2019-07-31,11,"The Committee will conclude the reduction of its aggregate securities holdings in the System Open Market Account in August, two months earlier than previously indicated."
2019-09-18,0,Information received since the Federal Open Market Committee met in July indicates that the labor market remains strong and that economic activity has been rising at a moderate rate.
2019-09-18,1,"Job gains have been solid, on average, in recent months, and the unemployment rate has remained low."
2019-09-18,2,"Although household spending has been rising at a strong pace, business fixed investment and exports have weakened."
2019-09-18,3,"On a 12-month basis, overall inflation and inflation for items other than food and energy are running below 2 percent."
2019-09-18,4,Market-based measures of inflation compensation remain low; survey-based measures of longer-term inflation expectations are little changed.
2019-09-18,5,"Consistent with its statutory mandate, the Committee seeks to foster maximum employment and price stability."
2019-09-18,6,"In light of the implications of global developments for the economic outlook as well as muted inflation pressures, the Committee decided to lower the target range for the federal funds rate to 1-3/4 to 2 percent."
2019-09-18,7,"This action supports the Committee's view that sustained expansion of economic activity, strong labor market conditions, and inflation near the Committee's symmetric 2 percent objective are the most likely outcomes, but uncertainties about this outlook remain."
2019-09-18,8,"As the Committee contemplates the future path of the target range for the federal funds rate, it will continue to monitor the implications of incoming information for the economic outlook and will act as appropriate to sustain the expansion, with a strong labor market and inflation near its symmetric 2 percent objective."
2019-09-18,9,"In determining the timing and size of future adjustments to the target range for the federal funds rate, the Committee will assess realized and expected economic conditions relative to its maximum employment objective and its symmetric 2 percent inflation objective."
2019-09-18,10,"This assessment will take into account a wide range of information, including measures of labor market conditions, indicators of inflation pressures and inflation expectations, and readings on financial and international developments."
2019-10-11,0,"Consistent with its January 2019 Statement Regarding Monetary Policy Implementation and Balance Sheet Normalization, the Committee reaffirms its intention to implement monetary policy in a regime in which an ample supply of reserves ensures that control over the level of the federal funds rate and other short-term interest rates is exercised primarily through the setting of the Federal Reserve's administered rates, and in which active management of the supply of reserves is not required."
2019-10-11,1,"To ensure that the supply of reserves remains ample, the Committee approved by notation vote completed on October 11, 2019 the following steps: In light of recent and expected increases in the Federal Reserve's non-reserve liabilities, the Federal Reserve will purchase Treasury bills at least into the second quarter of next year in order to maintain over time ample reserve balances at or above the level that prevailed in early September 2019."
2019-10-11,2,"In addition, the Federal Reserve will conduct term and overnight repurchase agreement operations at least through January of next year to ensure that the supply of reserves remains ample even during periods of sharp increases in non-reserve liabilities, and to mitigate the risk of money market pressures that could adversely affect policy implementation."
2019-10-11,3,"These actions are purely technical measures to support the effective implementation of the FOMC's monetary policy, and do not represent a change in the stance of monetary policy."
2019-10-11,4,The Committee will continue to monitor money market developments as it assesses the level of reserves most consistent with efficient and effective policy implementation.
2019-10-11,5,The Committee stands ready to adjust the details of these plans as necessary to foster efficient and effective implementation of monetary policy.
2019-10-11,6,"In connection with these plans, the Federal Open Market Committee voted unanimously to authorize and direct the Federal Reserve Bank of New York, until instructed otherwise, to execute transactions in the System Open Market Account in accordance with the following domestic policy directive: ""Effective October 15, 2019, the Federal Open Market Committee directs the Desk to undertake open market operations as necessary to maintain the federal funds rate in a target range of 1-3/4 to 2 percent."
2019-10-11,7,"In light of recent and expected increases in the Federal Reserve's non-reserve liabilities, the Committee directs the Desk to purchase Treasury bills at least into the second quarter of next year to maintain over time ample reserve balances at or above the level that prevailed in early September 2019."
2019-10-11,8,"The Committee also directs the Desk to conduct term and overnight repurchase agreement operations at least through January of next year to ensure that the supply of reserves remains ample even during periods of sharp increases in non-reserve liabilities, and to mitigate the risk of money market pressures that could adversely affect policy implementation."
2019-10-11,9,"In addition, the Committee directs the Desk to conduct overnight reverse repurchase operations (and reverse repurchase operations with maturities of more than one day when necessary to accommodate weekend, holiday, or similar trading conventions) at an offering rate of 1.70 percent, in amounts limited only by the value of Treasury securities held outright in the System Open Market Account that are available for such operations and by a per-counterparty limit of $30 billion per day."
2019-10-11,10,The Committee directs the Desk to continue rolling over at auction all principal payments from the Federal Reserve's holdings of Treasury securities and to continue reinvesting all principal payments from the Federal Reserve's holdings of agency debt and agency mortgage-backed securities received during each calendar month.
2019-10-11,11,Principal payments from agency debt and agency mortgage-backed securities up to $20 billion per month will continue to be reinvested in Treasury securities to roughly match the maturity composition of Treasury securities outstanding; principal payments in excess of $20 billion per month will continue to be reinvested in agency mortgage-backed securities.
2019-10-11,12,Small deviations from these amounts for operational reasons are acceptable.
2019-10-11,13,"The Committee also directs the Desk to engage in dollar roll and coupon swap transactions as necessary to facilitate settlement of the Federal Reserve's agency mortgage-backed securities transactions."" More information about these plans may be found on the Federal Reserve Bank of New York's website ."
2019-10-11,14,Frequently Asked Questions for the Federal Open Market Committee's Statement Regarding Monetary Policy Implementation (PDF) Statement Regarding Treasury Bill Purchases and Repurchase Operations
2019-10-30,0,Information received since the Federal Open Market Committee met in September indicates that the labor market remains strong and that economic activity has been rising at a moderate rate.
2019-10-30,1,"Job gains have been solid, on average, in recent months, and the unemployment rate has remained low."
2019-10-30,2,"Although household spending has been rising at a strong pace, business fixed investment and exports remain weak."
2019-10-30,3,"On a 12-month basis, overall inflation and inflation for items other than food and energy are running below 2 percent."
2019-10-30,4,Market-based measures of inflation compensation remain low; survey-based measures of longer-term inflation expectations are little changed.
2019-10-30,5,"Consistent with its statutory mandate, the Committee seeks to foster maximum employment and price stability."
2019-10-30,6,"In light of the implications of global developments for the economic outlook as well as muted inflation pressures, the Committee decided to lower the target range for the federal funds rate to 1-1/2 to 1-3/4 percent."
2019-10-30,7,"This action supports the Committee's view that sustained expansion of economic activity, strong labor market conditions, and inflation near the Committee's symmetric 2 percent objective are the most likely outcomes, but uncertainties about this outlook remain."
2019-10-30,8,The Committee will continue to monitor the implications of incoming information for the economic outlook as it assesses the appropriate path of the target range for the federal funds rate.
2019-10-30,9,"In determining the timing and size of future adjustments to the target range for the federal funds rate, the Committee will assess realized and expected economic conditions relative to its maximum employment objective and its symmetric 2 percent inflation objective."
2019-10-30,10,"This assessment will take into account a wide range of information, including measures of labor market conditions, indicators of inflation pressures and inflation expectations, and readings on financial and international developments."
2019-12-11,0,Information received since the Federal Open Market Committee met in October indicates that the labor market remains strong and that economic activity has been rising at a moderate rate.
2019-12-11,1,"Job gains have been solid, on average, in recent months, and the unemployment rate has remained low."
2019-12-11,2,"Although household spending has been rising at a strong pace, business fixed investment and exports remain weak."
2019-12-11,3,"On a 12âmonth basis, overall inflation and inflation for items other than food and energy are running below 2 percent."
2019-12-11,4,Market-based measures of inflation compensation remain low; survey-based measures of longer-term inflation expectations are little changed.
2019-12-11,5,"Consistent with its statutory mandate, the Committee seeks to foster maximum employment and price stability."
2019-12-11,6,The Committee decided to maintain the target range for the federal funds rate at 1â1/2 to 1-3/4 percent.
2019-12-11,7,"The Committee judges that the current stance of monetary policy is appropriate to support sustained expansion of economic activity, strong labor market conditions, and inflation near the Committee's symmetric 2 percent objective."
2019-12-11,8,"The Committee will continue to monitor the implications of incoming information for the economic outlook, including global developments and muted inflation pressures, as it assesses the appropriate path of the target range for the federal funds rate."
2019-12-11,9,"In determining the timing and size of future adjustments to the target range for the federal funds rate, the Committee will assess realized and expected economic conditions relative to its maximum employment objective and its symmetric 2 percent inflation objective."
2019-12-11,10,"This assessment will take into account a wide range of information, including measures of labor market conditions, indicators of inflation pressures and inflation expectations, and readings on financial and international developments."
2020-01-29,0,Information received since the Federal Open Market Committee met in December indicates that the labor market remains strong and that economic activity has been rising at a moderate rate.
2020-01-29,1,"Job gains have been solid, on average, in recent months, and the unemployment rate has remained low."
2020-01-29,2,"Although household spending has been rising at a moderate pace, business fixed investment and exports remain weak."
2020-01-29,3,"On a 12âmonth basis, overall inflation and inflation for items other than food and energy are running below 2 percent."
2020-01-29,4,Market-based measures of inflation compensation remain low; survey-based measures of longer-term inflation expectations are little changed.
2020-01-29,5,"Consistent with its statutory mandate, the Committee seeks to foster maximum employment and price stability."
2020-01-29,6,The Committee decided to maintain the target range for the federal funds rate at 1â1/2 to 1-3/4 percent.
2020-01-29,7,"The Committee judges that the current stance of monetary policy is appropriate to support sustained expansion of economic activity, strong labor market conditions, and inflation returning to the Committee's symmetric 2 percent objective."
2020-01-29,8,"The Committee will continue to monitor the implications of incoming information for the economic outlook, including global developments and muted inflation pressures, as it assesses the appropriate path of the target range for the federal funds rate."
2020-01-29,9,"In determining the timing and size of future adjustments to the target range for the federal funds rate, the Committee will assess realized and expected economic conditions relative to its maximum employment objective and its symmetric 2 percent inflation objective."
2020-01-29,10,"This assessment will take into account a wide range of information, including measures of labor market conditions, indicators of inflation pressures and inflation expectations, and readings on financial and international developments."
2020-03-03,0,The fundamentals of the U.S. economy remain strong.
2020-03-03,1,"However, the coronavirus poses evolving risks to economic activity."
2020-03-03,2,"In light of these risks and in support of achieving its maximum employment and price stability goals, the Federal Open Market Committee decided today to lower the target range for the federal funds rate by 1/2 percentage point, to 1 to 1â1/4 percent."
2020-03-03,3,The Committee is closely monitoring developments and their implications for the economic outlook and will use its tools and act as appropriate to support the economy.
2020-03-15,0,"The coronavirus outbreak has harmed communities and disrupted economic activity in many countries, including the United States."
2020-03-15,1,Global financial conditions have also been significantly affected.
2020-03-15,2,Available economic data show that the U.S. economy came into this challenging period on a strong footing.
2020-03-15,3,Information received since the Federal Open Market Committee met in January indicates that the labor market remained strong through February and economic activity rose at a moderate rate.
2020-03-15,4,"Job gains have been solid, on average, in recent months, and the unemployment rate has remained low."
2020-03-15,5,"Although household spending rose at a moderate pace, business fixed investment and exports remained weak."
2020-03-15,6,"More recently, the energy sector has come under stress."
2020-03-15,7,"On a 12âmonth basis, overall inflation and inflation for items other than food and energy are running below 2 percent."
2020-03-15,8,Market-based measures of inflation compensation have declined; survey-based measures of longer-term inflation expectations are little changed.
2020-03-15,9,"Consistent with its statutory mandate, the Committee seeks to foster maximum employment and price stability."
2020-03-15,10,The effects of the coronavirus will weigh on economic activity in the near term and pose risks to the economic outlook.
2020-03-15,11,"In light of these developments, the Committee decided to lower the target range for the federal funds rate to 0 to 1/4 percent."
2020-03-15,12,The Committee expects to maintain this target range until it is confident that the economy has weathered recent events and is on track to achieve its maximum employment and price stability goals.
2020-03-15,13,"This action will help support economic activity, strong labor market conditions, and inflation returning to the Committee's symmetric 2 percent objective."
2020-03-15,14,"The Committee will continue to monitor the implications of incoming information for the economic outlook, including information related to public health, as well as global developments and muted inflation pressures, and will use its tools and act as appropriate to support the economy."
2020-03-15,15,"In determining the timing and size of future adjustments to the stance of monetary policy, the Committee will assess realized and expected economic conditions relative to its maximum employment objective and its symmetric 2 percent inflation objective."
2020-03-15,16,"This assessment will take into account a wide range of information, including measures of labor market conditions, indicators of inflation pressures and inflation expectations, and readings on financial and international developments."
2020-03-15,17,The Federal Reserve is prepared to use its full range of tools to support the flow of credit to households and businesses and thereby promote its maximum employment and price stability goals.
2020-03-15,18,"To support the smooth functioning of markets for Treasury securities and agency mortgage-backed securities that are central to the flow of credit to households and businesses, over coming months the Committee will increase its holdings of Treasury securities by at least $500 billion and its holdings of agency mortgage-backed securities by at least $200 billion."
2020-03-15,19,The Committee will also reinvest all principal payments from the Federal Reserve's holdings of agency debt and agency mortgage-backed securities in agency mortgage-backed securities.
2020-03-15,20,"In addition, the Open Market Desk has recently expanded its overnight and term repurchase agreement operations."
2020-03-15,21,The Committee will continue to closely monitor market conditions and is prepared to adjust its plans as appropriate.
2020-03-23,0,The Federal Reserve is committed to use its full range of tools to support the U.S. economy in this challenging time and thereby promote its maximum employment and price stability goals.
2020-03-23,1,The Federal Open Market Committee is taking further actions to support the flow of credit to households and businesses by addressing strains in the markets for Treasury securities and agency mortgage-backed securities.
2020-03-23,2,The Federal Reserve will continue to purchase Treasury securities and agency mortgage-backed securities in the amounts needed to support smooth market functioning and effective transmission of monetary policy to broader financial conditions.
2020-03-23,3,The Committee will include purchases of agency commercial mortgage-backed securities in its agency mortgage-backed security purchases.
2020-03-23,4,"In addition, the Open Market Desk will continue to offer large-scale overnight and term repurchase agreement operations."
2020-03-23,5,"The Committee will continue to closely monitor market conditions, and will assess the appropriate pace of its securities purchases at future meetings."
2020-03-23,6,Voting (by notation) for the monetary policy action were Jerome H.
2020-03-23,7,"Williams, Vice Chair; Michelle W."
2020-03-23,8,Bowman; Lael Brainard; Richard H.
2020-03-23,9,Clarida; Patrick Harker; Robert S.
2020-03-23,10,Kaplan; Neel Kashkari; Loretta J.
2020-03-23,11,"In a related set of actions, the Federal Reserve announced additional measures to support the flow of credit to households and businesses."
2020-03-23,12,More information can be found on the Federal Reserve Board's website .
2020-03-23,13,"In connection with these plans, the Committee voted unanimously to authorize and direct the Federal Reserve Bank of New York, until instructed otherwise, to execute transactions in the System Open Market Account in accordance with the following domestic policy directive: ""Effective March 23, 2020, the Federal Open Market Committee directs the Desk to undertake open market operations as necessary to maintain the federal funds rate in a target range of 0 to 1/4 percent."
2020-03-23,14,The Committee directs the Desk to increase the System Open Market Account holdings of Treasury securities and agency mortgage-backed securities (MBS) in the amounts needed to support the smooth functioning of markets for Treasury securities and agency MBS.
2020-03-23,15,The Committee also directs the Desk to include purchases of agency commercial mortgage-backed securities in its agency mortgage-backed security purchases.
2020-03-23,16,The Committee also directs the Desk to continue conducting term and overnight repurchase agreement operations to ensure that the supply of reserves remains ample and to support the smooth functioning of short-term U.S. dollar funding markets.
2020-03-23,17,"In addition, the Committee directs the Desk to conduct overnight reverse repurchase operations (and reverse repurchase operations with maturities of more than one day when necessary to accommodate weekend, holiday, or similar trading conventions) at an offering rate of 0.00 percent, in amounts limited only by the value of Treasury securities held outright in the System Open Market Account that are available for such operations and by a per-counterparty limit of $30 billion per day."
2020-03-23,18,The Committee directs the Desk to continue rolling over at auction all principal payments from the Federal Reserve's holdings of Treasury securities and to reinvest all principal payments from the Federal Reserve's holdings of agency debt and agency mortgage-backed securities received during each calendar month in agency mortgage-backed securities.
2020-03-23,19,Small deviations from these amounts for operational reasons are acceptable.
2020-03-23,20,"The Committee also directs the Desk to engage in dollar roll and coupon swap transactions as necessary to facilitate settlement of the Federal Reserve's agency mortgage-backed securities transactions."" More information regarding open market operations and reinvestments may be found on the Federal Reserve Bank of New York's website ."
2020-04-29,0,"The Federal Reserve is committed to using its full range of tools to support the U.S. economy in this challenging time, thereby promoting its maximum employment and price stability goals."
2020-04-29,1,The coronavirus outbreak is causing tremendous human and economic hardship across the United States and around the world.
2020-04-29,2,The virus and the measures taken to protect public health are inducing sharp declines in economic activity and a surge in job losses.
2020-04-29,3,Weaker demand and significantly lower oil prices are holding down consumer price inflation.
2020-04-29,4,The disruptions to economic activity here and abroad have significantly affected financial conditions and have impaired the flow of credit to U.S. households and businesses.
2020-04-29,5,"The ongoing public health crisis will weigh heavily on economic activity, employment, and inflation in the near term, and poses considerable risks to the economic outlook over the medium term."
2020-04-29,6,"In light of these developments, the Committee decided to maintain the target range for the federal funds rate at 0 to 1/4 percent."
2020-04-29,7,The Committee expects to maintain this target range until it is confident that the economy has weathered recent events and is on track to achieve its maximum employment and price stability goals.
2020-04-29,8,"The Committee will continue to monitor the implications of incoming information for the economic outlook, including information related to public health, as well as global developments and muted inflation pressures, and will use its tools and act as appropriate to support the economy."
2020-04-29,9,"In determining the timing and size of future adjustments to the stance of monetary policy, the Committee will assess realized and expected economic conditions relative to its maximum employment objective and its symmetric 2 percent inflation objective."
2020-04-29,10,"This assessment will take into account a wide range of information, including measures of labor market conditions, indicators of inflation pressures and inflation expectations, and readings on financial and international developments."
2020-04-29,11,"To support the flow of credit to households and businesses, the Federal Reserve will continue to purchase Treasury securities and agency residential and commercial mortgage-backed securities in the amounts needed to support smooth market functioning, thereby fostering effective transmission of monetary policy to broader financial conditions."
2020-04-29,12,"In addition, the Open Market Desk will continue to offer large-scale overnight and term repurchase agreement operations."
2020-04-29,13,The Committee will closely monitor market conditions and is prepared to adjust its plans as appropriate.
2020-06-10,0,"The Federal Reserve is committed to using its full range of tools to support the U.S. economy in this challenging time, thereby promoting its maximum employment and price stability goals."
2020-06-10,1,The coronavirus outbreak is causing tremendous human and economic hardship across the United States and around the world.
2020-06-10,2,The virus and the measures taken to protect public health have induced sharp declines in economic activity and a surge in job losses.
2020-06-10,3,Weaker demand and significantly lower oil prices are holding down consumer price inflation.
2020-06-10,4,"Financial conditions have improved, in part reflecting policy measures to support the economy and the flow of credit to U.S. households and businesses."
2020-06-10,5,"The ongoing public health crisis will weigh heavily on economic activity, employment, and inflation in the near term, and poses considerable risks to the economic outlook over the medium term."
2020-06-10,6,"In light of these developments, the Committee decided to maintain the target range for the federal funds rate at 0 to 1/4 percent."
2020-06-10,7,The Committee expects to maintain this target range until it is confident that the economy has weathered recent events and is on track to achieve its maximum employment and price stability goals.
2020-06-10,8,"The Committee will continue to monitor the implications of incoming information for the economic outlook, including information related to public health, as well as global developments and muted inflation pressures, and will use its tools and act as appropriate to support the economy."
2020-06-10,9,"In determining the timing and size of future adjustments to the stance of monetary policy, the Committee will assess realized and expected economic conditions relative to its maximum employment objective and its symmetric 2 percent inflation objective."
2020-06-10,10,"This assessment will take into account a wide range of information, including measures of labor market conditions, indicators of inflation pressures and inflation expectations, and readings on financial and international developments."
2020-06-10,11,"To support the flow of credit to households and businesses, over coming months the Federal Reserve will increase its holdings of Treasury securities and agency residential and commercial mortgage-backed securities at least at the current pace to sustain smooth market functioning, thereby fostering effective transmission of monetary policy to broader financial conditions."
2020-06-10,12,"In addition, the Open Market Desk will continue to offer large-scale overnight and term repurchase agreement operations."
2020-06-10,13,The Committee will closely monitor developments and is prepared to adjust its plans as appropriate.
2020-07-29,0,"The Federal Reserve is committed to using its full range of tools to support the U.S. economy in this challenging time, thereby promoting its maximum employment and price stability goals."
2020-07-29,1,The coronavirus outbreak is causing tremendous human and economic hardship across the United States and around the world.
2020-07-29,2,"Following sharp declines, economic activity and employment have picked up somewhat in recent months but remain well below their levels at the beginning of the year."
2020-07-29,3,Weaker demand and significantly lower oil prices are holding down consumer price inflation.
2020-07-29,4,"Overall financial conditions have improved in recent months, in part reflecting policy measures to support the economy and the flow of credit to U.S. households and businesses."
2020-07-29,5,The path of the economy will depend significantly on the course of the virus.
2020-07-29,6,"The ongoing public health crisis will weigh heavily on economic activity, employment, and inflation in the near term, and poses considerable risks to the economic outlook over the medium term."
2020-07-29,7,"In light of these developments, the Committee decided to maintain the target range for the federal funds rate at 0 to 1/4 percent."
2020-07-29,8,The Committee expects to maintain this target range until it is confident that the economy has weathered recent events and is on track to achieve its maximum employment and price stability goals.
2020-07-29,9,"The Committee will continue to monitor the implications of incoming information for the economic outlook, including information related to public health, as well as global developments and muted inflation pressures, and will use its tools and act as appropriate to support the economy."
2020-07-29,10,"In determining the timing and size of future adjustments to the stance of monetary policy, the Committee will assess realized and expected economic conditions relative to its maximum employment objective and its symmetric 2 percent inflation objective."
2020-07-29,11,"This assessment will take into account a wide range of information, including measures of labor market conditions, indicators of inflation pressures and inflation expectations, and readings on financial and international developments."
2020-07-29,12,"To support the flow of credit to households and businesses, over coming months the Federal Reserve will increase its holdings of Treasury securities and agency residential and commercial mortgage-backed securities at least at the current pace to sustain smooth market functioning, thereby fostering effective transmission of monetary policy to broader financial conditions."
2020-07-29,13,"In addition, the Open Market Desk will continue to offer large-scale overnight and term repurchase agreement operations."
2020-07-29,14,The Committee will closely monitor developments and is prepared to adjust its plans as appropriate.
2020-09-16,0,"The Federal Reserve is committed to using its full range of tools to support the U.S. economy in this challenging time, thereby promoting its maximum employment and price stability goals."
2020-09-16,1,The COVID-19 pandemic is causing tremendous human and economic hardship across the United States and around the world.
2020-09-16,2,Economic activity and employment have picked up in recent months but remain well below their levels at the beginning of the year.
2020-09-16,3,Weaker demand and significantly lower oil prices are holding down consumer price inflation.
2020-09-16,4,"Overall financial conditions have improved in recent months, in part reflecting policy measures to support the economy and the flow of credit to U.S. households and businesses."
2020-09-16,5,The path of the economy will depend significantly on the course of the virus.
2020-09-16,6,"The ongoing public health crisis will continue to weigh on economic activity, employment, and inflation in the near term, and poses considerable risks to the economic outlook over the medium term."
2020-09-16,7,The Committee seeks to achieve maximum employment and inflation at the rate of 2 percent over the longer run.
2020-09-16,8,"With inflation running persistently below this longer-run goal, the Committee will aim to achieve inflation moderately above 2 percent for some time so that inflation averages 2 percent over time and longer-term inflation expectations remain well anchored at 2 percent."
2020-09-16,9,The Committee expects to maintain an accommodative stance of monetary policy until these outcomes are achieved.
2020-09-16,10,The Committee decided to keep the target range for the federal funds rate at 0 to 1/4 percent and expects it will be appropriate to maintain this target range until labor market conditions have reached levels consistent with the Committee's assessments of maximum employment and inflation has risen to 2 percent and is on track to moderately exceed 2 percent for some time.
2020-09-16,11,"In addition, over coming months the Federal Reserve will increase its holdings of Treasury securities and agency mortgage-backed securities at least at the current pace to sustain smooth market functioning and help foster accommodative financial conditions, thereby supporting the flow of credit to households and businesses."
2020-09-16,12,"In assessing the appropriate stance of monetary policy, the Committee will continue to monitor the implications of incoming information for the economic outlook."
2020-09-16,13,The Committee would be prepared to adjust the stance of monetary policy as appropriate if risks emerge that could impede the attainment of the Committee's goals.
2020-09-16,14,"The Committee's assessments will take into account a wide range of information, including readings on public health, labor market conditions, inflation pressures and inflation expectations, and financial and international developments."
2020-11-05,0,"The Federal Reserve is committed to using its full range of tools to support the U.S. economy in this challenging time, thereby promoting its maximum employment and price stability goals."
2020-11-05,1,The COVID-19 pandemic is causing tremendous human and economic hardship across the United States and around the world.
2020-11-05,2,Economic activity and employment have continued to recover but remain well below their levels at the beginning of the year.
2020-11-05,3,Weaker demand and earlier declines in oil prices have been holding down consumer price inflation.
2020-11-05,4,"Overall financial conditions remain accommodative, in part reflecting policy measures to support the economy and the flow of credit to U.S. households and businesses."
2020-11-05,5,The path of the economy will depend significantly on the course of the virus.
2020-11-05,6,"The ongoing public health crisis will continue to weigh on economic activity, employment, and inflation in the near term, and poses considerable risks to the economic outlook over the medium term."
2020-11-05,7,The Committee seeks to achieve maximum employment and inflation at the rate of 2 percent over the longer run.
2020-11-05,8,"With inflation running persistently below this longer-run goal, the Committee will aim to achieve inflation moderately above 2 percent for some time so that inflation averages 2 percent over time and longer-term inflation expectations remain well anchored at 2 percent."
2020-11-05,9,The Committee expects to maintain an accommodative stance of monetary policy until these outcomes are achieved.
2020-11-05,10,The Committee decided to keep the target range for the federal funds rate at 0 to 1/4 percent and expects it will be appropriate to maintain this target range until labor market conditions have reached levels consistent with the Committee's assessments of maximum employment and inflation has risen to 2 percent and is on track to moderately exceed 2 percent for some time.
2020-11-05,11,"In addition, over coming months the Federal Reserve will increase its holdings of Treasury securities and agency mortgage-backed securities at least at the current pace to sustain smooth market functioning and help foster accommodative financial conditions, thereby supporting the flow of credit to households and businesses."
2020-11-05,12,"In assessing the appropriate stance of monetary policy, the Committee will continue to monitor the implications of incoming information for the economic outlook."
2020-11-05,13,The Committee would be prepared to adjust the stance of monetary policy as appropriate if risks emerge that could impede the attainment of the Committee's goals.
2020-11-05,14,"The Committee's assessments will take into account a wide range of information, including readings on public health, labor market conditions, inflation pressures and inflation expectations, and financial and international developments."
2020-12-16,0,"The Federal Reserve is committed to using its full range of tools to support the U.S. economy in this challenging time, thereby promoting its maximum employment and price stability goals."
2020-12-16,1,The COVID-19 pandemic is causing tremendous human and economic hardship across the United States and around the world.
2020-12-16,2,Economic activity and employment have continued to recover but remain well below their levels at the beginning of the year.
2020-12-16,3,Weaker demand and earlier declines in oil prices have been holding down consumer price inflation.
2020-12-16,4,"Overall financial conditions remain accommodative, in part reflecting policy measures to support the economy and the flow of credit to U.S. households and businesses."
2020-12-16,5,The path of the economy will depend significantly on the course of the virus.
2020-12-16,6,"The ongoing public health crisis will continue to weigh on economic activity, employment, and inflation in the near term, and poses considerable risks to the economic outlook over the medium term."
2020-12-16,7,The Committee seeks to achieve maximum employment and inflation at the rate of 2 percent over the longer run.
2020-12-16,8,"With inflation running persistently below this longer-run goal, the Committee will aim to achieve inflation moderately above 2 percent for some time so that inflation averages 2 percent over time and longer-term inflation expectations remain well anchored at 2 percent."
2020-12-16,9,The Committee expects to maintain an accommodative stance of monetary policy until these outcomes are achieved.
2020-12-16,10,The Committee decided to keep the target range for the federal funds rate at 0 to 1/4 percent and expects it will be appropriate to maintain this target range until labor market conditions have reached levels consistent with the Committee's assessments of maximum employment and inflation has risen to 2 percent and is on track to moderately exceed 2 percent for some time.
2020-12-16,11,"In addition, the Federal Reserve will continue to increase its holdings of Treasury securities by at least $80 billion per month and of agency mortgage-backed securities by at least $40 billion per month until substantial further progress has been made toward the Committee's maximum employment and price stability goals."
2020-12-16,12,"These asset purchases help foster smooth market functioning and accommodative financial conditions, thereby supporting the flow of credit to households and businesses."
2020-12-16,13,"In assessing the appropriate stance of monetary policy, the Committee will continue to monitor the implications of incoming information for the economic outlook."
2020-12-16,14,The Committee would be prepared to adjust the stance of monetary policy as appropriate if risks emerge that could impede the attainment of the Committee's goals.
2020-12-16,15,"The Committee's assessments will take into account a wide range of information, including readings on public health, labor market conditions, inflation pressures and inflation expectations, and financial and international developments."
2021-01-27,0,"The Federal Reserve is committed to using its full range of tools to support the U.S. economy in this challenging time, thereby promoting its maximum employment and price stability goals."
2021-01-27,1,The COVID-19 pandemic is causing tremendous human and economic hardship across the United States and around the world.
2021-01-27,2,"The pace of the recovery in economic activity and employment has moderated in recent months, with weakness concentrated in the sectors most adversely affected by the pandemic."
2021-01-27,3,Weaker demand and earlier declines in oil prices have been holding down consumer price inflation.
2021-01-27,4,"Overall financial conditions remain accommodative, in part reflecting policy measures to support the economy and the flow of credit to U.S. households and businesses."
2021-01-27,5,"The path of the economy will depend significantly on the course of the virus, including progress on vaccinations."
2021-01-27,6,"The ongoing public health crisis continues to weigh on economic activity, employment, and inflation, and poses considerable risks to the economic outlook."
2021-01-27,7,The Committee seeks to achieve maximum employment and inflation at the rate of 2 percent over the longer run.
2021-01-27,8,"With inflation running persistently below this longer-run goal, the Committee will aim to achieve inflation moderately above 2 percent for some time so that inflation averages 2 percent over time and longerâterm inflation expectations remain well anchored at 2 percent."
2021-01-27,9,The Committee expects to maintain an accommodative stance of monetary policy until these outcomes are achieved.
2021-01-27,10,The Committee decided to keep the target range for the federal funds rate at 0 to 1/4 percent and expects it will be appropriate to maintain this target range until labor market conditions have reached levels consistent with the Committee's assessments of maximum employment and inflation has risen to 2 percent and is on track to moderately exceed 2 percent for some time.
2021-01-27,11,"In addition, the Federal Reserve will continue to increase its holdings of Treasury securities by at least $80 billion per month and of agency mortgageâbacked securities by at least $40 billion per month until substantial further progress has been made toward the Committee's maximum employment and price stability goals."
2021-01-27,12,"These asset purchases help foster smooth market functioning and accommodative financial conditions, thereby supporting the flow of credit to households and businesses."
2021-01-27,13,"In assessing the appropriate stance of monetary policy, the Committee will continue to monitor the implications of incoming information for the economic outlook."
2021-01-27,14,The Committee would be prepared to adjust the stance of monetary policy as appropriate if risks emerge that could impede the attainment of the Committee's goals.
2021-01-27,15,"The Committee's assessments will take into account a wide range of information, including readings on public health, labor market conditions, inflation pressures and inflation expectations, and financial and international developments."
2021-03-17,0,"The Federal Reserve is committed to using its full range of tools to support the U.S. economy in this challenging time, thereby promoting its maximum employment and price stability goals."
2021-03-17,1,The COVID-19 pandemic is causing tremendous human and economic hardship across the United States and around the world.
2021-03-17,2,"Following a moderation in the pace of the recovery, indicators of economic activity and employment have turned up recently, although the sectors most adversely affected by the pandemic remain weak."
2021-03-17,3,Inflation continues to run below 2 percent.
2021-03-17,4,"Overall financial conditions remain accommodative, in part reflecting policy measures to support the economy and the flow of credit to U.S. households and businesses."
2021-03-17,5,"The path of the economy will depend significantly on the course of the virus, including progress on vaccinations."
2021-03-17,6,"The ongoing public health crisis continues to weigh on economic activity, employment, and inflation, and poses considerable risks to the economic outlook."
2021-03-17,7,The Committee seeks to achieve maximum employment and inflation at the rate of 2 percent over the longer run.
2021-03-17,8,"With inflation running persistently below this longer-run goal, the Committee will aim to achieve inflation moderately above 2 percent for some time so that inflation averages 2 percent over time and longerâterm inflation expectations remain well anchored at 2 percent."
2021-03-17,9,The Committee expects to maintain an accommodative stance of monetary policy until these outcomes are achieved.
2021-03-17,10,The Committee decided to keep the target range for the federal funds rate at 0 to 1/4 percent and expects it will be appropriate to maintain this target range until labor market conditions have reached levels consistent with the Committee's assessments of maximum employment and inflation has risen to 2 percent and is on track to moderately exceed 2 percent for some time.
2021-03-17,11,"In addition, the Federal Reserve will continue to increase its holdings of Treasury securities by at least $80 billion per month and of agency mortgageâbacked securities by at least $40 billion per month until substantial further progress has been made toward the Committee's maximum employment and price stability goals."
2021-03-17,12,"These asset purchases help foster smooth market functioning and accommodative financial conditions, thereby supporting the flow of credit to households and businesses."
2021-03-17,13,"In assessing the appropriate stance of monetary policy, the Committee will continue to monitor the implications of incoming information for the economic outlook."
2021-03-17,14,The Committee would be prepared to adjust the stance of monetary policy as appropriate if risks emerge that could impede the attainment of the Committee's goals.
2021-03-17,15,"The Committee's assessments will take into account a wide range of information, including readings on public health, labor market conditions, inflation pressures and inflation expectations, and financial and international developments."
2021-04-28,0,"The Federal Reserve is committed to using its full range of tools to support the U.S. economy in this challenging time, thereby promoting its maximum employment and price stability goals."
2021-04-28,1,The COVID-19 pandemic is causing tremendous human and economic hardship across the United States and around the world.
2021-04-28,2,"Amid progress on vaccinations and strong policy support, indicators of economic activity and employment have strengthened."
2021-04-28,3,The sectors most adversely affected by the pandemic remain weak but have shown improvement.
2021-04-28,4,"Inflation has risen, largely reflecting transitory factors."
2021-04-28,5,"Overall financial conditions remain accommodative, in part reflecting policy measures to support the economy and the flow of credit to U.S. households and businesses."
2021-04-28,6,"The path of the economy will depend significantly on the course of the virus, including progress on vaccinations."
2021-04-28,7,"The ongoing public health crisis continues to weigh on the economy, and risks to the economic outlook remain."
2021-04-28,8,The Committee seeks to achieve maximum employment and inflation at the rate of 2 percent over the longer run.
2021-04-28,9,"With inflation running persistently below this longer-run goal, the Committee will aim to achieve inflation moderately above 2 percent for some time so that inflation averages 2 percent over time and longerâterm inflation expectations remain well anchored at 2 percent."
2021-04-28,10,The Committee expects to maintain an accommodative stance of monetary policy until these outcomes are achieved.
2021-04-28,11,The Committee decided to keep the target range for the federal funds rate at 0 to 1/4 percent and expects it will be appropriate to maintain this target range until labor market conditions have reached levels consistent with the Committee's assessments of maximum employment and inflation has risen to 2 percent and is on track to moderately exceed 2 percent for some time.
2021-04-28,12,"In addition, the Federal Reserve will continue to increase its holdings of Treasury securities by at least $80 billion per month and of agency mortgageâbacked securities by at least $40 billion per month until substantial further progress has been made toward the Committee's maximum employment and price stability goals."
2021-04-28,13,"These asset purchases help foster smooth market functioning and accommodative financial conditions, thereby supporting the flow of credit to households and businesses."
2021-04-28,14,"In assessing the appropriate stance of monetary policy, the Committee will continue to monitor the implications of incoming information for the economic outlook."
2021-04-28,15,The Committee would be prepared to adjust the stance of monetary policy as appropriate if risks emerge that could impede the attainment of the Committee's goals.
2021-04-28,16,"The Committee's assessments will take into account a wide range of information, including readings on public health, labor market conditions, inflation pressures and inflation expectations, and financial and international developments."
2021-06-16,0,"The Federal Reserve is committed to using its full range of tools to support the U.S. economy in this challenging time, thereby promoting its maximum employment and price stability goals."
2021-06-16,1,Progress on vaccinations has reduced the spread of COVID-19 in the United States.
2021-06-16,2,"Amid this progress and strong policy support, indicators of economic activity and employment have strengthened."
2021-06-16,3,The sectors most adversely affected by the pandemic remain weak but have shown improvement.
2021-06-16,4,"Inflation has risen, largely reflecting transitory factors."
2021-06-16,5,"Overall financial conditions remain accommodative, in part reflecting policy measures to support the economy and the flow of credit to U.S. households and businesses."
2021-06-16,6,The path of the economy will depend significantly on the course of the virus.
2021-06-16,7,"Progress on vaccinations will likely continue to reduce the effects of the public health crisis on the economy, but risks to the economic outlook remain."
2021-06-16,8,The Committee seeks to achieve maximum employment and inflation at the rate of 2 percent over the longer run.
2021-06-16,9,"With inflation having run persistently below this longer-run goal, the Committee will aim to achieve inflation moderately above 2 percent for some time so that inflation averages 2 percent over time and longerâterm inflation expectations remain well anchored at 2 percent."
2021-06-16,10,The Committee expects to maintain an accommodative stance of monetary policy until these outcomes are achieved.
2021-06-16,11,The Committee decided to keep the target range for the federal funds rate at 0 to 1/4 percent and expects it will be appropriate to maintain this target range until labor market conditions have reached levels consistent with the Committee's assessments of maximum employment and inflation has risen to 2 percent and is on track to moderately exceed 2 percent for some time.
2021-06-16,12,"In addition, the Federal Reserve will continue to increase its holdings of Treasury securities by at least $80 billion per month and of agency mortgageâbacked securities by at least $40 billion per month until substantial further progress has been made toward the Committee's maximum employment and price stability goals."
2021-06-16,13,"These asset purchases help foster smooth market functioning and accommodative financial conditions, thereby supporting the flow of credit to households and businesses."
2021-06-16,14,"In assessing the appropriate stance of monetary policy, the Committee will continue to monitor the implications of incoming information for the economic outlook."
2021-06-16,15,The Committee would be prepared to adjust the stance of monetary policy as appropriate if risks emerge that could impede the attainment of the Committee's goals.
2021-06-16,16,"The Committee's assessments will take into account a wide range of information, including readings on public health, labor market conditions, inflation pressures and inflation expectations, and financial and international developments."
2021-07-28,0,"The Federal Reserve is committed to using its full range of tools to support the U.S. economy in this challenging time, thereby promoting its maximum employment and price stability goals."
2021-07-28,1,"With progress on vaccinations and strong policy support, indicators of economic activity and employment have continued to strengthen."
2021-07-28,2,The sectors most adversely affected by the pandemic have shown improvement but have not fully recovered.
2021-07-28,3,"Inflation has risen, largely reflecting transitory factors."
2021-07-28,4,"Overall financial conditions remain accommodative, in part reflecting policy measures to support the economy and the flow of credit to U.S. households and businesses."
2021-07-28,5,The path of the economy continues to depend on the course of the virus.
2021-07-28,6,"Progress on vaccinations will likely continue to reduce the effects of the public health crisis on the economy, but risks to the economic outlook remain."
2021-07-28,7,The Committee seeks to achieve maximum employment and inflation at the rate of 2 percent over the longer run.
2021-07-28,8,"With inflation having run persistently below this longer-run goal, the Committee will aim to achieve inflation moderately above 2 percent for some time so that inflation averages 2 percent over time and longerâterm inflation expectations remain well anchored at 2 percent."
2021-07-28,9,The Committee expects to maintain an accommodative stance of monetary policy until these outcomes are achieved.
2021-07-28,10,The Committee decided to keep the target range for the federal funds rate at 0 to 1/4 percent and expects it will be appropriate to maintain this target range until labor market conditions have reached levels consistent with the Committee's assessments of maximum employment and inflation has risen to 2 percent and is on track to moderately exceed 2 percent for some time.
2021-07-28,11,"Last December, the Committee indicated that it would continue to increase its holdings of Treasury securities by at least $80 billion per month and of agency mortgageâbacked securities by at least $40 billion per month until substantial further progress has been made toward its maximum employment and price stability goals."
2021-07-28,12,"Since then, the economy has made progress toward these goals, and the Committee will continue to assess progress in coming meetings."
2021-07-28,13,"These asset purchases help foster smooth market functioning and accommodative financial conditions, thereby supporting the flow of credit to households and businesses."
2021-07-28,14,"In assessing the appropriate stance of monetary policy, the Committee will continue to monitor the implications of incoming information for the economic outlook."
2021-07-28,15,The Committee would be prepared to adjust the stance of monetary policy as appropriate if risks emerge that could impede the attainment of the Committee's goals.
2021-07-28,16,"The Committee's assessments will take into account a wide range of information, including readings on public health, labor market conditions, inflation pressures and inflation expectations, and financial and international developments."
2021-09-22,0,"The Federal Reserve is committed to using its full range of tools to support the U.S. economy in this challenging time, thereby promoting its maximum employment and price stability goals."
2021-09-22,1,"With progress on vaccinations and strong policy support, indicators of economic activity and employment have continued to strengthen."
2021-09-22,2,"The sectors most adversely affected by the pandemic have improved in recent months, but the rise in COVID-19 cases has slowed their recovery."
2021-09-22,3,"Inflation is elevated, largely reflecting transitory factors."
2021-09-22,4,"Overall financial conditions remain accommodative, in part reflecting policy measures to support the economy and the flow of credit to U.S. households and businesses."
2021-09-22,5,The path of the economy continues to depend on the course of the virus.
2021-09-22,6,"Progress on vaccinations will likely continue to reduce the effects of the public health crisis on the economy, but risks to the economic outlook remain."
2021-09-22,7,The Committee seeks to achieve maximum employment and inflation at the rate of 2 percent over the longer run.
2021-09-22,8,"With inflation having run persistently below this longer-run goal, the Committee will aim to achieve inflation moderately above 2 percent for some time so that inflation averages 2 percent over time and longerâterm inflation expectations remain well anchored at 2 percent."
2021-09-22,9,The Committee expects to maintain an accommodative stance of monetary policy until these outcomes are achieved.
2021-09-22,10,The Committee decided to keep the target range for the federal funds rate at 0 to 1/4 percent and expects it will be appropriate to maintain this target range until labor market conditions have reached levels consistent with the Committee's assessments of maximum employment and inflation has risen to 2 percent and is on track to moderately exceed 2 percent for some time.
2021-09-22,11,"Last December, the Committee indicated that it would continue to increase its holdings of Treasury securities by at least $80 billion per month and of agency mortgageâbacked securities by at least $40 billion per month until substantial further progress has been made toward its maximum employment and price stability goals."
2021-09-22,12,"Since then, the economy has made progress toward these goals."
2021-09-22,13,"If progress continues broadly as expected, the Committee judges that a moderation in the pace of asset purchases may soon be warranted."
2021-09-22,14,"These asset purchases help foster smooth market functioning and accommodative financial conditions, thereby supporting the flow of credit to households and businesses."
2021-09-22,15,"In assessing the appropriate stance of monetary policy, the Committee will continue to monitor the implications of incoming information for the economic outlook."
2021-09-22,16,The Committee would be prepared to adjust the stance of monetary policy as appropriate if risks emerge that could impede the attainment of the Committee's goals.
2021-09-22,17,"The Committee's assessments will take into account a wide range of information, including readings on public health, labor market conditions, inflation pressures and inflation expectations, and financial and international developments."
2021-11-03,0,"The Federal Reserve is committed to using its full range of tools to support the U.S. economy in this challenging time, thereby promoting its maximum employment and price stability goals."
2021-11-03,1,"With progress on vaccinations and strong policy support, indicators of economic activity and employment have continued to strengthen."
2021-11-03,2,"The sectors most adversely affected by the pandemic have improved in recent months, but the summer's rise in COVID-19 cases has slowed their recovery."
2021-11-03,3,"Inflation is elevated, largely reflecting factors that are expected to be transitory."
2021-11-03,4,Supply and demand imbalances related to the pandemic and the reopening of the economy have contributed to sizable price increases in some sectors.
2021-11-03,5,"Overall financial conditions remain accommodative, in part reflecting policy measures to support the economy and the flow of credit to U.S. households and businesses."
2021-11-03,6,The path of the economy continues to depend on the course of the virus.
2021-11-03,7,Progress on vaccinations and an easing of supply constraints are expected to support continued gains in economic activity and employment as well as a reduction in inflation.
2021-11-03,8,Risks to the economic outlook remain.
2021-11-03,9,The Committee seeks to achieve maximum employment and inflation at the rate of 2 percent over the longer run.
2021-11-03,10,"With inflation having run persistently below this longer-run goal, the Committee will aim to achieve inflation moderately above 2 percent for some time so that inflation averages 2 percent over time and longerâterm inflation expectations remain well anchored at 2 percent."
2021-11-03,11,The Committee expects to maintain an accommodative stance of monetary policy until these outcomes are achieved.
2021-11-03,12,The Committee decided to keep the target range for the federal funds rate at 0 to 1/4 percent and expects it will be appropriate to maintain this target range until labor market conditions have reached levels consistent with the Committee's assessments of maximum employment and inflation has risen to 2 percent and is on track to moderately exceed 2 percent for some time.
2021-11-03,13,"In light of the substantial further progress the economy has made toward the Committee's goals since last December, the Committee decided to begin reducing the monthly pace of its net asset purchases by $10 billion for Treasury securities and $5 billion for agency mortgage-backed securities."
2021-11-03,14,"Beginning later this month, the Committee will increase its holdings of Treasury securities by at least $70 billion per month and of agency mortgageâbacked securities by at least $35 billion per month."
2021-11-03,15,"Beginning in December, the Committee will increase its holdings of Treasury securities by at least $60 billion per month and of agency mortgage-backed securities by at least $30 billion per month."
2021-11-03,16,"The Committee judges that similar reductions in the pace of net asset purchases will likely be appropriate each month, but it is prepared to adjust the pace of purchases if warranted by changes in the economic outlook."
2021-11-03,17,"The Federal Reserve's ongoing purchases and holdings of securities will continue to foster smooth market functioning and accommodative financial conditions, thereby supporting the flow of credit to households and businesses."
2021-11-03,18,"In assessing the appropriate stance of monetary policy, the Committee will continue to monitor the implications of incoming information for the economic outlook."
2021-11-03,19,The Committee would be prepared to adjust the stance of monetary policy as appropriate if risks emerge that could impede the attainment of the Committee's goals.
2021-11-03,20,"The Committee's assessments will take into account a wide range of information, including readings on public health, labor market conditions, inflation pressures and inflation expectations, and financial and international developments."
2021-12-15,0,"The Federal Reserve is committed to using its full range of tools to support the U.S. economy in this challenging time, thereby promoting its maximum employment and price stability goals."
2021-12-15,1,"With progress on vaccinations and strong policy support, indicators of economic activity and employment have continued to strengthen."
2021-12-15,2,The sectors most adversely affected by the pandemic have improved in recent months but continue to be affected by COVID-19.
2021-12-15,3,"Job gains have been solid in recent months, and the unemployment rate has declined substantially."
2021-12-15,4,Supply and demand imbalances related to the pandemic and the reopening of the economy have continued to contribute to elevated levels of inflation.
2021-12-15,5,"Overall financial conditions remain accommodative, in part reflecting policy measures to support the economy and the flow of credit to U.S. households and businesses."
2021-12-15,6,The path of the economy continues to depend on the course of the virus.
2021-12-15,7,Progress on vaccinations and an easing of supply constraints are expected to support continued gains in economic activity and employment as well as a reduction in inflation.
2021-12-15,8,"Risks to the economic outlook remain, including from new variants of the virus."
2021-12-15,9,The Committee seeks to achieve maximum employment and inflation at the rate of 2 percent over the longer run.
2021-12-15,10,"In support of these goals, the Committee decided to keep the target range for the federal funds rate at 0 to 1/4 percent."
2021-12-15,11,"With inflation having exceeded 2 percent for some time, the Committee expects it will be appropriate to maintain this target range until labor market conditions have reached levels consistent with the Committee's assessments of maximum employment."
2021-12-15,12,"In light of inflation developments and the further improvement in the labor market, the Committee decided to reduce the monthly pace of its net asset purchases by $20 billion for Treasury securities and $10 billion for agency mortgage-backed securities."
2021-12-15,13,"Beginning in January, the Committee will increase its holdings of Treasury securities by at least $40 billion per month and of agency mortgageâbacked securities by at least $20 billion per month."
2021-12-15,14,"The Committee judges that similar reductions in the pace of net asset purchases will likely be appropriate each month, but it is prepared to adjust the pace of purchases if warranted by changes in the economic outlook."
2021-12-15,15,"The Federal Reserve's ongoing purchases and holdings of securities will continue to foster smooth market functioning and accommodative financial conditions, thereby supporting the flow of credit to households and businesses."
2021-12-15,16,"In assessing the appropriate stance of monetary policy, the Committee will continue to monitor the implications of incoming information for the economic outlook."
2021-12-15,17,The Committee would be prepared to adjust the stance of monetary policy as appropriate if risks emerge that could impede the attainment of the Committee's goals.
2021-12-15,18,"The Committee's assessments will take into account a wide range of information, including readings on public health, labor market conditions, inflation pressures and inflation expectations, and financial and international developments."
2022-01-26,0,Indicators of economic activity and employment have continued to strengthen.
2022-01-26,1,The sectors most adversely affected by the pandemic have improved in recent months but are being affected by the recent sharp rise in COVID-19 cases.
2022-01-26,2,"Job gains have been solid in recent months, and the unemployment rate has declined substantially."
2022-01-26,3,Supply and demand imbalances related to the pandemic and the reopening of the economy have continued to contribute to elevated levels of inflation.
2022-01-26,4,"Overall financial conditions remain accommodative, in part reflecting policy measures to support the economy and the flow of credit to U.S. households and businesses."
2022-01-26,5,The path of the economy continues to depend on the course of the virus.
2022-01-26,6,Progress on vaccinations and an easing of supply constraints are expected to support continued gains in economic activity and employment as well as a reduction in inflation.
2022-01-26,7,"Risks to the economic outlook remain, including from new variants of the virus."
2022-01-26,8,The Committee seeks to achieve maximum employment and inflation at the rate of 2 percent over the longer run.
2022-01-26,9,"In support of these goals, the Committee decided to keep the target range for the federal funds rate at 0 to 1/4 percent."
2022-01-26,10,"With inflation well above 2 percent and a strong labor market, the Committee expects it will soon be appropriate to raise the target range for the federal funds rate."
2022-01-26,11,"The Committee decided to continue to reduce the monthly pace of its net asset purchases, bringing them to an end in early March."
2022-01-26,12,"Beginning in February, the Committee will increase its holdings of Treasury securities by at least $20 billion per month and of agency mortgageâbacked securities by at least $10 billion per month."
2022-01-26,13,"The Federal Reserve's ongoing purchases and holdings of securities will continue to foster smooth market functioning and accommodative financial conditions, thereby supporting the flow of credit to households and businesses."
2022-01-26,14,"In assessing the appropriate stance of monetary policy, the Committee will continue to monitor the implications of incoming information for the economic outlook."
2022-01-26,15,The Committee would be prepared to adjust the stance of monetary policy as appropriate if risks emerge that could impede the attainment of the Committee's goals.
2022-01-26,16,"The Committee's assessments will take into account a wide range of information, including readings on public health, labor market conditions, inflation pressures and inflation expectations, and financial and international developments."
2022-03-16,0,Indicators of economic activity and employment have continued to strengthen.
2022-03-16,1,"Job gains have been strong in recent months, and the unemployment rate has declined substantially."
2022-03-16,2,"Inflation remains elevated, reflecting supply and demand imbalances related to the pandemic, higher energy prices, and broader price pressures."
2022-03-16,3,The invasion of Ukraine by Russia is causing tremendous human and economic hardship.
2022-03-16,4,"The implications for the U.S. economy are highly uncertain, but in the near term the invasion and related events are likely to create additional upward pressure on inflation and weigh on economic activity."
2022-03-16,5,The Committee seeks to achieve maximum employment and inflation at the rate of 2 percent over the longer run.
2022-03-16,6,"With appropriate firming in the stance of monetary policy, the Committee expects inflation to return to its 2 percent objective and the labor market to remain strong."
2022-03-16,7,"In support of these goals, the Committee decided to raise the target range for the federal funds rate to 1/4 to 1/2 percent and anticipates that ongoing increases in the target range will be appropriate."
2022-03-16,8,"In addition, the Committee expects to begin reducing its holdings of Treasury securities and agency debt and agency mortgage-backed securities at a coming meeting."
2022-03-16,9,"In assessing the appropriate stance of monetary policy, the Committee will continue to monitor the implications of incoming information for the economic outlook."
2022-03-16,10,The Committee would be prepared to adjust the stance of monetary policy as appropriate if risks emerge that could impede the attainment of the Committee's goals.
2022-03-16,11,"The Committee's assessments will take into account a wide range of information, including readings on public health, labor market conditions, inflation pressures and inflation expectations, and financial and international developments."
2022-05-04,0,"Although overall economic activity edged down in the first quarter, household spending and business fixed investment remained strong."
2022-05-04,1,"Job gains have been robust in recent months, and the unemployment rate has declined substantially."
2022-05-04,2,"Inflation remains elevated, reflecting supply and demand imbalances related to the pandemic, higher energy prices, and broader price pressures."
2022-05-04,3,The invasion of Ukraine by Russia is causing tremendous human and economic hardship.
2022-05-04,4,The implications for the U.S. economy are highly uncertain.
2022-05-04,5,The invasion and related events are creating additional upward pressure on inflation and are likely to weigh on economic activity.
2022-05-04,6,"In addition, COVID-related lockdowns in China are likely to exacerbate supply chain disruptions."
2022-05-04,7,The Committee is highly attentive to inflation risks.
2022-05-04,8,The Committee seeks to achieve maximum employment and inflation at the rate of 2 percent over the longer run.
2022-05-04,9,"With appropriate firming in the stance of monetary policy, the Committee expects inflation to return to its 2 percent objective and the labor market to remain strong."
2022-05-04,10,"In support of these goals, the Committee decided to raise the target range for the federal funds rate to 3/4 to 1 percent and anticipates that ongoing increases in the target range will be appropriate."
2022-05-04,11,"In addition, the Committee decided to begin reducing its holdings of Treasury securities and agency debt and agency mortgage-backed securities on June 1, as described in the Plans for Reducing the Size of the Federal Reserve's Balance Sheet that were issued in conjunction with this statement."
2022-05-04,12,"In assessing the appropriate stance of monetary policy, the Committee will continue to monitor the implications of incoming information for the economic outlook."
2022-05-04,13,The Committee would be prepared to adjust the stance of monetary policy as appropriate if risks emerge that could impede the attainment of the Committeeâs goals.
2022-05-04,14,"The Committee's assessments will take into account a wide range of information, including readings on public health, labor market conditions, inflation pressures and inflation expectations, and financial and international developments."
2022-06-15,0,Overall economic activity appears to have picked up after edging down in the first quarter.
2022-06-15,1,"Job gains have been robust in recent months, and the unemployment rate has remained low."
2022-06-15,2,"Inflation remains elevated, reflecting supply and demand imbalances related to the pandemic, higher energy prices, and broader price pressures."
2022-06-15,3,The invasion of Ukraine by Russia is causing tremendous human and economic hardship.
2022-06-15,4,The invasion and related events are creating additional upward pressure on inflation and are weighing on global economic activity.
2022-06-15,5,"In addition, COVID-related lockdowns in China are likely to exacerbate supply chain disruptions."
2022-06-15,6,The Committee is highly attentive to inflation risks.
2022-06-15,7,The Committee seeks to achieve maximum employment and inflation at the rate of 2 percent over the longer run.
2022-06-15,8,"In support of these goals, the Committee decided to raise the target range for the federal funds rate to 1â1/2 to 1-3/4 percent and anticipates that ongoing increases in the target range will be appropriate."
2022-06-15,9,"In addition, the Committee will continue reducing its holdings of Treasury securities and agency debt and agency mortgage-backed securities, as described in the Plans for Reducing the Size of the Federal Reserve's Balance Sheet that were issued in May."
2022-06-15,10,The Committee is strongly committed to returning inflation to its 2 percent objective.
2022-06-15,11,"In assessing the appropriate stance of monetary policy, the Committee will continue to monitor the implications of incoming information for the economic outlook."
2022-06-15,12,The Committee would be prepared to adjust the stance of monetary policy as appropriate if risks emerge that could impede the attainment of the Committee's goals.
2022-06-15,13,"The Committee's assessments will take into account a wide range of information, including readings on public health, labor market conditions, inflation pressures and inflation expectations, and financial and international developments."
2022-07-27,0,Recent indicators of spending and production have softened.
2022-07-27,1,"Nonetheless, job gains have been robust in recent months, and the unemployment rate has remained low."
2022-07-27,2,"Inflation remains elevated, reflecting supply and demand imbalances related to the pandemic, higher food and energy prices, and broader price pressures."
2022-07-27,3,Russia's war against Ukraine is causing tremendous human and economic hardship.
2022-07-27,4,The war and related events are creating additional upward pressure on inflation and are weighing on global economic activity.
2022-07-27,5,The Committee is highly attentive to inflation risks.
2022-07-27,6,The Committee seeks to achieve maximum employment and inflation at the rate of 2 percent over the longer run.
2022-07-27,7,"In support of these goals, the Committee decided to raise the target range for the federal funds rate to 2-1/4 to 2-1/2 percent and anticipates that ongoing increases in the target range will be appropriate."
2022-07-27,8,"In addition, the Committee will continue reducing its holdings of Treasury securities and agency debt and agency mortgage-backed securities, as described in the Plans for Reducing the Size of the Federal Reserve's Balance Sheet that were issued in May."
2022-07-27,9,The Committee is strongly committed to returning inflation to its 2 percent objective.
2022-07-27,10,"In assessing the appropriate stance of monetary policy, the Committee will continue to monitor the implications of incoming information for the economic outlook."
2022-07-27,11,The Committee would be prepared to adjust the stance of monetary policy as appropriate if risks emerge that could impede the attainment of the Committee's goals.
2022-07-27,12,"The Committee's assessments will take into account a wide range of information, including readings on public health, labor market conditions, inflation pressures and inflation expectations, and financial and international developments."
2022-09-21,0,Recent indicators point to modest growth in spending and production.
2022-09-21,1,"Job gains have been robust in recent months, and the unemployment rate has remained low."
2022-09-21,2,"Inflation remains elevated, reflecting supply and demand imbalances related to the pandemic, higher food and energy prices, and broader price pressures."
2022-09-21,3,Russia's war against Ukraine is causing tremendous human and economic hardship.
2022-09-21,4,The war and related events are creating additional upward pressure on inflation and are weighing on global economic activity.
2022-09-21,5,The Committee is highly attentive to inflation risks.
2022-09-21,6,The Committee seeks to achieve maximum employment and inflation at the rate of 2 percent over the longer run.
2022-09-21,7,"In support of these goals, the Committee decided to raise the target range for the federal funds rate to 3 to 3-1/4 percent and anticipates that ongoing increases in the target range will be appropriate."
2022-09-21,8,"In addition, the Committee will continue reducing its holdings of Treasury securities and agency debt and agency mortgage-backed securities, as described in the Plans for Reducing the Size of the Federal Reserve's Balance Sheet that were issued in May."
2022-09-21,9,The Committee is strongly committed to returning inflation to its 2 percent objective.
2022-09-21,10,"In assessing the appropriate stance of monetary policy, the Committee will continue to monitor the implications of incoming information for the economic outlook."
2022-09-21,11,The Committee would be prepared to adjust the stance of monetary policy as appropriate if risks emerge that could impede the attainment of the Committee's goals.
2022-09-21,12,"The Committee's assessments will take into account a wide range of information, including readings on public health, labor market conditions, inflation pressures and inflation expectations, and financial and international developments."
2022-11-02,0,Recent indicators point to modest growth in spending and production.
2022-11-02,1,"Job gains have been robust in recent months, and the unemployment rate has remained low."
2022-11-02,2,"Inflation remains elevated, reflecting supply and demand imbalances related to the pandemic, higher food and energy prices, and broader price pressures."
2022-11-02,3,Russia's war against Ukraine is causing tremendous human and economic hardship.
2022-11-02,4,The war and related events are creating additional upward pressure on inflation and are weighing on global economic activity.
2022-11-02,5,The Committee is highly attentive to inflation risks.
2022-11-02,6,The Committee seeks to achieve maximum employment and inflation at the rate of 2 percent over the longer run.
2022-11-02,7,"In support of these goals, the Committee decided to raise the target range for the federal funds rate to 3-3/4 to 4 percent."
2022-11-02,8,The Committee anticipates that ongoing increases in the target range will be appropriate in order to attain a stance of monetary policy that is sufficiently restrictive to return inflation to 2 percent over time.
2022-11-02,9,"In determining the pace of future increases in the target range, the Committee will take into account the cumulative tightening of monetary policy, the lags with which monetary policy affects economic activity and inflation, and economic and financial developments."
2022-11-02,10,"In addition, the Committee will continue reducing its holdings of Treasury securities and agency debt and agency mortgage-backed securities, as described in the Plans for Reducing the Size of the Federal Reserve's Balance Sheet that were issued in May."
2022-11-02,11,The Committee is strongly committed to returning inflation to its 2 percent objective.
2022-11-02,12,"In assessing the appropriate stance of monetary policy, the Committee will continue to monitor the implications of incoming information for the economic outlook."
2022-11-02,13,The Committee would be prepared to adjust the stance of monetary policy as appropriate if risks emerge that could impede the attainment of the Committee's goals.
2022-11-02,14,"The Committee's assessments will take into account a wide range of information, including readings on public health, labor market conditions, inflation pressures and inflation expectations, and financial and international developments."
2022-12-14,0,Recent indicators point to modest growth in spending and production.
2022-12-14,1,"Job gains have been robust in recent months, and the unemployment rate has remained low."
2022-12-14,2,"Inflation remains elevated, reflecting supply and demand imbalances related to the pandemic, higher food and energy prices, and broader price pressures."
2022-12-14,3,Russia's war against Ukraine is causing tremendous human and economic hardship.
2022-12-14,4,The war and related events are contributing to upward pressure on inflation and are weighing on global economic activity.
2022-12-14,5,The Committee is highly attentive to inflation risks.
2022-12-14,6,The Committee seeks to achieve maximum employment and inflation at the rate of 2 percent over the longer run.
2022-12-14,7,"In support of these goals, the Committee decided to raise the target range for the federal funds rate to 4-1/4 to 4-1/2 percent."
2022-12-14,8,The Committee anticipates that ongoing increases in the target range will be appropriate in order to attain a stance of monetary policy that is sufficiently restrictive to return inflation to 2 percent over time.
2022-12-14,9,"In determining the pace of future increases in the target range, the Committee will take into account the cumulative tightening of monetary policy, the lags with which monetary policy affects economic activity and inflation, and economic and financial developments."
2022-12-14,10,"In addition, the Committee will continue reducing its holdings of Treasury securities and agency debt and agency mortgage-backed securities, as described in the Plans for Reducing the Size of the Federal Reserve's Balance Sheet that were issued in May."
2022-12-14,11,The Committee is strongly committed to returning inflation to its 2 percent objective.
2022-12-14,12,"In assessing the appropriate stance of monetary policy, the Committee will continue to monitor the implications of incoming information for the economic outlook."
2022-12-14,13,The Committee would be prepared to adjust the stance of monetary policy as appropriate if risks emerge that could impede the attainment of the Committee's goals.
2022-12-14,14,"The Committee's assessments will take into account a wide range of information, including readings on public health, labor market conditions, inflation pressures and inflation expectations, and financial and international developments."
2023-02-01,0,Recent indicators point to modest growth in spending and production.
2023-02-01,1,"Job gains have been robust in recent months, and the unemployment rate has remained low."
2023-02-01,2,Inflation has eased somewhat but remains elevated.
2023-02-01,3,Russia's war against Ukraine is causing tremendous human and economic hardship and is contributing to elevated global uncertainty.
2023-02-01,4,The Committee is highly attentive to inflation risks.
2023-02-01,5,The Committee seeks to achieve maximum employment and inflation at the rate of 2 percent over the longer run.
2023-02-01,6,"In support of these goals, the Committee decided to raise the target range for the federal funds rate to 4-1/2 to 4-3/4 percent."
2023-02-01,7,The Committee anticipates that ongoing increases in the target range will be appropriate in order to attain a stance of monetary policy that is sufficiently restrictive to return inflation to 2 percent over time.
2023-02-01,8,"In determining the extent of future increases in the target range, the Committee will take into account the cumulative tightening of monetary policy, the lags with which monetary policy affects economic activity and inflation, and economic and financial developments."
2023-02-01,9,"In addition, the Committee will continue reducing its holdings of Treasury securities and agency debt and agency mortgage-backed securities, as described in its previously announced plans."
2023-02-01,10,The Committee is strongly committed to returning inflation to its 2 percent objective.
2023-02-01,11,"In assessing the appropriate stance of monetary policy, the Committee will continue to monitor the implications of incoming information for the economic outlook."
2023-02-01,12,The Committee would be prepared to adjust the stance of monetary policy as appropriate if risks emerge that could impede the attainment of the Committee's goals.
2023-02-01,13,"The Committee's assessments will take into account a wide range of information, including readings on labor market conditions, inflation pressures and inflation expectations, and financial and international developments."
2023-03-22,0,Recent indicators point to modest growth in spending and production.
2023-03-22,1,Job gains have picked up in recent months and are running at a robust pace; the unemployment rate has remained low.
2023-03-22,2,The U.S. banking system is sound and resilient.
2023-03-22,3,"Recent developments are likely to result in tighter credit conditions for households and businesses and to weigh on economic activity, hiring, and inflation."
2023-03-22,4,The extent of these effects is uncertain.
2023-03-22,5,The Committee remains highly attentive to inflation risks.
2023-03-22,6,The Committee seeks to achieve maximum employment and inflation at the rate of 2 percent over the longer run.
2023-03-22,7,"In support of these goals, the Committee decided to raise the target range for the federal funds rate to 4-3/4 to 5 percent."
2023-03-22,8,The Committee will closely monitor incoming information and assess the implications for monetary policy.
2023-03-22,9,The Committee anticipates that some additional policy firming may be appropriate in order to attain a stance of monetary policy that is sufficiently restrictive to return inflation to 2 percent over time.
2023-03-22,10,"In determining the extent of future increases in the target range, the Committee will take into account the cumulative tightening of monetary policy, the lags with which monetary policy affects economic activity and inflation, and economic and financial developments."
2023-03-22,11,"In addition, the Committee will continue reducing its holdings of Treasury securities and agency debt and agency mortgage-backed securities, as described in its previously announced plans."
2023-03-22,12,The Committee is strongly committed to returning inflation to its 2 percent objective.
2023-03-22,13,"In assessing the appropriate stance of monetary policy, the Committee will continue to monitor the implications of incoming information for the economic outlook."
2023-03-22,14,The Committee would be prepared to adjust the stance of monetary policy as appropriate if risks emerge that could impede the attainment of the Committee's goals.
2023-03-22,15,"The Committee's assessments will take into account a wide range of information, including readings on labor market conditions, inflation pressures and inflation expectations, and financial and international developments."
2023-05-03,0,Economic activity expanded at a modest pace in the first quarter.
2023-05-03,1,"Job gains have been robust in recent months, and the unemployment rate has remained low."
2023-05-03,2,The U.S. banking system is sound and resilient.
2023-05-03,3,"Tighter credit conditions for households and businesses are likely to weigh on economic activity, hiring, and inflation."
2023-05-03,4,The extent of these effects remains uncertain.
2023-05-03,5,The Committee remains highly attentive to inflation risks.
2023-05-03,6,The Committee seeks to achieve maximum employment and inflation at the rate of 2 percent over the longer run.
2023-05-03,7,"In support of these goals, the Committee decided to raise the target range for the federal funds rate to 5 to 5-1/4 percent."
2023-05-03,8,The Committee will closely monitor incoming information and assess the implications for monetary policy.
2023-05-03,9,"In determining the extent to which additional policy firming may be appropriate to return inflation to 2 percent over time, the Committee will take into account the cumulative tightening of monetary policy, the lags with which monetary policy affects economic activity and inflation, and economic and financial developments."
2023-05-03,10,"In addition, the Committee will continue reducing its holdings of Treasury securities and agency debt and agency mortgage-backed securities, as described in its previously announced plans."
2023-05-03,11,The Committee is strongly committed to returning inflation to its 2 percent objective.
2023-05-03,12,"In assessing the appropriate stance of monetary policy, the Committee will continue to monitor the implications of incoming information for the economic outlook."
2023-05-03,13,The Committee would be prepared to adjust the stance of monetary policy as appropriate if risks emerge that could impede the attainment of the Committee's goals.
2023-05-03,14,"The Committee's assessments will take into account a wide range of information, including readings on labor market conditions, inflation pressures and inflation expectations, and financial and international developments."
2023-06-14,0,Recent indicators suggest that economic activity has continued to expand at a modest pace.
2023-06-14,1,"Job gains have been robust in recent months, and the unemployment rate has remained low."
2023-06-14,2,The U.S. banking system is sound and resilient.
2023-06-14,3,"Tighter credit conditions for households and businesses are likely to weigh on economic activity, hiring, and inflation."
2023-06-14,4,The extent of these effects remains uncertain.
2023-06-14,5,The Committee remains highly attentive to inflation risks.
2023-06-14,6,The Committee seeks to achieve maximum employment and inflation at the rate of 2 percent over the longer run.
2023-06-14,7,"In support of these goals, the Committee decided to maintain the target range for the federal funds rate at 5 to 5-1/4 percent."
2023-06-14,8,Holding the target range steady at this meeting allows the Committee to assess additional information and its implications for monetary policy.
2023-06-14,9,"In determining the extent of additional policy firming that may be appropriate to return inflation to 2 percent over time, the Committee will take into account the cumulative tightening of monetary policy, the lags with which monetary policy affects economic activity and inflation, and economic and financial developments."
2023-06-14,10,"In addition, the Committee will continue reducing its holdings of Treasury securities and agency debt and agency mortgage-backed securities, as described in its previously announced plans."
2023-06-14,11,The Committee is strongly committed to returning inflation to its 2 percent objective.
2023-06-14,12,"In assessing the appropriate stance of monetary policy, the Committee will continue to monitor the implications of incoming information for the economic outlook."
2023-06-14,13,The Committee would be prepared to adjust the stance of monetary policy as appropriate if risks emerge that could impede the attainment of the Committee's goals.
2023-06-14,14,"The Committee's assessments will take into account a wide range of information, including readings on labor market conditions, inflation pressures and inflation expectations, and financial and international developments."
2023-07-26,0,Recent indicators suggest that economic activity has been expanding at a moderate pace.
2023-07-26,1,"Job gains have been robust in recent months, and the unemployment rate has remained low."
2023-07-26,2,The U.S. banking system is sound and resilient.
2023-07-26,3,"Tighter credit conditions for households and businesses are likely to weigh on economic activity, hiring, and inflation."
2023-07-26,4,The extent of these effects remains uncertain.
2023-07-26,5,The Committee remains highly attentive to inflation risks.
2023-07-26,6,The Committee seeks to achieve maximum employment and inflation at the rate of 2 percent over the longer run.
2023-07-26,7,"In support of these goals, the Committee decided to raise the target range for the federal funds rate to 5-1/4 to 5-1/2 percent."
2023-07-26,8,The Committee will continue to assess additional information and its implications for monetary policy.
2023-07-26,9,"In determining the extent of additional policy firming that may be appropriate to return inflation to 2 percent over time, the Committee will take into account the cumulative tightening of monetary policy, the lags with which monetary policy affects economic activity and inflation, and economic and financial developments."
2023-07-26,10,"In addition, the Committee will continue reducing its holdings of Treasury securities and agency debt and agency mortgage-backed securities, as described in its previously announced plans."
2023-07-26,11,The Committee is strongly committed to returning inflation to its 2 percent objective.
2023-07-26,12,"In assessing the appropriate stance of monetary policy, the Committee will continue to monitor the implications of incoming information for the economic outlook."
2023-07-26,13,The Committee would be prepared to adjust the stance of monetary policy as appropriate if risks emerge that could impede the attainment of the Committee's goals.
2023-07-26,14,"The Committee's assessments will take into account a wide range of information, including readings on labor market conditions, inflation pressures and inflation expectations, and financial and international developments."
2023-09-20,0,Recent indicators suggest that economic activity has been expanding at a solid pace.
2023-09-20,1,"Job gains have slowed in recent months but remain strong, and the unemployment rate has remained low."
2023-09-20,2,The U.S. banking system is sound and resilient.
2023-09-20,3,"Tighter credit conditions for households and businesses are likely to weigh on economic activity, hiring, and inflation."
2023-09-20,4,The extent of these effects remains uncertain.
2023-09-20,5,The Committee remains highly attentive to inflation risks.
2023-09-20,6,The Committee seeks to achieve maximum employment and inflation at the rate of 2 percent over the longer run.
2023-09-20,7,"In support of these goals, the Committee decided to maintain the target range for the federal funds rate at 5-1/4 to 5-1/2 percent."
2023-09-20,8,The Committee will continue to assess additional information and its implications for monetary policy.
2023-09-20,9,"In determining the extent of additional policy firming that may be appropriate to return inflation to 2 percent over time, the Committee will take into account the cumulative tightening of monetary policy, the lags with which monetary policy affects economic activity and inflation, and economic and financial developments."
2023-09-20,10,"In addition, the Committee will continue reducing its holdings of Treasury securities and agency debt and agency mortgage-backed securities, as described in its previously announced plans."
2023-09-20,11,The Committee is strongly committed to returning inflation to its 2 percent objective.
2023-09-20,12,"In assessing the appropriate stance of monetary policy, the Committee will continue to monitor the implications of incoming information for the economic outlook."
2023-09-20,13,The Committee would be prepared to adjust the stance of monetary policy as appropriate if risks emerge that could impede the attainment of the Committee's goals.
2023-09-20,14,"The Committee's assessments will take into account a wide range of information, including readings on labor market conditions, inflation pressures and inflation expectations, and financial and international developments."
2023-11-01,0,Recent indicators suggest that economic activity expanded at a strong pace in the third quarter.
2023-11-01,1,"Job gains have moderated since earlier in the year but remain strong, and the unemployment rate has remained low."
2023-11-01,2,The U.S. banking system is sound and resilient.
2023-11-01,3,"Tighter financial and credit conditions for households and businesses are likely to weigh on economic activity, hiring, and inflation."
2023-11-01,4,The extent of these effects remains uncertain.
2023-11-01,5,The Committee remains highly attentive to inflation risks.
2023-11-01,6,The Committee seeks to achieve maximum employment and inflation at the rate of 2 percent over the longer run.
2023-11-01,7,"In support of these goals, the Committee decided to maintain the target range for the federal funds rate at 5-1/4 to 5-1/2 percent."
2023-11-01,8,The Committee will continue to assess additional information and its implications for monetary policy.
2023-11-01,9,"In determining the extent of additional policy firming that may be appropriate to return inflation to 2 percent over time, the Committee will take into account the cumulative tightening of monetary policy, the lags with which monetary policy affects economic activity and inflation, and economic and financial developments."
2023-11-01,10,"In addition, the Committee will continue reducing its holdings of Treasury securities and agency debt and agency mortgage-backed securities, as described in its previously announced plans."
2023-11-01,11,The Committee is strongly committed to returning inflation to its 2 percent objective.
2023-11-01,12,"In assessing the appropriate stance of monetary policy, the Committee will continue to monitor the implications of incoming information for the economic outlook."
2023-11-01,13,The Committee would be prepared to adjust the stance of monetary policy as appropriate if risks emerge that could impede the attainment of the Committee's goals.
2023-11-01,14,"The Committee's assessments will take into account a wide range of information, including readings on labor market conditions, inflation pressures and inflation expectations, and financial and international developments."
2023-12-13,0,Recent indicators suggest that growth of economic activity has slowed from its strong pace in the third quarter.
2023-12-13,1,"Job gains have moderated since earlier in the year but remain strong, and the unemployment rate has remained low."
2023-12-13,2,Inflation has eased over the past year but remains elevated.
2023-12-13,3,The U.S. banking system is sound and resilient.
2023-12-13,4,"Tighter financial and credit conditions for households and businesses are likely to weigh on economic activity, hiring, and inflation."
2023-12-13,5,The extent of these effects remains uncertain.
2023-12-13,6,The Committee remains highly attentive to inflation risks.
2023-12-13,7,The Committee seeks to achieve maximum employment and inflation at the rate of 2 percent over the longer run.
2023-12-13,8,"In support of these goals, the Committee decided to maintain the target range for the federal funds rate at 5-1/4 to 5-1/2 percent."
2023-12-13,9,The Committee will continue to assess additional information and its implications for monetary policy.
2023-12-13,10,"In determining the extent of any additional policy firming that may be appropriate to return inflation to 2 percent over time, the Committee will take into account the cumulative tightening of monetary policy, the lags with which monetary policy affects economic activity and inflation, and economic and financial developments."
2023-12-13,11,"In addition, the Committee will continue reducing its holdings of Treasury securities and agency debt and agency mortgage-backed securities, as described in its previously announced plans."
2023-12-13,12,The Committee is strongly committed to returning inflation to its 2 percent objective.
2023-12-13,13,"In assessing the appropriate stance of monetary policy, the Committee will continue to monitor the implications of incoming information for the economic outlook."
2023-12-13,14,The Committee would be prepared to adjust the stance of monetary policy as appropriate if risks emerge that could impede the attainment of the Committee's goals.
2023-12-13,15,"The Committee's assessments will take into account a wide range of information, including readings on labor market conditions, inflation pressures and inflation expectations, and financial and international developments."
2024-01-31,0,Recent indicators suggest that economic activity has been expanding at a solid pace.
2024-01-31,1,"Job gains have moderated since early last year but remain strong, and the unemployment rate has remained low."
2024-01-31,2,Inflation has eased over the past year but remains elevated.
2024-01-31,3,The Committee seeks to achieve maximum employment and inflation at the rate of 2 percent over the longer run.
2024-01-31,4,The Committee judges that the risks to achieving its employment and inflation goals are moving into better balance.
2024-01-31,5,"The economic outlook is uncertain, and the Committee remains highly attentive to inflation risks."
2024-01-31,6,"In support of its goals, the Committee decided to maintain the target range for the federal funds rate at 5-1/4 to 5-1/2 percent."
2024-01-31,7,"In considering any adjustments to the target range for the federal funds rate, the Committee will carefully assess incoming data, the evolving outlook, and the balance of risks."
2024-01-31,8,The Committee does not expect it will be appropriate to reduce the target range until it has gained greater confidence that inflation is moving sustainably toward 2 percent.
2024-01-31,9,"In addition, the Committee will continue reducing its holdings of Treasury securities and agency debt and agency mortgage-backed securities, as described in its previously announced plans."
2024-01-31,10,The Committee is strongly committed to returning inflation to its 2 percent objective.
2024-01-31,11,"In assessing the appropriate stance of monetary policy, the Committee will continue to monitor the implications of incoming information for the economic outlook."
2024-01-31,12,The Committee would be prepared to adjust the stance of monetary policy as appropriate if risks emerge that could impede the attainment of the Committee's goals.
2024-01-31,13,"The Committee's assessments will take into account a wide range of information, including readings on labor market conditions, inflation pressures and inflation expectations, and financial and international developments."
2024-03-20,0,Recent indicators suggest that economic activity has been expanding at a solid pace.
2024-03-20,1,"Job gains have remained strong, and the unemployment rate has remained low."
2024-03-20,2,Inflation has eased over the past year but remains elevated.
2024-03-20,3,The Committee seeks to achieve maximum employment and inflation at the rate of 2 percent over the longer run.
2024-03-20,4,The Committee judges that the risks to achieving its employment and inflation goals are moving into better balance.
2024-03-20,5,"The economic outlook is uncertain, and the Committee remains highly attentive to inflation risks."
2024-03-20,6,"In support of its goals, the Committee decided to maintain the target range for the federal funds rate at 5-1/4 to 5-1/2 percent."
2024-03-20,7,"In considering any adjustments to the target range for the federal funds rate, the Committee will carefully assess incoming data, the evolving outlook, and the balance of risks."
2024-03-20,8,The Committee does not expect it will be appropriate to reduce the target range until it has gained greater confidence that inflation is moving sustainably toward 2 percent.
2024-03-20,9,"In addition, the Committee will continue reducing its holdings of Treasury securities and agency debt and agency mortgage-backed securities, as described in its previously announced plans."
2024-03-20,10,The Committee is strongly committed to returning inflation to its 2 percent objective.
2024-03-20,11,"In assessing the appropriate stance of monetary policy, the Committee will continue to monitor the implications of incoming information for the economic outlook."
2024-03-20,12,The Committee would be prepared to adjust the stance of monetary policy as appropriate if risks emerge that could impede the attainment of the Committee's goals.
2024-03-20,13,"The Committee's assessments will take into account a wide range of information, including readings on labor market conditions, inflation pressures and inflation expectations, and financial and international developments."
2024-05-01,0,Recent indicators suggest that economic activity has continued to expand at a solid pace.
2024-05-01,1,"Job gains have remained strong, and the unemployment rate has remained low."
2024-05-01,2,Inflation has eased over the past year but remains elevated.
2024-05-01,3,"In recent months, there has been a lack of further progress toward the Committee's 2 percent inflation objective."
2024-05-01,4,The Committee seeks to achieve maximum employment and inflation at the rate of 2 percent over the longer run.
2024-05-01,5,The Committee judges that the risks to achieving its employment and inflation goals have moved toward better balance over the past year.
2024-05-01,6,"The economic outlook is uncertain, and the Committee remains highly attentive to inflation risks."
2024-05-01,7,"In support of its goals, the Committee decided to maintain the target range for the federal funds rate at 5-1/4 to 5-1/2 percent."
2024-05-01,8,"In considering any adjustments to the target range for the federal funds rate, the Committee will carefully assess incoming data, the evolving outlook, and the balance of risks."
2024-05-01,9,The Committee does not expect it will be appropriate to reduce the target range until it has gained greater confidence that inflation is moving sustainably toward 2 percent.
2024-05-01,10,"In addition, the Committee will continue reducing its holdings of Treasury securities and agency debt and agency mortgageâbacked securities."
2024-05-01,11,"Beginning in June, the Committee will slow the pace of decline of its securities holdings by reducing the monthly redemption cap on Treasury securities from $60 billion to $25 billion."
2024-05-01,12,The Committee will maintain the monthly redemption cap on agency debt and agency mortgageâbacked securities at $35 billion and will reinvest any principal payments in excess of this cap into Treasury securities.
2024-05-01,13,The Committee is strongly committed to returning inflation to its 2 percent objective.
2024-05-01,14,"In assessing the appropriate stance of monetary policy, the Committee will continue to monitor the implications of incoming information for the economic outlook."
2024-05-01,15,The Committee would be prepared to adjust the stance of monetary policy as appropriate if risks emerge that could impede the attainment of the Committee's goals.
2024-05-01,16,"The Committee's assessments will take into account a wide range of information, including readings on labor market conditions, inflation pressures and inflation expectations, and financial and international developments."
2024-06-12,0,Recent indicators suggest that economic activity has continued to expand at a solid pace.
2024-06-12,1,"Job gains have remained strong, and the unemployment rate has remained low."
2024-06-12,2,Inflation has eased over the past year but remains elevated.
2024-06-12,3,"In recent months, there has been modest further progress toward the Committee's 2 percent inflation objective."
2024-06-12,4,The Committee seeks to achieve maximum employment and inflation at the rate of 2 percent over the longer run.
2024-06-12,5,The Committee judges that the risks to achieving its employment and inflation goals have moved toward better balance over the past year.
2024-06-12,6,"The economic outlook is uncertain, and the Committee remains highly attentive to inflation risks."
2024-06-12,7,"In support of its goals, the Committee decided to maintain the target range for the federal funds rate at 5-1/4 to 5-1/2 percent."
2024-06-12,8,"In considering any adjustments to the target range for the federal funds rate, the Committee will carefully assess incoming data, the evolving outlook, and the balance of risks."
2024-06-12,9,The Committee does not expect it will be appropriate to reduce the target range until it has gained greater confidence that inflation is moving sustainably toward 2 percent.
2024-06-12,10,"In addition, the Committee will continue reducing its holdings of Treasury securities and agency debt and agency mortgageâbacked securities."
2024-06-12,11,The Committee is strongly committed to returning inflation to its 2 percent objective.
2024-06-12,12,"In assessing the appropriate stance of monetary policy, the Committee will continue to monitor the implications of incoming information for the economic outlook."
2024-06-12,13,The Committee would be prepared to adjust the stance of monetary policy as appropriate if risks emerge that could impede the attainment of the Committee's goals.
2024-06-12,14,"The Committee's assessments will take into account a wide range of information, including readings on labor market conditions, inflation pressures and inflation expectations, and financial and international developments."
2024-07-31,0,Recent indicators suggest that economic activity has continued to expand at a solid pace.
2024-07-31,1,"Job gains have moderated, and the unemployment rate has moved up but remains low."
2024-07-31,2,Inflation has eased over the past year but remains somewhat elevated.
2024-07-31,3,"In recent months, there has been some further progress toward the Committee's 2 percent inflation objective."
2024-07-31,4,The Committee seeks to achieve maximum employment and inflation at the rate of 2 percent over the longer run.
2024-07-31,5,The Committee judges that the risks to achieving its employment and inflation goals continue to move into better balance.
2024-07-31,6,"The economic outlook is uncertain, and the Committee is attentive to the risks to both sides of its dual mandate."
2024-07-31,7,"In support of its goals, the Committee decided to maintain the target range for the federal funds rate at 5-1/4 to 5-1/2 percent."
2024-07-31,8,"In considering any adjustments to the target range for the federal funds rate, the Committee will carefully assess incoming data, the evolving outlook, and the balance of risks."
2024-07-31,9,The Committee does not expect it will be appropriate to reduce the target range until it has gained greater confidence that inflation is moving sustainably toward 2 percent.
2024-07-31,10,"In addition, the Committee will continue reducing its holdings of Treasury securities and agency debt and agency mortgageâbacked securities."
2024-07-31,11,The Committee is strongly committed to returning inflation to its 2 percent objective.
2024-07-31,12,"In assessing the appropriate stance of monetary policy, the Committee will continue to monitor the implications of incoming information for the economic outlook."
2024-07-31,13,The Committee would be prepared to adjust the stance of monetary policy as appropriate if risks emerge that could impede the attainment of the Committee's goals.
2024-07-31,14,"The Committee's assessments will take into account a wide range of information, including readings on labor market conditions, inflation pressures and inflation expectations, and financial and international developments."
2024-09-18,0,Recent indicators suggest that economic activity has continued to expand at a solid pace.
2024-09-18,1,"Job gains have slowed, and the unemployment rate has moved up but remains low."
2024-09-18,2,Inflation has made further progress toward the Committee's 2 percent objective but remains somewhat elevated.
2024-09-18,3,The Committee seeks to achieve maximum employment and inflation at the rate of 2 percent over the longer run.
2024-09-18,4,"The Committee has gained greater confidence that inflation is moving sustainably toward 2 percent, and judges that the risks to achieving its employment and inflation goals are roughly in balance."
2024-09-18,5,"The economic outlook is uncertain, and the Committee is attentive to the risks to both sides of its dual mandate."
2024-09-18,6,"In light of the progress on inflation and the balance of risks, the Committee decided to lower the target range for the federal funds rate by 1/2 percentage point to 4-3/4 to 5 percent."
2024-09-18,7,"In considering additional adjustments to the target range for the federal funds rate, the Committee will carefully assess incoming data, the evolving outlook, and the balance of risks."
2024-09-18,8,The Committee will continue reducing its holdings of Treasury securities and agency debt and agency mortgageâbacked securities.
2024-09-18,9,The Committee is strongly committed to supporting maximum employment and returning inflation to its 2 percent objective.
2024-09-18,10,"In assessing the appropriate stance of monetary policy, the Committee will continue to monitor the implications of incoming information for the economic outlook."
2024-09-18,11,The Committee would be prepared to adjust the stance of monetary policy as appropriate if risks emerge that could impede the attainment of the Committee's goals.
2024-09-18,12,"The Committee's assessments will take into account a wide range of information, including readings on labor market conditions, inflation pressures and inflation expectations, and financial and international developments."
2024-11-07,0,Recent indicators suggest that economic activity has continued to expand at a solid pace.
2024-11-07,1,"Since earlier in the year, labor market conditions have generally eased, and the unemployment rate has moved up but remains low."
2024-11-07,2,Inflation has made progress toward the Committee's 2 percent objective but remains somewhat elevated.
2024-11-07,3,The Committee seeks to achieve maximum employment and inflation at the rate of 2 percent over the longer run.
2024-11-07,4,The Committee judges that the risks to achieving its employment and inflation goals are roughly in balance.
2024-11-07,5,"The economic outlook is uncertain, and the Committee is attentive to the risks to both sides of its dual mandate."
2024-11-07,6,"In support of its goals, the Committee decided to lower the target range for the federal funds rate by 1/4 percentage point to 4-1/2 to 4-3/4 percent."
2024-11-07,7,"In considering additional adjustments to the target range for the federal funds rate, the Committee will carefully assess incoming data, the evolving outlook, and the balance of risks."
2024-11-07,8,The Committee will continue reducing its holdings of Treasury securities and agency debt and agency mortgageâbacked securities.
2024-11-07,9,The Committee is strongly committed to supporting maximum employment and returning inflation to its 2 percent objective.
2024-11-07,10,"In assessing the appropriate stance of monetary policy, the Committee will continue to monitor the implications of incoming information for the economic outlook."
2024-11-07,11,The Committee would be prepared to adjust the stance of monetary policy as appropriate if risks emerge that could impede the attainment of the Committee's goals.
2024-11-07,12,"The Committee's assessments will take into account a wide range of information, including readings on labor market conditions, inflation pressures and inflation expectations, and financial and international developments."
2024-12-18,0,Recent indicators suggest that economic activity has continued to expand at a solid pace.
2024-12-18,1,"Since earlier in the year, labor market conditions have generally eased, and the unemployment rate has moved up but remains low."
2024-12-18,2,Inflation has made progress toward the Committee's 2 percent objective but remains somewhat elevated.
2024-12-18,3,The Committee seeks to achieve maximum employment and inflation at the rate of 2 percent over the longer run.
2024-12-18,4,The Committee judges that the risks to achieving its employment and inflation goals are roughly in balance.
2024-12-18,5,"The economic outlook is uncertain, and the Committee is attentive to the risks to both sides of its dual mandate."
2024-12-18,6,"In support of its goals, the Committee decided to lower the target range for the federal funds rate by 1/4 percentage point to 4-1/4 to 4-1/2 percent."
2024-12-18,7,"In considering the extent and timing of additional adjustments to the target range for the federal funds rate, the Committee will carefully assess incoming data, the evolving outlook, and the balance of risks."
2024-12-18,8,The Committee will continue reducing its holdings of Treasury securities and agency debt and agency mortgageâbacked securities.
2024-12-18,9,The Committee is strongly committed to supporting maximum employment and returning inflation to its 2 percent objective.
2024-12-18,10,"In assessing the appropriate stance of monetary policy, the Committee will continue to monitor the implications of incoming information for the economic outlook."
2024-12-18,11,The Committee would be prepared to adjust the stance of monetary policy as appropriate if risks emerge that could impede the attainment of the Committee's goals.
2024-12-18,12,"The Committee's assessments will take into account a wide range of information, including readings on labor market conditions, inflation pressures and inflation expectations, and financial and international developments."
2025-01-29,0,Recent indicators suggest that economic activity has continued to expand at a solid pace.
2025-01-29,1,"The unemployment rate has stabilized at a low level in recent months, and labor market conditions remain solid."
2025-01-29,2,The Committee seeks to achieve maximum employment and inflation at the rate of 2 percent over the longer run.
2025-01-29,3,The Committee judges that the risks to achieving its employment and inflation goals are roughly in balance.
2025-01-29,4,"The economic outlook is uncertain, and the Committee is attentive to the risks to both sides of its dual mandate."
2025-01-29,5,"In support of its goals, the Committee decided to maintain the target range for the federal funds rate at 4-1/4 to 4-1/2 percent."
2025-01-29,6,"In considering the extent and timing of additional adjustments to the target range for the federal funds rate, the Committee will carefully assess incoming data, the evolving outlook, and the balance of risks."
2025-01-29,7,The Committee will continue reducing its holdings of Treasury securities and agency debt and agency mortgageâbacked securities.
2025-01-29,8,The Committee is strongly committed to supporting maximum employment and returning inflation to its 2 percent objective.
2025-01-29,9,"In assessing the appropriate stance of monetary policy, the Committee will continue to monitor the implications of incoming information for the economic outlook."
2025-01-29,10,The Committee would be prepared to adjust the stance of monetary policy as appropriate if risks emerge that could impede the attainment of the Committee's goals.
2025-01-29,11,"The Committee's assessments will take into account a wide range of information, including readings on labor market conditions, inflation pressures and inflation expectations, and financial and international developments."
2025-03-19,0,Recent indicators suggest that economic activity has continued to expand at a solid pace.
2025-03-19,1,"The unemployment rate has stabilized at a low level in recent months, and labor market conditions remain solid."
2025-03-19,2,The Committee seeks to achieve maximum employment and inflation at the rate of 2 percent over the longer run.
2025-03-19,3,Uncertainty around the economic outlook has increased.
2025-03-19,4,The Committee is attentive to the risks to both sides of its dual mandate.
2025-03-19,5,"In support of its goals, the Committee decided to maintain the target range for the federal funds rate at 4-1/4 to 4-1/2 percent."
2025-03-19,6,"In considering the extent and timing of additional adjustments to the target range for the federal funds rate, the Committee will carefully assess incoming data, the evolving outlook, and the balance of risks."
2025-03-19,7,The Committee will continue reducing its holdings of Treasury securities and agency debt and agency mortgageâbacked securities.
2025-03-19,8,"Beginning in April, the Committee will slow the pace of decline of its securities holdings by reducing the monthly redemption cap on Treasury securities from $25 billion to $5 billion."
2025-03-19,9,The Committee will maintain the monthly redemption cap on agency debt and agency mortgage-backed securities at $35 billion.
2025-03-19,10,The Committee is strongly committed to supporting maximum employment and returning inflation to its 2 percent objective.
2025-03-19,11,"In assessing the appropriate stance of monetary policy, the Committee will continue to monitor the implications of incoming information for the economic outlook."
2025-03-19,12,The Committee would be prepared to adjust the stance of monetary policy as appropriate if risks emerge that could impede the attainment of the Committee's goals.
2025-03-19,13,"The Committee's assessments will take into account a wide range of information, including readings on labor market conditions, inflation pressures and inflation expectations, and financial and international developments."
2025-05-07,0,"Although swings in net exports have affected the data, recent indicators suggest that economic activity has continued to expand at a solid pace."
2025-05-07,1,"The unemployment rate has stabilized at a low level in recent months, and labor market conditions remain solid."
2025-05-07,2,The Committee seeks to achieve maximum employment and inflation at the rate of 2 percent over the longer run.
2025-05-07,3,Uncertainty about the economic outlook has increased further.
2025-05-07,4,The Committee is attentive to the risks to both sides of its dual mandate and judges that the risks of higher unemployment and higher inflation have risen.
2025-05-07,5,"In support of its goals, the Committee decided to maintain the target range for the federal funds rate at 4-1/4 to 4-1/2 percent."
2025-05-07,6,"In considering the extent and timing of additional adjustments to the target range for the federal funds rate, the Committee will carefully assess incoming data, the evolving outlook, and the balance of risks."
2025-05-07,7,The Committee will continue reducing its holdings of Treasury securities and agency debt and agency mortgageâbacked securities.
2025-05-07,8,The Committee is strongly committed to supporting maximum employment and returning inflation to its 2 percent objective.
2025-05-07,9,"In assessing the appropriate stance of monetary policy, the Committee will continue to monitor the implications of incoming information for the economic outlook."
2025-05-07,10,The Committee would be prepared to adjust the stance of monetary policy as appropriate if risks emerge that could impede the attainment of the Committee's goals.
2025-05-07,11,"The Committee's assessments will take into account a wide range of information, including readings on labor market conditions, inflation pressures and inflation expectations, and financial and international developments."
2025-06-18,0,"Although swings in net exports have affected the data, recent indicators suggest that economic activity has continued to expand at a solid pace."
2025-06-18,1,"The unemployment rate remains low, and labor market conditions remain solid."
2025-06-18,2,The Committee seeks to achieve maximum employment and inflation at the rate of 2 percent over the longer run.
2025-06-18,3,Uncertainty about the economic outlook has diminished but remains elevated.
2025-06-18,4,The Committee is attentive to the risks to both sides of its dual mandate.
2025-06-18,5,"In support of its goals, the Committee decided to maintain the target range for the federal funds rate at 4-1/4 to 4-1/2 percent."
2025-06-18,6,"In considering the extent and timing of additional adjustments to the target range for the federal funds rate, the Committee will carefully assess incoming data, the evolving outlook, and the balance of risks."
2025-06-18,7,The Committee will continue reducing its holdings of Treasury securities and agency debt and agency mortgageâbacked securities.
2025-06-18,8,The Committee is strongly committed to supporting maximum employment and returning inflation to its 2 percent objective.
2025-06-18,9,"In assessing the appropriate stance of monetary policy, the Committee will continue to monitor the implications of incoming information for the economic outlook."
2025-06-18,10,The Committee would be prepared to adjust the stance of monetary policy as appropriate if risks emerge that could impede the attainment of the Committee's goals.
2025-06-18,11,"The Committee's assessments will take into account a wide range of information, including readings on labor market conditions, inflation pressures and inflation expectations, and financial and international developments."
2025-07-30,0,"Although swings in net exports continue to affect the data, recent indicators suggest that growth of economic activity moderated in the first half of the year."
2025-07-30,1,"The unemployment rate remains low, and labor market conditions remain solid."
2025-07-30,2,The Committee seeks to achieve maximum employment and inflation at the rate of 2 percent over the longer run.
2025-07-30,3,Uncertainty about the economic outlook remains elevated.
2025-07-30,4,The Committee is attentive to the risks to both sides of its dual mandate.
2025-07-30,5,"In support of its goals, the Committee decided to maintain the target range for the federal funds rate at 4-1/4 to 4-1/2 percent."
2025-07-30,6,"In considering the extent and timing of additional adjustments to the target range for the federal funds rate, the Committee will carefully assess incoming data, the evolving outlook, and the balance of risks."
2025-07-30,7,The Committee will continue reducing its holdings of Treasury securities and agency debt and agency mortgageâbacked securities.
2025-07-30,8,The Committee is strongly committed to supporting maximum employment and returning inflation to its 2 percent objective.
2025-07-30,9,"In assessing the appropriate stance of monetary policy, the Committee will continue to monitor the implications of incoming information for the economic outlook."
2025-07-30,10,The Committee would be prepared to adjust the stance of monetary policy as appropriate if risks emerge that could impede the attainment of the Committee's goals.
2025-07-30,11,"The Committee's assessments will take into account a wide range of information, including readings on labor market conditions, inflation pressures and inflation expectations, and financial and international developments."
2025-09-17,0,Recent indicators suggest that growth of economic activity moderated in the first half of the year.
2025-09-17,1,"Job gains have slowed, and the unemployment rate has edged up but remains low."
2025-09-17,2,Inflation has moved up and remains somewhat elevated.
2025-09-17,3,The Committee seeks to achieve maximum employment and inflation at the rate of 2 percent over the longer run.
2025-09-17,4,Uncertainty about the economic outlook remains elevated.
2025-09-17,5,The Committee is attentive to the risks to both sides of its dual mandate and judges that downside risks to employment have risen.
2025-09-17,6,"In support of its goals and in light of the shift in the balance of risks, the Committee decided to lower the target range for the federal funds rate by 1/4 percentage point to 4 to 4â1/4 percent."
2025-09-17,7,"In considering additional adjustments to the target range for the federal funds rate, the Committee will carefully assess incoming data, the evolving outlook, and the balance of risks."
2025-09-17,8,The Committee will continue reducing its holdings of Treasury securities and agency debt and agency mortgageâbacked securities.
2025-09-17,9,The Committee is strongly committed to supporting maximum employment and returning inflation to its 2 percent objective.
2025-09-17,10,"In assessing the appropriate stance of monetary policy, the Committee will continue to monitor the implications of incoming information for the economic outlook."
2025-09-17,11,The Committee would be prepared to adjust the stance of monetary policy as appropriate if risks emerge that could impede the attainment of the Committee's goals.
2025-09-17,12,"The Committee's assessments will take into account a wide range of information, including readings on labor market conditions, inflation pressures and inflation expectations, and financial and international developments."
2025-10-29,0,Available indicators suggest that economic activity has been expanding at a moderate pace.
2025-10-29,1,"Job gains have slowed this year, and the unemployment rate has edged up but remained low through August; more recent indicators are consistent with these developments."
2025-10-29,2,Inflation has moved up since earlier in the year and remains somewhat elevated.
2025-10-29,3,The Committee seeks to achieve maximum employment and inflation at the rate of 2 percent over the longer run.
2025-10-29,4,Uncertainty about the economic outlook remains elevated.
2025-10-29,5,The Committee is attentive to the risks to both sides of its dual mandate and judges that downside risks to employment rose in recent months.
2025-10-29,6,"In support of its goals and in light of the shift in the balance of risks, the Committee decided to lower the target range for the federal funds rate by 1/4 percentage point to 3-3/4 to 4 percent."
2025-10-29,7,"In considering additional adjustments to the target range for the federal funds rate, the Committee will carefully assess incoming data, the evolving outlook, and the balance of risks."
2025-10-29,8,The Committee decided to conclude the reduction of its aggregate securities holdings on December 1.
2025-10-29,9,The Committee is strongly committed to supporting maximum employment and returning inflation to its 2 percent objective.
2025-10-29,10,"In assessing the appropriate stance of monetary policy, the Committee will continue to monitor the implications of incoming information for the economic outlook."
2025-10-29,11,The Committee would be prepared to adjust the stance of monetary policy as appropriate if risks emerge that could impede the attainment of the Committee's goals.
2025-10-29,12,"The Committee's assessments will take into account a wide range of information, including readings on labor market conditions, inflation pressures and inflation expectations, and financial and international developments."
2025-12-10,0,Available indicators suggest that economic activity has been expanding at a moderate pace.
2025-12-10,1,"Job gains have slowed this year, and the unemployment rate has edged up through September."
2025-12-10,2,More recent indicators are consistent with these developments.
2025-12-10,3,Inflation has moved up since earlier in the year and remains somewhat elevated.
2025-12-10,4,The Committee seeks to achieve maximum employment and inflation at the rate of 2 percent over the longer run.
2025-12-10,5,Uncertainty about the economic outlook remains elevated.
2025-12-10,6,The Committee is attentive to the risks to both sides of its dual mandate and judges that downside risks to employment rose in recent months.
2025-12-10,7,"In support of its goals and in light of the shift in the balance of risks, the Committee decided to lower the target range for the federal funds rate by 1/4 percentage point to 3-1/2 to 3â3/4 percent."
2025-12-10,8,"In considering the extent and timing of additional adjustments to the target range for the federal funds rate, the Committee will carefully assess incoming data, the evolving outlook, and the balance of risks."
2025-12-10,9,The Committee is strongly committed to supporting maximum employment and returning inflation to its 2 percent objective.
2025-12-10,10,"In assessing the appropriate stance of monetary policy, the Committee will continue to monitor the implications of incoming information for the economic outlook."
2025-12-10,11,The Committee would be prepared to adjust the stance of monetary policy as appropriate if risks emerge that could impede the attainment of the Committee's goals.
2025-12-10,12,"The Committee's assessments will take into account a wide range of information, including readings on labor market conditions, inflation pressures and inflation expectations, and financial and international developments."
2025-12-10,13,The Committee judges that reserve balances have declined to ample levels and will initiate purchases of shorter-term Treasury securities as needed to maintain an ample supply of reserves on an ongoing basis.
