3808
10099
10252
10369
10843
12233
12283
12371
12518
12606
14300
14466
14513
14563
14565
14568
14570
14583
14586
14599
14610
14619
14621
14656
14657
14672
14675
14677
14691
14694
14712
14728
14749
14753
14764
14792
14797
14808
14832
14839
14842
14844
14857
14858
14863
14866
14867
14875
14903
14907
14911
14934
14953
14962
15002
15014
15067
15129
15131
15135
15138
15141
15150
15153
15154
15156
15218
15232
15233
15237
15243
15250
15289
15300
15301
15318
15329
15330
15331
15359
15369
15379
15381
15386
15394
15395
15397
15398
15414
15446
15448
15449
15458
15470
15471
15489
15496
15498
15499
15504
15507
15509
15524
15526
15527
15551
15556
15585
15589
15593
15601
15639
15640
15644
15650
15679
15690
15718
15719
15725
15737
15742
15782
15783
15837
15852
15860
15862
15863
15875
15884
15885
15894
15900
15908
15911
15930
15936
15938
15940
15942
15957
15969
15975
15979
15988
16000
16001
16004
16009
16038
16068
16086
16087
16089
16103
16113
16119
16124
16130
16131
16133
16200
16217
16218
16226
16242
16244
16248
16312
16313
16314
16337
16341
16355
16356
16378
16401
16412
16453
16478
16479
16482
16514
16524
16531
16532
16541
16548
16552
16553
17130
17156
17159
17160
17177
17178
17181
17184
17196
17197
17198
17199
17200
17201
17208
17212
17215
17217
17219
17220
17222
17223
17228
17229
17232
17235
17238
17241
17242
17248
17250
17253
17272
17280
17282
17319
17325
17329
17348
17349
17351
17367
17371
17378
17379
17386
17388
17394
17395
17397
17399
17415
17504
17505
17506
17508
17509
17511
17519
17521
17522
17525
17526
17527
17529
17533
17535
17537
17538
17580
17584
17589
17605
17606
17611
17614
17616
17619
17620
17662
17666
17669
17671
17672
17673
17688
17696
17700
17702
17703
17705
17706
17707
17722
17735
17737
17738
17739
17743
17746
17747
17750
17753
17755
17759
17776
17777
17778
17779
17805
17807
17808
17815
17817
17819
17909
17910
17913
17916
17921
17926
17927
17928
17942
17944
17945
18008
18009
18015
18167
18173
18181
18182
18185
18190
18207
18226
18233
18237
18239
18243
18244
18252
18254
18255
18258
18259
18260
18262
18276
18278
18279
18280
18283
18289
18295
18298
18302
18305
18306
18307
18408
18411
18413
18415
18418
18422
18424
18427
18429
18430
18438
18440
18487
18491
18492
18498
18500
18502
18503
18510
18517
18520
18521
18531
18532
18533
18539
18543
18546
18547
18548
18549
18550
18556
18557
18565
18569
18586
18588
18598
18599
18604
18608
18614
18615
18616
18623
18694
18703
18704
18712
18714
18719
18721
18727
18728
18733
18735
18743
18745
18746
18748
18751
18752
18754
18756
18758
18763
18799
18800
18801
18804
18806
18807
18809
18818
18819
18827
18836
18839
18841
18843
18844
18879
18881
18886
18891
18984
18986
18987
18988
18995
18997
18998
19003
19004
19007
19009
19010
19011
19018
19020
19021
19022
19024
19027
19034
19039
19040
19045
19077
19100
19101
19103
19105
19171
19172
19175
19176
19194
19198
19199
19201
19202
19205
19210
19293
19294
19302
19305
19309
19317
19321
19325
19332
19335
19340
19341
19342
19343
19344
19349
19352
19354
19355
19356
19357
19358
19360
19361
19376
19377
19379
19384
19386
19388
19393
19394
19395
19398
19401
19418
19419
19420
19441
19442
19449
19450
19459
19487
19488
19499
19502
19505
19509
19510
19512
19517
19519
19523
19524
19525
19526
19527
19531
19536
19537
19539
19552
19555
19576
19577
19580
19587
19589
19593
19604
19607
19614
19619
19623
19624
19627
19631
19635
19636
19637
19639
19643
19645
19649
19668
19670
19676
19680
19682
19683
19684
19686
19691
19693
19694
19695
19698
19708
19711
19721
19740
19741
19745
19746
19749
19751
19759
19763
19765
19766
19769
19774
19944
19945
19946
19953
19955
19957
19958
19960
19961
19962
19964
19965
19970
20111
20112
20113
20116
20118
20119
20141
20143
20154
20167
20169
20179
20180
20181
20182
20184
20192
20193
20195
20197
20199
20200
20203
20209
20217
20289
20293
20295
20296
20297
20300
20352
20353
20358
20440
20444
20445
20454
20484
20494
20497
20498
20504
20507
20510
20512
20513
20526
20529
20531
20535
20540
20545
20546
20548
20554
20561
20601
20602
20605
20606
20607
20608
20610
20611
20619
20627
20628
20633
20634
20644
20646
20647
20648
20659
20660
20662
20663
20666
20669
20672
20674
20675
20681
20682
20688
20695
20696
20701
20727
20758
20760
20764
20766
20771
20773
20778
20788
20792
20793
20797
20798
20799
20807
20808
20809
20812
20813
20815
20817
20819
20821
20823
20825
20826
20832
20834
20840
20842
20843
20844
20845
20846
20849
20851
20859
20861
20864
20866
20869
20870
20875
20884
20886
20888
20892
20893
20897
20898
20902
20908
20909
20911
20923
20924
20931
20939
20948
20949
20950
20961
20975
20976
20977
20978
20979
20989
20995
21001
21004
21006
21007
21038
21062
21063
21075
21085
21086
21090
21092
21095
21097
21102
21108
21110
21112
21118
21122
21126
21129
21130
21131
21134
21138
21141
21146
21155
21158
21159
21162
21173
21175
21184
21185
21186
21191
21193
21194
21195
21199
21204
21205
21206
21209
21210
21211
21218
21221
21222
21227
21229
21231
21232
21237
21239
21242
21243
21244
21246
21252
21256
21264
21265
21266
21269
21283
21287
21288
21294
21296
21299
21306
21310
21367
21369
21457
21458
21459
21469
21482
21484
21488
21527
21529
21568
21573
21582
21584
21586
21587
21590
21591
21596
21598
21604
21609
21610
21611
21615
21616
21646
21648
21652
21689
21692
21698
21699
21701
21702
21704
21709
21712
21713
21715
21717
21718
21719
21721
21723
21726
21727
21728
21729
21815
21823
21825
21827
21829
21833
21845
21846
21858
21860
21866
21867
21870
21875
21876
21880
21882
21883
21885
21887
21888
21890
21892
21896
21897
21899
21904
21905
21908
21909
21936
21941
21944
21947
21948
21952
21954
21956
21958
21959
21960
21963
21969
21970
21972
21975
21977
21978
21983
21984
21989
21993
21995
21997
21998
22002
22005
22006
22034
22035
22036
22044
22048
22050
22051
22057
22058
22059
22060
22063
22064
22088
22089
22097
22101
22106
22116
22123
22124
22125
22126
22133
22136
22137
22138
22141
22149
22150
22154
22157
22159
22180
22181
22182
22185
22189
22194
22195
22213
22214
22216
22219
22220
22225
22227
22232
22235
22237
22239
22244
22250
22271
22272
22273
22277
22279
22281
22282
22285
22288
22298
22367
22386
22389
22391
22397
22402
22406
22411
22413
22414
22419
22425
22426
22433
22434
22435
22441
22442
22443
22446
22451
22453
22454
22460
22465
22471
22472
22474
22477
22485
22486
22488
22490
22491
22498
22499
22501
22502
22505
22509
22530
22532
22533
22536
22537
22539
22545
22549
22561
22562
22565
22567
22573
22576
22577
22581
22583
22589
22591
22593
22595
22597
22600
22604
22612
22635
22649
22655
22702
22704
22707
22728
22832
22834
22838
22844
22845
22879
22881
22891
22894
22913
22953
22955
22957
23034
23045
23046
23049
23050
23051
23054
23055
23058
23060
23061
23062
23065
23066
23069
23073
23074
23079
23080
23082
23083
23086
23093
23095
23096
23097
23098
23099
23106
23107
23112
23113
23119
23123
23138
23143
23145
23147
23148
23151
23156
23158
23164
23165
23166
23169
23170
23171
23175
23179
23180
23185
23186
23188
23197
23198
23199
23205
23206
23210
23215
23224
23225
23241
23245
23246
23248
23249
23252
23255
23258
23275
23278
23279
23289
23290
23295
23296
23298
23300
23301
23303
23304
23306
23311
23312
23313
23321
23386
23393
23397
23401
23403
23409
23410
23415
23422
23423
23424
23439
23442
23445
23451
23456
23457
23458
23461
23466
23469
23470
23471
23472
23484
23485
23488
23491
23492
23493
23495
23497
23505
23542
23551
23552
23554
23556
23557
23558
23559
23560
23562
23568
23569
23571
23573
23574
23575
23578
23579
23581
23583
23584
23587
23592
23593
23597
23599
23609
23610
23618
23623
23627
23630
23632
23633
23637
23640
23645
23646
23647
23648
23655
23658
23659
23664
23805
23814
23816
23823
23827
23828
23831
24103
24192
24200
24201
24202
24206
24307
24308
24309
24310
24317
24327
24328
24384
24390
24391
24398
24399
24404
24405
24407
24408
24411
24415
24419
24438
24534
24540
24541
24545
24546
24552
24560
24562
24565
24566
24567
24568
24570
24572
24574
24575
24576
24580
24581
24582
24585
24605
24606
24614
24635
24636
24639
24641
24727
24729
24733
24734
24737
24758
24759
24834
24835
24876
24878
24879
24880
24882
24886
24892
24893
24900
24902
24908
24910
24912
24919
24986
24987
24995
24996
24998
25003
25004
25122
25123
25125
25130
25131
25132
25134
25135
25137
25138
25141
25146
25148
25189
25191
25199
25200
25201
25211
25212
25217
25221
25380
25381
25460
25464
25549
25551
25674
25675
25676
25684
25697
25698
25700
25704
25711
25713
25714
25716
25724
25726
25730
25732
25736
25737
25742
25773
25778
25779
25780
25784
25786
25795
25797
25801
25804
25809
25811
25816
25817
25824
25826
25834
25836
25839
25840
25871
25877
25882
25883
25888
25889
25892
25896
25897
25898
25899
25900
25902
25903
25904
25905
25909
25923
25924
25925
26109
26113
26114
26115
26118
26119
26122
26177
26179
26180
26181
26182
26186
26187
26192
26193
26195
26196
26198
26199
26217
26218
26225
26226
26227
26231
26233
26236
26239
26295
26305
26306
26307
26321
26323
26324
26326
26327
26332
26333
26334
26335
26337
26338
26339
26344
26348
26354
26359
26362
26573
26581
26582
26586
26590
26591
26596
26597
26601
26616
26628
26629
26633
26634
26635
26636
26637
26640
26648
26743
26747
26749
26751
26752
26754
26757
26761
26763
26766
26767
26768
26777
26781
26796
26797
26798
26808
26809
26814
26816
26817
26818
26831
26833
26834
26837
26840
26845
26905
26906
26911
26912
26916
26917
26918
26919
26927
26931
26937
26943
26947
26948
26990
26991
26992
26994
26995
26996
26997
26999
27001
27061
27063
27065
27069
27075
27077
27079
27083
27084
27087
27094
27109
27111
27112
27115
27119
27125
27126
27127
27128
27132
27220
27226
27227
27230
27233
27234
27238
27246
27247
27248
27254
27261
27262
27264
27266
27270
27275
27276
27279
27281
27282
27283
27288
27292
27293
27313
27318
27322
27323
27327
27331
27333
27351
27355
27365
27419
27429
27432
27439
27440
27441
27450
27460
27462
27465
27466
27467
27468
27469
27471
27474
27477
27480
27485
27488
27490
27562
27567
27571
27572
27573
27580
27581
27585
27587
27589
27590
27592
27599
27600
27601
27613
27639
27643
27646
27650
27652
27655
27659
27660
27661
27671
27672
27675
27676
27679
27681
27685
27688
27693
27694
27704
27705
27708
27709
27711
27714
27715
27719
27722
27725
27728
27729
27731
27738
27749
27757
27761
27763
27764
27765
27768
27772
27777
27791
27793
27794
27802
27804
27807
27808
27809
27812
27815
27891
27896
27899
27900
27925
27928
27931
27932
27935
27952
27958
27960
27961
27978
27979
27980
27981
27987
27991
27994
27996
27997
28003
28004
28007
28008
28010
28013
28014
28015
28017
28020
28022
28227
28228
28230
28238
28242
28244
28278
28279
28285
28287
28329
28330
28333
28334
28337
28338
28345
28357
28372
28387
28394
28395
28396
28405
28407
28469
28474
28478
28480
28486
28487
28488
28510
28512
28514
28520
28522
28530
28544
28547
28550
28551
28557
28558
28560
28561
28562
28563
28566
28568
28570
28574
28575
28578
28581
28582
28586
28647
28649
28651
28654
28655
28657
28664
28670
28672
28674
28675
28679
28680
28683
28697
28699
28706
28708
28709
28716
28720
28721
28725
28733
28736
28741
28742
28743
28746
28748
28750
28752
28843
28844
28845
28846
28850
28855
28857
28870
28871
28874
28875
28876
28878
28879
28880
28883
28884
28885
28887
28888
28895
28897
28898
28902
28904
28905
28907
28932
28933
28935
28942
28947
28948
28949
28950
28956
28958
28959
28962
28965
28967
28969
28971
28973
28977
28981
28982
28983
28988
28995
28996
28997
29113
29114
29118
29121
29123
29127
29128
29131
29132
29135
29140
29225
29226
29227
29234
29239
29240
29242
29262
29265
29267
29271
29273
29275
29280
29281
29282
29283
29287
29290
29291
29293
29296
29297
29298
29310
29311
29314
29319
29331
29333
29334
29340
29341
29342
29343
29344
29345
29347
29350
29360
29362
29366
29368
29370
29372
29376
29377
29379
29394
29403
29409
29410
29414
29416
29419
29424
29425
29428
29432
29442
29443
29449
29466
29470
29478
29481
29484
29487
29493
29494
29495
29499
29503
29515
29517
29521
29522
29523
29533
29540
29544
29569
29571
29575
29578
29584
29585
29590
29592
29593
29604
29605
29606
29607
29609
29610
29614
29618
29625
29626
29627
29636
29637
29640
29645
29647
29665
29750
29753
29756
29757
29759
29766
29769
29771
29773
29777
29783
29784
29786
29790
29794
29801
29808
29814
29817
29821
29827
29829
29830
29849
29850
29854
29856
29857
29858
29861
29862
29865
29910
29914
29915
29916
29920
29921
29926
29929
29930
29940
29953
29958
29978
29992
29997
30000
30031
30033
30034
30045
30046
30050
30052
30053
30057
30065
30092
30096
30106
30107
30169
30170
30201
30205
30207
30208
30209
30210
30217
30218
30242
30244
30252
30254
30269
30270
30271
30273
30281
30286
30287
30289
30296
30307
30311
30318
30319
30321
30323
30324
30325
30327
30333
30336
30337
30338
30340
30342
30343
30344
30345
30351
30352
30359
30362
30363
30364
30365
30380
30382
30383
30389
30390
30435
30436
30519
30535
30537
30538
30541
30542
30543
30547
30554
30557
30575
30577
30581
30587
30588
30590
30591
30592
30597
30599
30605
30606
30622
30623
30624
30628
30630
30635
30642
30644
30646
30647
30654
30655
30656
30658
30663
30669
30674
30675
30677
30684
30685
30686
30687
30688
30689
30695
30696
30698
30699
30703
30704
30708
30709
30711
30727
30728
30730
30739
30741
30745
30746
30748
30750
30754
30759
30761
30764
30766
30768
30774
30830
30831
30833
30839
30840
30841
30842
30844
30865
30866
30867
30913
30923
30924
30926
30928
30930
30932
30933
30934
30937
30938
30940
30942
30946
30949
30951
30953
30956
30957
30959
30964
30965
30968
30969
30970
30971
30985
30986
30988
30989
30992
30993
30995
31060
31063
31065
31072
31077
31176
31179
31184
31191
31200
31205
31207
31208
31209
31211
31212
31215
31216
31219
31233
31235
31236
31245
31246
31249
31258
31259
31262
31263
31264
31265
31267
31270
31354
31355
31357
31404
31405
31407
31411
31417
31480
31482
31520
31521
31582
31583
31584
31589
31594
31600
31601
31604
31606
31608
31609
31615
31618
31628
31632
31636
31647
31666
31668
31670
31675
31680
31690
31703
31704
31721
31722
31723
31733
31735
31737
31739
31744
31746
31753
31760
31776
31779
31780
31781
31784
31785
31801
31802
31804
31808
31813
31815
31824
31826
31829
31830
31831
31833
31834
31839
31843
31844
31846
31847
31850
31893
31900
31914
31920
31921
31925
31926
31930
31932
31935
32012
32014
32018
32021
32027
32029
32030
32032
32033
32040
32041
32054
32056
32057
32059
32063
32066
32076
32077
32078
32081
32083
32101
32102
32103
32106
32107
32124
32126
32130
32132
32135
32137
32138
32145
32151
32152
32155
32157
32158
32159
32160
32164
32187
32188
32189
32190
32196
32197
32198
32200
32203
32206
32210
32211
32214
32217
32219
32221
32222
32234
32239
32242
32243
32250
32251
32253
32269
32270
32278
32285
32286
32290
32291
32302
32330
32332
32335
32339
32343
32346
32347
32348
32353
32355
32362
32364
32365
32366
32367
32374
32378
32382
32388
32405
32406
32408
32409
32414
32418
32421
32437
32441
32442
32444
32446
32453
32459
32472
32474
32480
32572
32573
32577
32580
32609
32621
32627
32629
32630
32638
32643
32710
32718
32719
32720
32723
32733
32734
32736
32739
32741
32742
32745
32746
32748
32756
32761
32783
32784
32794
32796
32808
32809
32810
32812
32824
32825
32826
32828
32831
32834
32836
32837
32838
32839
32843
32847
32849
32855
32856
32881
32883
32885
32888
32889
32891
32893
32895
32896
32899
32913
32914
32915
32917
32929
32930
32931
32932
32934
32939
32940
32941
32944
32945
32946
32948
32950
32952
32953
32954
32955
32959
32960
32961
32963
32966
32977
32978
32979
32980
32981
32987
32988
32990
32991
32995
32996
33001
33003
33005
33012
33016
33017
33019
33021
33022
33026
33027
33029
33030
33032
33033
33034
33035
33037
33039
33044
33050
33052
33053
33055
33056
33057
33059
33060
33065
33069
33072
33076
33077
33081
33082
33083
33084
33089
33100
33102
33103
33104
33111
33113
33126
33128
33130
33135
33138
33140
33141
33142
33143
33145
33147
33154
33155
33159
33161
33164
33165
33167
33168
33170
33171
33179
33213
33214
33215
33216
33217
33223
33226
33231
33232
33233
33234
33240
33241
33242
33245
33246
33247
33250
33253
33257
33259
33263
33264
33265
33271
33287
33288
33289
33292
33296
33299
33301
33307
33309
33311
33313
33315
33316
33318
33321
33322
33327
33328
33329
33339
33346
33348
33349
33350
33353
33358
33365
33423
33425
33429
33435
33437
33447
33455
33456
33457
33461
33464
33465
33466
33467
33470
33486
33487
33492
33495
33497
33499
33503
33515
33517
33518
33519
33520
33526
33529
33532
33535
33537
33543
33563
33570
33572
33578
33581
33583
33585
33586
33587
33589
33590
33594
33598
33600
33602
33604
33605
33608
33610
33618
33720
33721
33722
33723
33726
33728
33734
33735
33738
33739
33742
33743
33747
33749
33751
33752
33755
33757
33758
33759
33761
33764
33800
33805
33809
33812
33846
33852
33855
33860
33868
33872
33873
33889
33895
33896
33900
33901
33905
33906
33907
33910
33912
33914
33915
33917
33921
33922
33924
33928
33931
33964
33970
33971
33976
33977
34041
34046
34052
34059
34060
34062
34064
34072
34074
34082
34103
34107
34115
34119
34120
34121
34122
34124
34125
34129
34130
34131
34134
34135
34137
34148
34149
34150
34153
34160
34180
34185
34187
34191
34192
34193
34196
34197
34224
34225
34277
34281
34351
34363
34406
34411
34412
34414
34415
34416
34417
34418
34420
34421
34422
34430
34465
34466
34471
34475
34476
34481
34488
34491
34492
34498
34501
34502
34505
34508
34511
34513
34519
34522
34523
34526
34528
34530
34532
34534
34536
34541
34544
34552
34554
34555
34562
34571
34575
34579
34581
34583
34586
34587
34593
34598
34605
34696
34698
34701
34709
34739
34741
34744
34750
34753
34754
34755
34757
34760
34761
34767
34768
34769
34770
34771
34772
34773
34774
34775
34778
34781
34783
34784
34789
34790
34791
34796
34809
34810
34812
34813
34824
34825
34827
34828
34831
34832
34837
34839
34854
34865
34866
34867
34868
34882
34884
34886
34890
34891
34892
34893
34894
34912
34914
34915
34922
34924
34925
34932
34933
34934
34936
34961
35061
35080
35081
35084
35086
35087
35094
35096
35097
35098
35099
35105
35108
35109
35110
35111
35112
35113
35117
35119
35122
35123
35124
35130
35131
35132
35133
35145
35146
35152
35169
35178
35179
35180
35181
35185
35187
35193
35195
35205
35207
35208
35210
35212
35218
35219
35225
35227
35228
35229
35232
35233
35235
35236
35237
35239
35254
35255
35258
35263
35266
35267
35268
35269
35270
35279
35283
35284
35286
35287
35288
35289
35290
35291
35297
35300
35302
35305
35306
35307
35311
35312
35313
35314
35315
35318
35319
35321
35325
35331
35333
35337
35338
35342
35343
35344
35345
35368
35372
35382
35389
35392
35394
35395
35404
35408
35432
35436
35437
35440
35446
35449
35454
35455
35460
35462
35463
35464
35465
35468
35469
35472
35476
35479
35510
35511
35513
35519
35520
35523
35525
35526
35527
35528
35529
35538
35539
35543
35545
35551
35552
35553
35559
35563
35564
35565
35588
35590
35595
35596
35598
35600
35603
35604
35606
35607
35613
35623
35630
35636
35643
35644
35645
35646
35651
35653
35655
35656
35663
35667
35668
35669
35670
35677
35679
35688
35719
35724
35725
35731
35733
35735
35737
35738
35742
35743
35755
35756
35757
35761
35762
35771
35841
35847
35853
35854
35855
35857
35858
35860
35861
35872
35873
35875
35882
35883
35886
35887
35898
35901
35902
35903
35906
35910
35912
35913
35914
35915
35922
35925
35988
36039
36043
36044
36050
36053
36054
36055
36057
36058
36064
36066
36067
36070
36071
36076
36077
36081
36083
36084
36090
36094
36095
36097
36126
36130
36139
36151
36152
36163
36165
36167
36170
36172
36173
36177
36179
36180
36182
36187
36189
36195
36196
36198
36202
36204
36226
36227
36228
36230
36231
36239
36241
36272
36275
36276
36278
36279
36285
36289
36292
36296
36337
36341
36343
36350
36353
36362
36363
36367
36368
36369
36371
36374
36375
36387
36390
36478
36486
36489
36490
36491
36492
36496
36497
36498
36499
36502
36504
36505
36506
36507
36509
36510
36515
36517
36519
36520
36521
36525
36526
36544
36545
36546
36549
36556
36557
36558
36560
36566
36567
36591
36592
36594
36596
36597
36598
36599
36600
36603
36606
36607
36609
36619
36620
36625
36632
36807
36809
36842
36845
36855
36859
36860
36861
36862
36863
36867
36868
36869
36877
36883
36885
36886
36889
36892
36913
36915
36924
36926
36927
36928
36929
36931
36933
36936
36937
36938
36944
36948
36950
36952
36953
36956
36958
37017
37021
37022
37099
37100
37107
37108
37109
37111
37116
37117
37161
37162
37172
37180
37181
37183
37185
37187
37194
37195
37196
37208
37211
37213
37335
37336
37337
37342
37343
37344
37347
37352
37366
37370
37371
37374
37378
37384
37386
37388
37394
37395
37396
37399
37401
37411
37412
37414
37434
37437
37439
37451
37453
37454
37457
37458
37459
37462
37464
37468
37470
37471
37473
37474
37477
37480
37536
37537
37538
37539
37545
37547
37549
37552
37554
37555
37556
37573
37578
37580
37589
37590
37591
37603
37605
37607
37614
37617
37618
37619
37620
37621
37622
37629
37630
37631
37632
37633
37637
37638
37645
37661
37662
37663
37666
37668
37671
37676
37687
37689
37690
37695
37696
37698
37699
37704
37705
37707
37708
37712
37741
37755
37757
37765
37775
37787
37789
37842
37845
37847
37854
37857
37861
37878
37879
37880
37881
37882
37885
37886
37889
37891
37897
37900
37901
37913
37915
37924
37926
37934
37937
37941
37942
38026
38028
38029
38057
38058
38064
38065
38066
38067
38068
38069
38070
38071
38072
38073
38075
38076
38077
38080
38082
38098
38106
38111
38116
38118
38258
38259
38260
38261
38262
38264
38266
38267
38270
38273
38274
38276
38277
38278
38282
38295
38296
38297
38304
38307
38310
38311
38322
38333
38334
38335
38336
38340
38342
38344
38355
38362
38363
38365
38371
38374
38381
38404
38405
38408
38412
38413
38414
38415
38417
38419
38420
38432
38435
38436
38439
38441
38443
38453
38463
38501
38503
38506
38511
38518
38519
38522
38565
38569
38570
38571
38608
38614
38619
38620
38621
38626
38627
38631
38638
38678
38679
38680
38681
38685
38689
38690
38691
38694
38695
38697
38700
38708
38712
38714
38715
38718
38737
38764
38765
38787
38789
38790
38793
38794
38798
38803
38827
38828
38849
38850
38853
38865
38869
38871
38877
38886
38889
39016
39017
39018
39021
39028
39030
39034
39047
39056
39057
39059
39116
39117
39126
39133
39134
39135
39136
39141
39143
39144
39145
39148
39149
39150
39154
39159
39175
39177
39181
39185
39188
39191
39215
39219
39220
39226
39231
39232
39239
39240
39241
39246
39251
39253
39256
39259
39279
39280
39294
39296
39297
39302
39305
39370
39376
39378
39380
39383
39386
39387
39388
39392
39393
39398
39400
39401
39402
39403
39408
39412
39437
39438
39441
39448
39449
39450
39451
39452
39453
39454
39457
39459
39461
39463
39469
39484
39485
39487
39488
39489
39490
39494
39496
39500
39501
39505
39510
39511
39512
39518
39519
39534
39535
39536
39537
39538
39539
39544
39546
39558
39562
39564
39566
39573
39574
39576
39578
39580
39581
39584
39588
39594
39595
39603
39604
39611
39612
39613
39614
39615
39621
39622
39624
39625
39626
39628
39629
39630
39632
39633
39638
39641
39642
39643
39644
39645
39648
39655
39656
39661
39666
39668
39726
39732
39742
39746
39747
39748
39750
39780
39782
39786
39792
39800
39801
39804
39806
39808
39817
39818
39821
39834
39835
39926
39927
39929
39931
39934
39935
39946
39948
39954
39955
39957
39958
39960
39966
39967
39968
39970
39972
39975
39982
39983
39986
39987
39995
40002
40005
40011
40012
40013
40015
40016
40019
40020
40024
40025
40026
40027
40033
40036
40037
40043
40047
40048
40050
40051
40055
40056
40064
40132
40138
40139
40141
40145
40150
40162
40163
40165
40237
40238
40239
40240
40244
40248
40250
40252
40255
40257
40297
40301
40302
40308
40310
40311
40312
40315
40319
40327
40330
40347
40348
40350
40351
40352
40353
40386
40388
40389
40400
40416
40418
40419
40420
40421
40423
40431
40437
40438
40606
40612
40613
40614
40631
40632
40633
40642
40679
40681
40682
40691
40693
40695
40696
40700
40704
40707
40710
40712
40727
40729
40731
40734
40736
40803
40810
40813
40814
40816
40820
40821
40824
40825
40826
40838
40842
40849
40850
40853
40854
40858
40862
40863
40864
40865
40866
40869
40871
40874
40877
40879
40881
40889
40894
40982
40992
40998
41002
41051
41052
41058
41060
41061
41062
41063
41064
41067
41069
41072
41073
41127
41129
41130
41132
41133
41137
41142
41143
41144
41148
41151
41154
41264
41266
41268
41273
41276
41352
41360
41362
41363
41364
41365
41367
41369
41372
41373
41374
41376
41378
41501
41504
41511
41514
41515
41516
41518
41522
41523
41526
41527
41529
41534
41538
41541
41547
41552
41553
41590
41778
41779
41783
41786
41788
41811
41813
41820
41822
41823
41824
41826
41829
41922
41930
41932
41934
41937
41938
41941
41944
41945
41946
41947
41951
41953
41954
41967
41977
41984
41987
41988
41989
41996
41998
41999
42001
42004
42007
42008
42009
42012
42019
42020
42024
42027
42045
42047
42054
42059
42155
42166
42169
42170
42171
42174
42177
42180
42198
42205
42210
42212
42336
42340
42345
42349
42351
42478
42516
42518
42521
42523
42527
42558
42559
42564
42568
42570
42571
42574
42577
42580
42584
42585
42668
42671
42681
42683
42687
42689
42702
42703
42721
42722
42723
42726
42728
42747
42766
42768
42836
42840
42841
42842
42849
42852
42983
42984
42985
42986
42987
42997
43004
43005
43006
43007
43010
43012
43024
43027
43028
43030
43031
43033
43036
43037
43038
43039
43040
43041
43043
43044
43047
43048
43053
43075
43076
43080
43081
43083
43084
43086
43088
43089
43092
43093
43100
43102
43104
43105
43106
43108
43109
43113
43114
43117
43118
43119
43120
43121
43125
43127
43129
43130
43141
43142
43144
43160
43161
43281
43283
43285
43292
43294
43295
43297
43298
43299
43302
43304
43307
43364
43365
43366
43501
43505
43509
43512
43514
43516
43528
43532
43536
43537
43541
43542
43545
43555
43602
43609
43610
43611
43632
43633
43642
43645
43646
43653
43654
43660
43671
43813
43814
43816
43824
43833
43835
43867
43873
43874
43875
43886
43887
43890
43895
43899
43900
43902
43903
43908
43909
43916
43918
43919
43923
43924
43928
43931
43933
43935
43939
43941
43944
43946
43948
43949
43951
43958
43961
43975
43978
43981
43984
43988
43991
43993
43994
44000
44007
44009
44040
44043
44050
44053
44055
44061
44062
44069
44071
44072
44073
44077
44083
44091
44101
44102
44110
44124
44135
44137
44138
44139
44140
44141
44142
44144
44146
44148
44150
44152
44155
44157
44165
44166
44173
44196
44206
44220
44221
44222
44223
44224
44236
44237
44243
44244
44246
44250
44252
44269
44273
44277
44279
44280
44281
44320
44323
44328
44330
44333
44337
44340
44341
44343
44345
44348
44352
44355
44356
44391
44434
44436
44439
44444
44447
44448
44464
44473
44474
44476
44478
44537
44539
44540
44548
44552
44554
44560
44561
44563
44566
44568
44570
44571
44574
44577
44579
44675
44715
44716
44718
44719
44725
44726
44728
44729
44730
44733
44736
44737
44738
44739
44740
44741
44742
44743
44750
44799
44800
44802
44803
44811
44813
44814
44816
44817
44825
44832
44841
44846
44847
44849
44851
44852
44873
44876
44954
44955
44956
44965
44966
44967
44970
44977
44978
44979
44980
44981
44982
44983
44987
44991
45026
45103
45104
45105
45110
45111
45112
45116
45120
45123
45124
45125
45127
45128
45131
45134
45135
45165
45181
45182
45184
45187
45188
45234
45235
45237
45243
45244
45248
45250
45252
45259
45260
45262
45263
45264
45268
45269
45271
45273
45274
45275
45278
45280
45281
45282
45285
45287
45289
45293
45294
45301
45304
45305
45307
45367
45370
45377
45382
45383
45385
45391
45400
45401
45403
45404
45405
45406
45408
45419
45428
45432
45433
45434
45435
45438
45442
45446
45447
45466
45522
45523
45531
45533
45534
45536
45637
45639
45640
45644
45645
45648
45762
45764
45773
45856
45858
45954
45961
45964
45968
45974
45980
45985
45986
45987
46077
46078
46086
46089
46090
46094
46095
46097
46098
46102
46103
46105
46107
46108
46112
46114
46124
46125
46142
46147
46153
46158
46162
46163
46165
46178
46180
46182
46184
46214
46218
46225
46226
46227
46229
46230
46238
46246
46249
46250
46253
46255
46266
46267
46273
46276
46277
46280
46283
46284
46291
46292
46293
46296
46301
46303
46304
46319
46320
46321
46322
46327
46330
46333
46334
46335
46354
46357
46360
46367
46370
46372
46535
46536
46545
46547
46548
46552
46558
46588
46589
46598
46599
46605
46606
46608
46609
46613
46614
46618
46619
46622
46623
46674
46675
46678
46686
46687
46689
46782
46783
46789
46790
46798
46799
46903
46904
46905
46913
46914
46916
46923
46924
46925
47060
47066
47072
47074
47076
47120
47126
47130
47261
47287
47288
47289
47291
47297
47302
47305
47307
47308
47310
47311
47316
47317
47318
47320
47321
47324
47342
47343
47344
47345
47350
47352
47353
47360
47364
47365
47370
47372
47380
47382
47384
47386
47394
47396
47398
47399
47401
47402
47422
47423
47430
47432
47433
47434
47439
47440
47444
47445
47448
47449
47450
47456
47461
47462
47470
47537
47571
47573
47576
47579
47582
47587
47590
47591
47592
47594
47595
47596
47600
47602
47603
47604
47606
47607
47617
47621
47639
47641
47650
47652
47653
47657
47658
47661
47662
47664
47668
47669
47670
47823
47824
47826
47828
47850
47851
47863
47865
47970
48032
48033
48034
48038
48039
48040
48041
48042
48046
48047
48060
48061
48064
48071
48075
48076
48078
48079
48083
48084
48087
48088
48097
48098
48099
48103
48145
48156
48157
48163
48166
48173
48176
48206
48207
48211
48213
48215
48216
48225
48411
48415
48417
48424
48428
48429
48431
48435
48481
48484
48487
48494
48510
48512
48559
48561
48584
48586
48587
48596
48598
48599
48602
48608
48609
48611
48612
48613
48615
48617
48619
48624
48627
48631
48632
48634
48635
48637
48639
48640
48646
48647
48649
48654
48655
48657
48659
48661
48703
48704
48726
48733
48740
48747
48748
48751
48753
48754
48755
48756
48757
48761
48762
48765
48768
48771
48772
48779
48787
48788
48789
48792
48795
48811
48813
48815
48816
48855
48857
48882
48892
48893
48894
48900
48901
48932
48934
48938
48940
48941
48942
48947
48997
49006
49010
49012
49013
49014
49015
49017
49018
49019
49021
49024
49026
49027
49036
49056
49146
49150
49152
49261
49267
49269
49271
49272
49275
49279
49280
49287
49288
49289
49290
49291
49293
49294
49296
49297
49298
49300
49301
49305
49307
49309
49310
49311
49312
49313
49318
49323
49324
49362
49365
49367
49374
49375
49377
49379
49380
49383
49384
49387
49393
49398
49414
49415
49416
49420
49422
49424
49426
49427
49444
49449
49456
49458
49526
49528
49536
49538
49541
49543
49549
49570
49574
49575
49577
49578
49640
49642
49643
49648
49656
49658
49660
49661
49662
49664
49666
49668
49669
49683
49684
49692
49693
49696
49698
49699
49701
49808
49814
49815
49817
49818
49819
49821
49826
49828
49829
49830
49832
49833
49834
49839
49850
49889
49890
49891
49893
49894
49899
49915
49917
49918
49919
49921
49929
49960
49964
49968
49969
49973
49978
50010
50011
50014
50017
50019
50020
50021
50024
50027
50036
50038
50045
50046
50050
50053
50054
50057
50058
50061
50064
50065
50066
50067
50068
50069
50071
50073
50077
50079
50080
50081
50085
50108
50109
50110
50125
50138
50155
50156
50157
50158
50161
50163
50168
50171
50188
50189
50197
50200
50201
50203
50204
50205
50207
50208
50210
50211
50214
50215
50216
50227
50236
50237
50240
50242
50243
50245
50248
50253
50256
50258
50261
50263
50268
50270
50271
50273
50283
50284
50285
50287
50291
50293
50295
50297
50300
50303
50305
50308
50311
50312
50313
50319
50324
50343
50344
50347
50348
50349
50352
50353
50354
50355
50356
50364
50365
50368
50371
50373
50377
50383
50389
50391
50396
50398
50399
50400
50406
50410
50429
50430
50437
50439
50440
50441
50444
50446
50448
50453
50470
50471
50474
50483
50485
50486
50487
50490
50498
50500
50502
50507
50508
50512
50523
50531
50534
50562
50564
50574
50582
50583
50585
50586
50589
50590
50591
50592
50601
50614
50617
50622
50625
50627
50629
50630
50637
50639
50640
50641
50642
50643
50647
50698
50699
50710
50712
50713
50718
50720
50721
50725
50738
50741
50743
50752
50753
50754
50762
50778
50780
50783
50784
50828
50829
50831
50833
50844
50846
50847
50849
50852
50854
50855
50858
50860
50863
50865
50869
50870
50872
50877
50879
50899
50902
50906
50907
50909
50910
50914
50918
50928
50931
50933
50935
50940
50969
50971
50973
50974
50976
50981
50982
50983
51043
51062
51063
51069
51070
51083
51084
51089
51091
51100
51104
51117
51123
51124
51150
51157
51159
51160
51199
51201
51204
51205
51206
51214
51216
51217
51219
51220
51222
51224
51225
51233
51242
51251
51252
51253
51254
51258
51274
51277
51279
51285
51287
51289
51290
51291
51295
51296
51299
51300
51304
51313
51320
51321
51322
51323
51333
51336
51342
51344
51360
51364
51365
51370
51374
51378
51391
51392
51393
51396
51398
51407
51408
51414
51415
51419
51421
51425
51426
51432
51433
51459
51466
51476
51479
51481
51482
51488
51489
51494
51497
51515
51516
51525
51526
51530
51532
51534
51535
51537
51544
51546
51551
51553
51567
51589
51590
51593
51596
51600
51609
51610
51618
51621
51623
51625
51627
51630
51635
51636
51641
51646
51648
51664
51673
51674
51680
51683
51685
51686
51692
51693
51715
51716
51728
51729
51730
51741
51743
51753
51754
51783
51787
51788
51790
51798
51800
51803
51806
51807
51808
51813
51815
51818
51819
51821
51822
51825
51827
51831
51832
51833
51838
51843
51844
51861
51862
51863
51867
51868
51869
51870
51871
51872
51873
51877
51878
51881
51885
51899
51900
51901
51902
51903
51910
51911
51913
51914
51917
51918
51922
51924
51925
51926
51932
51934
51937
51938
51941
51944
51946
52009
52010
52012
52014
52019
52030
52032
52034
52047
52048
52059
52060
52074
52083
52084
52088
52091
52095
52096
52102
52105
52107
52108
52109
52112
52113
52117
52118
52119
52122
52123
52125
52130
52133
52138
52146
52183
52212
52213
52214
52215
52230
52232
52233
52235
52238
52239
52242
52243
52248
52252
52253
52267
52268
52269
52270
52272
52275
52279
52281
52283
52284
52290
52297
52309
52314
52315
52330
52336
52337
52341
52343
52345
52349
52352
52353
52356
52373
52374
52381
52383
52384
52386
52429
52431
52436
52437
52439
52443
52462
52465
52466
52467
52474
52476
52479
52483
52485
52486
52488
52490
52491
52499
52500
52532
52533
52554
52558
52559
52560
52562
52563
52565
52583
52588
52672
52675
52676
52677
52680
52683
52688
52690
52692
52694
52700
52702
52703
52706
52708
52713
52714
52719
52723
52724
52748
52752
52756
52757
52760
52779
52781
52783
52787
52788
52789
52791
52792
52793
52799
52808
52809
52810
52814
52818
52819
52830
52832
52836
52837
52845
52848
52850
52851
52852
52853
52855
52859
52863
52866
52875
52878
52881
52882
52883
52884
52886
52890
52892
52894
52898
52919
52923
52926
52927
52928
52929
52932
52933
52936
52938
52939
52945
52950
52951
52952
52953
52959
52960
52965
52966
52969
52972
52973
52976
52977
52981
52983
52984
52990
52991
52992
52993
53001
53003
53020
53022
53024
53025
53029
53030
53034
53036
53037
53040
53048
53050
53051
53055
53058
53074
53084
53086
53088
53090
53097
53100
53104
53105
53106
53110
53111
53113
53115
53116
53126
53127
53128
53131
53134
53139
53243
53246
53247
53254
53257
53268
53269
53270
53271
53272
53275
53279
53282
53283
53286
53288
53289
53291
53292
53293
53295
53299
53301
53306
53310
53311
53312
53328
53382
53383
53394
53396
53399
53405
53406
53409
53412
53413
53416
53417
53418
53421
53424
53426
53431
53432
53437
53439
53537
53539
53540
53541
53542
53544
53553
53554
53556
53558
53559
53562
53563
53566
53567
53568
53571
53578
53585
53590
53593
53599
53600
53601
53603
53604
53605
53607
53610
53611
53612
53616
53645
53647
53649
53650
53691
53697
53700
53703
53734
53735
53742
53750
53772
53785
53786
53791
53799
53800
53832
53835
53836
53838
53868
53869
53874
53879
53881
53882
53884
53886
53891
53894
53895
53898
53901
53902
53909
53914
53921
53924
53931
53934
53939
53941
53946
53954
53959
53973
53979
53981
53984
53985
53987
53988
53989
53991
53993
53995
53996
53997
53998
54007
54008
54010
54012
54029
54032
54054
54085
54091
54092
54104
54105
54108
54110
54112
54113
54115
54116
54118
54119
54120
54121
54126
54127
54131
54133
54137
54143
54147
54148
54164
54166
54172
54174
54175
54176
54178
54181
54182
54187
54190
54226
54232
54235
54240
54244
54245
54248
54253
54257
54258
54260
54262
54263
54285
54286
54297
54298
54306
54350
54352
54391
54393
54395
54397
54398
54399
54400
54401
54403
54409
54425
54428
54432
54434
54435
54436
54438
54440
54441
54449
54453
54502
54503
54504
54506
54508
54516
54517
54529
54655
54657
54660
54666
54671
54675
54678
54681
54683
54686
54688
54689
54691
54693
54698
54702
54706
54707
54713
54714
54737
54739
54741
54830
54831
54834
54841
54844
54847
54956
54957
54961
54962
54965
54968
54969
54974
54980
54982
54983
54989
54990
54993
54995
54998
55000
55002
55003
55005
55009
55010
55011
55014
55016
55018
55020
55026
55028
55040
55041
55042
55045
55048
55050
55053
55055
55056
55061
55065
55067
55072
55073
55074
55075
55077
55080
55082
55083
55128
55129
55130
55138
55139
55143
55160
55161
55165
55171
55176
55204
55207
55209
55214
55219
55222
55226
55228
55235
55252
55260
55262
55263
55265
55267
55275
55276
55288
55290
55297
55331
55334
55345
55349
55350
55351
55360
55362
55369
55370
55374
55375
55380
55388
55468
55471
55472
55480
55482
55484
55486
55496
55502
55508
55539
55555
55593
55595
55596
55602
55604
55607
55608
55610
55611
55614
55615
55617
55618
55624
55630
55631
55633
55637
55642
55643
55644
55665
55667
55674
55676
55678
55684
55689
55692
55700
55703
55708
55711
55712
55718
55722
55726
55727
55728
55731
55732
55734
55815
55816
55817
55818
55825
55826
55827
55830
55831
55833
55857
55858
55860
55862
55863
55866
55867
55868
55870
55871
55875
55917
55918
55928
55929
55930
55931
55935
55939
55940
55941
55942
55949
55950
56008
56009
56014
56017
56018
56019
56021
56031
56090
56091
56095
56099
56122
56123
56126
56127
56129
56130
56131
56148
56149
56153
56182
56186
56191
56192
56194
56195
56208
56210
56211
56215
56218
56220
56223
56224
56231
56234
56235
56236
56237
56242
56246
56275
56276
56279
56287
56292
56293
56294
56296
56304
56305
56364
56366
56378
56379
56383
56385
56387
56413
56421
56422
56423
56427
56433
56436
56438
56439
56440
56441
56443
56447
56449
56450
56452
56453
56454
56460
56467
56472
56485
56490
56491
56497
56498
56501
56523
56534
56535
56538
56540
56544
56561
56562
56564
56566
56568
56571
56583
56587
56588
56594
56597
56598
56599
56601
56603
56604
56609
56612
56617
56618
56621
56630
56634
56635
56648
56651
56659
56664
56665
56666
56668
56672
56673
56675
56686
56689
56691
56694
56698
56702
56707
56745
56747
56749
56750
56751
56753
56756
56759
56760
56761
56765
56766
56768
56777
56779
56858
56859
56864
56866
56867
56888
56889
56891
56892
56895
56901
56906
56923
56930
56935
56936
56937
56945
56948
56958
56959
57002
57003
57008
57010
57015
57016
57019
57023
57028
57042
57045
57056
57057
57061
57071
57076
57077
57078
57085
57096
57097
57098
57106
57108
57109
57110
57111
57125
57127
57132
57134
57135
57139
57143
57146
57147
57160
57162
57173
57174
57175
57176
57177
57179
57181
57185
57187
57188
57190
57193
57197
57202
57216
57233
57247
57248
57252
57255
57265
57274
57287
57298
57299
57303
57304
57305
57309
57310
57312
57314
57315
57316
57317
57321
57322
57323
57327
57329
57341
57360
57363
57365
57373
57374
57377
57383
57385
57389
57393
57396
57397
57398
57403
57405
57406
57408
57414
57417
57531
57560
57591
57602
57618
57649
57651
57658
57663
57667
57672
57674
57690
57693
57727
57737
57812
57820
57821
57824
57828
57833
57844
57854
57864
57875
57897
57903
57909
57910
57927
57951
57954
57963
57964
57965
57970
57971
57993
58008
58012
58018
58022
58024
58038
58050
58053
58055
58116
58164
58180
58189
58192
58193
58194
58201
58204
58205
58206
58222
58224
58242
58263
58266
58273
58299
58303
58317
58327
58334
58348
58368
58379
58383
58394
58415
58418
58424
58429
58430
58447
58448
58450
58474
58484
58497
58501
58520
58533
58554
58568
58580
58597
58600
58636
58639
58653
58659
58660
58661
58711
58713
58717
58720
58726
58728
58729
58778
58782
58832
58837
58840
58843
58863
58864
58866
58887
58890
58891
58893
58928
58931
58983
58984
58985
58995
59006
59008
59028
59061
61170
61247
61276
61408
61420
61520
61697
61844
61849
61854
61859
61862
61878
61879
61986
61990
62249
62259
62267
62531
62542
62605
62678
64328
64330
64335
64337
64341
64344
64353
64359
64360
64411
64424
64425
64428
64429
64435
64436
64459
64463
64494
64505
64512
64516
64518
64525
64553
64618
64623
64632
64666
64671
64686
64689
64704
64718
64723
64726
64728
64759
64784
64793
64817
64820
64867
64929
64943
64994
65025
65069
65070
65074
65075
65081
65084
65087
65094
65106
65134
65139
65150
65158
65177
65201
65204
65206
65209
65263
65299
65301
65303
65310
65320
65332
65354
65359
65370
65417
65476
65477
65504
65524
65536
65545
65588
65621
65637
65643
65644
65687
65733
65735
65744
65745
65746
65748
65764
65800
65819
65823
65830
65833
65847
65856
65873
65876
65879
65890
65909
65918
65919
65942
65944
65950
65965
65991
65995
66025
66044
66114
66119
66136
66142
66151
66213
66221
66235
66243
66244
66258
66260
66287
66289
66290
66355
66356
66377
66389
66399
66404
66406
66420
66423
66425
66426
66473
66480
66483
66488
66585
66604
66605
66609
66610
66613
66615
66622
66634
66652
66672
66673
66678
66691
66699
66724
66729
66736
66761
66794
66805
66812
66848
66854
66914
66920
66948
66951
66952
66984
67000
67027
67031
67034
67076
67082
67091
67130
67136
67147
67153
67176
67195
67203
67233
67267
67273
67299
67309
67318
67324
67326
67330
67343
67353
67361
67367
67368
67381
67400
67402
67410
67414
67415
67422
67470
67480
67487
67491
67497
67498
67505
67511
67520
67523
67524
67527
67528
67544
67557
67561
67588
67596
67610
67642
67680
67682
67684
67689
67722
67728
67729
67735
67740
67748
67757
67769
67777
67778
67784
67801
67804
67807
67808
67810
67811
67813
67832
67838
67865
67885
67888
67892
67893
67916
67925
67965
67970
67975
67977
68015
68016
68017
68022
68057
68058
68061
68080
68082
68091
68101
68146
68158
68161
68176
68193
68208
68209
68210
68213
68217
68219
68314
68346
68352
68403
68436
68457
68478
68487
68493
68505
68517
68519
68528
68556
68561
68600
68615
68629
68639
68644
68645
68653
68663
68679
68688
68689
68692
68695
68714
68718
68719
68738
68749
68792
68795
68797
68814
68817
68861
68864
68874
68879
68889
68908
68927
68956
68974
68980
69004
69008
69018
69021
69029
69031
69061
69065
69069
69090
69096
69112
69113
69119
69125
69128
69129
69136
69142
69152
69156
69181
69198
69216
69221
69226
69234
69312
69318
69351
69353
69363
69369
69387
69388
69391
69392
69412
69438
69505
69507
69516
69517
69525
69531
69532
69540
69545
69547
69558
69579
69581
69582
69583
69591
69603
69626
69636
69638
69640
69646
69651
69676
69685
69699
69706
69724
69730
69740
69745
69765
69780
69787
69788
69821
69823
69825
69826
69856
69858
69863
69877
69879
69904
69992
70050
70111
70115
70116
70117
70120
70123
70188
70191
70201
70217
70221
70244
70248
70254
70263
70275
70277
70287
70288
70308
70313
70377
70456
70462
70472
70478
70502
70575
70576
70589
70595
70596
70598
70633
70635
70644
70645
70651
70656
70661
70694
70700
70709
70717
70730
70738
70739
70748
70765
70779
70781
70789
70794
70802
70813
70824
70826
70835
70836
70840
70841
70842
70843
70846
70848
70849
70860
70863
70867
70872
70873
70884
70885
70888
70890
70891
70898
70905
70907
70908
70910
70915
70919
70920
70924
70925
70926
70928
70929
70933
70945
70946
70947
70948
70953
70957
70963
70971
70972
70973
70974
70978
70979
70982
70983
70985
70986
70987
70989
70990
70991
70994
70996
71008
71009
71010
71017
71018
71023
71027
71028
71030
71032
71033
71035
71036
71037
71039
71042
71054
71056
71058
71059
71062
71063
71065
71081
71082
71086
71087
71090
71104
71105
71106
71108
71113
71114
71115
71120
71126
71127
71128
71129
71130
71131
71135
71137
71138
71142
71144
71151
71156
71160
71163
71170
71173
71174
71204
71210
71212
71213
71217
71220
71223
71226
71228
71230
71257
71259
71261
71262
71277
71342
71347
71372
71374
71379
71381
71382
71383
71384
71422
71423
71430
71432
71435
71436
71439
71465
71466
71472
71477
71478
71479
71483
71486
71487
71492
71495
71516
71527
71530
71531
71537
71538
71539
71547
71552
71555
71558
71559
71560
71563
71564
71566
71571
71578
71579
71587
71588
71593
71594
71598
71599
71602
71607
71610
71614
71621
71625
71629
71631
71633
71738
71739
71743
71820
71821
71823
71828
71835
71836
71839
71840
71841
71842
71843
71847
71848
71849
71850
71856
71857
71860
71864
71865
71867
71868
71869
71870
71875
71879
71882
71883
71886
71887
71888
71891
71898
71900
71903
71907
71912
71913
71917
71948
71949
71953
71954
71955
71960
72134
72135
72136
72137
72138
72139
72140
72143
72148
72152
72153
72156
72157
72235
72236
72241
72245
72248
72249
72251
72255
72256
72257
72258
72261
72313
72314
72318
72322
72324
72325
72371
72376
72382
72383
72384
72385
72387
72388
72391
72392
72397
72399
72400
72401
72403
72407
72408
72416
72430
72435
72440
72441
72446
72452
72457
72460
72461
72463
72465
72466
72469
72471
72472
72475
72476
72477
72478
72480
72484
72486
72502
72507
72509
72511
72513
72514
72516
72517
72518
72532
72533
72536
72537
72539
72541
72542
72544
72548
72549
72554
72556
72557
72559
72573
72575
72580
72581
72583
72584
72653
72670
72673
72740
72751
72752
72753
72754
72761
72768
72769
72771
72775
72825
72912
72913
72915
72917
72918
72920
72921
72923
72932
72933
72934
72935
72981
72985
72986
72987
72991
72999
73005
73006
73009
73013
73014
73016
73018
73022
73023
73024
73025
73027
73029
73042
73044
73045
73146
73147
73148
73152
73170
73171
73172
73173
73189
73190
73192
73199
73200
73202
73205
73206
73213
73225
73227
73235
73240
73241
73242
73247
73248
73249
73253
73256
73257
73261
73262
73263
73265
73271
73273
73277
73278
73279
73283
73290
73292
73294
73295
73300
73302
73304
73305
73309
73312
73315
73317
73318
73319
73325
73334
73345
73350
73351
73355
73357
73359
73360
73361
73362
73363
73365
73367
73368
73370
73376
73386
73391
73393
73396
73399
73461
73466
73467
73468
73475
73476
73477
73483
73484
73489
73491
73495
73521
73523
73524
73532
73535
73536
73539
73542
73577
73579
73581
73588
73591
73592
73593
73595
73596
73597
73598
73599
73600
73602
73603
73612
73614
73616
73646
73649
73650
73652
73653
73660
73669
73670
73674
73762
73766
73767
73768
73769
73770
73776
73778
73779
73781
73784
73786
73791
73792
73793
73794
73796
73798
73799
73800
73802
73803
73807
73809
73812
73817
73818
73819
73821
73823
73824
73825
73828
73831
73833
73834
73839
73841
73842
73844
73849
73850
73851
73852
73856
73874
73880
73882
73894
73895
73899
73901
73902
73910
73912
73918
73920
73927
73930
73931
73939
73944
73948
73949
73950
73954
73989
73993
73996
73997
73999
74003
74005
74008
74010
74012
74018
74025
74026
74027
74028
74030
74031
74034
74035
74036
74042
74046
74048
74129
74134
74142
74143
74144
74147
74148
74152
74166
74187
74188
74192
74194
74243
74244
74245
74246
74250
74252
74257
74262
74393
74396
74399
74400
74402
74529
74532
74586
74590
74598
74601
74605
74655
74656
74669
74822
74824
74827
74830
74831
74832
74836
74838
74843
74903
74904
74910
74912
74916
74918
74925
74934
74935
74942
74945
74946
74950
74952
74953
74954
75002
75018
75024
75025
75027
75028
75031
75036
75037
75042
75043
75044
75047
75055
75171
75174
75175
75182
75184
75185
75189
75190
75191
75192
75196
75198
75199
75200
75201
75203
75204
75205
75209
75211
75212
75218
75220
75222
75232
75235
75236
75238
75239
75241
75243
75245
75437
75441
75447
75448
75449
75454
75455
75456
75458
75485
75491
75495
75498
75501
75502
75504
75505
75506
75516
75517
75518
75520
75522
75523
75527
75529
75645
75646
75647
75652
75654
75658
75659
75663
75664
75667
75679
75682
75683
75694
75695
75696
75698
75703
75705
75706
75710
75713
75715
75719
75727
75728
75733
75735
75739
75741
75743
75750
75753
75754
75758
75759
75761
75762
75765
75766
75767
75768
75769
75772
75773
75776
75780
75781
75782
75785
75786
75791
75808
75810
75811
75822
75825
75826
75831
75838
75845
75846
75847
75852
75853
75854
75855
75856
75903
75908
75913
75915
75921
75926
75930
75932
75933
75934
75936
75937
75942
75943
75944
75951
75953
75955
75956
75961
75963
75965
75992
75995
75996
75997
75999
76011
76014
76018
76019
76022
76023
76024
76028
76031
76032
76034
76035
76037
76043
76048
76050
76054
76055
76056
76057
76061
76112
76119
76123
76127
76128
76129
76131
76134
76136
76138
76141
76142
76147
76148
76149
76150
76156
76206
76207
76208
76212
76215
76252
76257
76262
76264
76267
76270
76271
76273
76279
76280
76283
76284
76287
76288
76289
76290
76291
76294
76295
76297
76354
76357
76361
76366
76367
76369
76394
76395
76396
76402
76409
76414
76415
76418
76420
76429
76431
76432
76433
76436
76441
76519
76571
76578
76586
76588
76591
76593
76601
76604
76606
76608
76611
76612
76613
76617
76619
76620
76621
76624
76627
76631
76633
76640
76641
76642
76645
76656
76658
76659
76662
76664
76667
76677
76678
76684
76697
76699
76709
76711
76712
76718
76719
76723
76724
76726
76727
76728
76729
76730
76734
76740
76746
76756
76757
76759
76762
76775
76778
76780
76789
76790
76792
76793
76794
76795
76796
76798
76802
76811
76817
76822
76827
76828
76829
76831
76836
76837
76838
76847
76852
76859
76861
76888
76891
76893
76894
76895
76896
76897
76899
76904
76905
76906
76916
76946
76947
76948
76951
76952
76953
76957
76960
76968
76973
76974
77103
77110
77113
77122
77124
77131
77132
77133
77134
77138
77145
77148
77149
77151
77152
77155
77157
77163
77166
77167
77312
77313
77315
77318
77319
77320
77321
77326
77327
77330
77332
77334
77337
77339
77347
77348
77421
77435
77438
77440
77442
77446
77447
77451
77455
77456
77458
77459
77460
77462
77463
77466
77471
77472
77473
77593
77594
77598
77604
77606
77610
77611
77612
77615
77616
77617
77620
77621
77623
77626
77631
77636
77640
77665
77666
77667
77669
77715
77717
77719
77724
77728
77729
77730
77734
77739
77744
77747
77749
77754
77755
77759
77763
77764
77765
77768
77777
77779
77781
77782
77833
77904
77906
77907
77915
77916
77918
77922
77923
77925
77932
77937
77942
77943
77945
77947
77948
77954
77965
77967
77977
77981
77983
77985
77987
77988
77989
77992
78001
78002
78005
78006
78008
78009
78010
78012
78017
78018
78040
78041
78045
78046
78050
78052
78054
78059
78060
78061
78062
78063
78068
78070
78073
78074
78077
78079
78080
78081
78082
78084
78085
78086
78087
78090
78092
78093
78096
78098
78103
78105
78106
78107
78108
78109
78111
78112
78115
78121
78122
78124
78125
78133
78135
78141
78142
78148
78150
78151
78153
78154
78155
78158
78169
78171
78174
78245
78247
78253
78254
78257
78263
78265
78267
78269
78271
78273
78277
78278
78285
78288
78290
78294
78296
78304
78307
78309
78310
78312
78313
78318
78320
78321
78323
78324
78326
78327
78456
78457
78458
78459
78461
78464
78470
78474
78477
78483
78485
78486
78502
78503
78507
78508
78509
78515
78519
78521
78523
78524
78528
78529
78533
78538
78539
78542
78543
78546
78548
78550
78551
78558
78559
78561
78566
78568
78569
78575
78582
78583
78584
78585
78589
78591
78615
78616
78623
78624
78627
78632
78633
78638
78639
78641
78642
78647
78650
78658
78659
78666
78669
78670
78672
78675
78676
78692
78707
78708
78714
78718
78721
78722
78726
78728
78731
78733
78734
78735
78738
78739
78740
78741
78742
78743
78746
78753
78755
78758
78759
78767
78768
78769
78771
78772
78775
78779
78781
78782
78785
78786
78787
78788
78789
78790
78793
78794
78795
78802
78804
78805
78807
78837
78842
78885
78886
78887
78893
78897
78899
78900
78902
78907
78908
78914
78918
78919
78921
78922
78923
78925
78928
78932
78935
78938
78940
78942
78945
78969
78970
78971
78976
78979
78984
79052
79055
79057
79060
79062
79067
79068
79069
79072
79081
79092
79122
79125
79126
79127
79128
79132
79135
79144
79146
79147
79148
79152
79154
79156
79161
79165
79166
79167
79170
79171
79172
79173
79175
79180
79183
79187
79188
79193
79194
79195
79203
79221
79224
79226
79227
79241
79246
79251
79256
79261
79263
79264
79265
79266
79267
79269
79270
79272
79273
79275
79278
79280
79283
79284
79285
79286
79287
79288
79297
79298
79299
79302
79303
79305
79316
79320
79322
79323
79324
79329
79332
79334
79336
79337
79339
79340
79344
79345
79348
79354
79355
79359
79365
79366
79369
79370
79372
79373
79374
79375
79378
79379
79380
79384
79385
79387
79389
79391
79394
79396
79398
79403
79407
79409
79410
79411
79413
79417
79420
79426
79427
79430
79441
79446
79447
79448
79449
79454
79458
79463
79467
79469
79473
79475
79478
79483
79484
79489
79490
79492
79494
79496
79497
79502
79504
79507
79509
79510
79512
79516
79521
79530
79533
79536
79541
79550
79554
79555
79557
79558
79559
79564
79626
79628
79634
79635
79636
79638
79642
79643
79647
79657
79658
79659
79660
79661
79663
79664
79665
79666
79668
79669
79673
79678
79681
79682
79683
79686
79687
79697
79698
79701
79703
79704
79706
79708
79709
79710
79711
79712
79714
79716
79717
79719
79720
79723
79724
79726
79727
79728
79730
79732
79738
79745
79746
79750
79756
79758
79760
79761
79767
79768
79778
79780
79786
79792
79818
79819
79820
79822
79823
79827
79828
79830
79831
79858
79861
79862
79866
79873
79877
79878
79892
79893
79900
79901
79902
79904
79911
79912
79915
79920
79922
79923
79924
79925
79928
79934
79936
79942
79945
79947
79949
79953
79965
79968
79998
80001
80008
80009
80012
80015
80017
80024
80025
80034
80035
80036
80039
80044
80045
80048
80049
80053
80054
80060
80067
80068
80071
80075
80088
80121
80124
80132
80136
80138
80141
80158
80159
80160
80162
80166
80241
80274
80278
80281
80282
80283
80284
80286
80287
80347
80348
80349
80360
80361
80362
80368
80373
80374
80376
80378
80379
80380
80383
80385
80388
80389
80390
80391
80392
80394
80395
80401
80404
80405
80406
80424
80425
80426
80427
80428
80429
80431
80432
80434
80435
80439
80440
80441
80443
80454
80457
80458
80468
80477
80478
80482
80483
80490
80491
80495
80497
80501
80502
80503
80504
80505
80507
80512
80513
80514
80515
80516
80518
80522
80523
80525
80527
80533
80534
80537
80542
80561
80563
80564
80593
80601
80603
80604
80606
80610
80611
80613
80648
80649
80651
80652
80653
80660
80662
80668
80670
80672
80675
80678
80679
80680
80682
80687
80705
80741
80742
80751
80761
80770
80772
80774
80776
80778
80780
80782
80796
80801
80802
80803
80816
80825
80826
80829
80830
80835
80839
80840
80844
80847
80876
80881
80885
80886
80887
80891
80892
80898
80915
80917
80918
80919
80920
80921
80922
80930
80999
81006
81007
81017
81019
81024
81029
81031
81141
81142
81143
81145
81146
81151
81153
81154
81156
81159
81163
81170
81189
81190
81191
81194
81195
81199
81201
81203
81204
81214
81220
81221
81223
81226
81227
81234
81235
81247
81248
81259
81260
81261
81263
81266
81268
81305
81308
81310
81314
81315
81319
81320
81322
81325
81330
81331
81334
81335
81339
81340
81346
81356
81358
81362
81363
81364
81365
81367
81389
81393
81397
81398
81403
81404
81408
81410
81411
81412
81414
81418
81437
81442
81443
81444
81456
81457
81458
81459
81465
81467
81471
81473
81474
81475
81480
81481
81484
81487
81488
81491
81496
81497
81498
81501
81506
81517
81519
81534
81536
81542
81543
81546
81547
81548
81550
81552
81554
81555
81556
81558
81559
81560
81562
81564
81565
81566
81568
81569
81570
81576
81577
81596
81603
81627
81630
81631
81637
81654
81655
81656
81657
81659
81665
81666
81669
81670
81673
81674
81675
81676
81678
81679
81680
81681
81682
81683
81685
81686
81687
81689
81690
81693
81695
81698
81700
81701
81703
81709
81710
81711
81712
81713
81716
81717
81745
81746
81747
81749
81752
81754
81756
81758
81759
81760
81762
81763
81764
81766
81767
81770
81773
81777
81780
81886
81887
81888
81889
81894
81900
81901
81902
81903
81904
81909
81914
81915
81920
81946
81948
81951
81956
81958
81959
81960
81961
81962
81967
81971
81975
81978
81979
81980
81983
81987
81988
81989
81991
81992
81994
82000
82001
82002
82003
82004
82010
82045
82081
82084
82085
82086
82088
82089
82090
82094
82098
82100
82104
82106
82108
82110
82114
82124
82129
82158
82163
82164
82170
82172
82174
82175
82200
82201
82232
82233
82236
82239
82241
82250
82251
82252
82253
82254
82256
82263
82264
82267
82283
82286
82288
82289
82312
82313
82352
82355
82394
82422
82424
82427
82428
82435
82439
82440
82441
82447
82452
82453
82457
82461
82465
82466
82467
82474
82481
82485
82487
82488
82491
82492
82493
82495
82497
82498
82532
82533
82535
82536
82544
82547
82558
82561
82562
82563
82589
82591
82592
82593
82597
82602
82627
82628
82629
82630
82651
82656
82658
82660
82662
82663
82664
82665
82674
82678
82682
82683
82684
82685
82687
82690
82691
82696
82700
82701
82702
82703
82705
82706
82708
82709
82710
82716
82717
82721
82722
82723
82724
82726
82744
82766
82767
82778
82780
82782
82783
82787
82788
82798
82800
82870
82893
82896
82897
82901
83004
83006
83008
83009
83010
83014
83016
83031
83033
83038
83095
83096
83097
83099
83101
83102
83103
83106
83110
83113
83117
83144
83254
83255
83256
83261
83262
83267
83269
83270
83272
83274
83277
83280
83281
83292
83294
83301
83302
83303
83304
83305
83306
83312
83313
83321
83323
83326
83327
83331
83333
83334
83335
83336
83337
83340
83341
83343
83358
83359
83363
83367
83368
83370
83372
83376
83377
83381
83382
83386
83390
83393
83394
83398
83399
83401
83432
83433
83435
83443
83445
83447
83452
83453
83454
83455
83459
83463
83464
83465
83466
83467
83468
83470
83477
83478
83479
83480
83486
83487
83492
83494
83495
83496
83505
83509
83520
83522
83523
83526
83527
83528
83529
83550
83552
83625
83635
83637
83644
83645
83649
83652
83653
83660
83661
83663
83664
83666
83671
83674
83679
83680
83682
83683
83687
83700
83701
83719
83720
83724
83732
83733
83734
83738
83739
83741
83746
83807
83810
83818
83821
83832
83835
83836
83839
83840
83844
83845
83850
83854
83855
83857
83860
83862
83863
83865
83872
83874
83875
83876
83879
83880
83891
83892
83894
83895
83913
83914
83915
83918
83923
83928
83929
83935
83937
83939
83940
83941
83943
83948
83949
83950
83951
83955
83956
83957
83959
83961
83966
83969
83971
83972
83974
83975
83988
83989
83992
83997
84000
84002
84006
84007
84011
84013
84014
84016
84025
84026
84031
84036
84037
84039
84042
84044
84047
84049
84067
84068
84074
84075
84078
84079
84082
84085
84086
84104
84113
84114
84116
84117
84118
84120
84123
84187
84192
84194
84197
84198
84199
84200
84204
84206
84213
84218
84234
84237
84283
84284
84293
84294
84295
84302
84304
84306
84307
84311
84313
84318
84319
84320
84322
84323
84325
84326
84327
84328
84329
84337
84340
84341
84343
84345
84347
84348
84362
84363
84370
84371
84373
84387
84388
84389
84391
84403
84410
84412
84415
84420
84421
84425
84436
84438
84441
84443
84445
84447
84451
84452
84463
84466
84470
84471
84472
84487
84489
84490
84491
84495
84496
84497
84500
84501
84504
84508
84511
84533
84535
84537
84546
84547
84548
84556
84559
84565
84566
84568
84570
84572
84573
84574
84577
84579
84580
84582
84583
84584
84586
84587
84591
84592
84594
84595
84596
84600
84601
84602
84604
84611
84614
84616
84617
84643
84650
84651
84652
84653
84657
84658
84661
84664
84671
84672
84673
84682
84721
84748
84749
84750
84752
84753
84761
84777
84781
84782
84784
84785
84789
84792
84793
84798
84800
84801
84802
84804
84806
84812
84818
84821
84824
84827
84830
84832
84833
84834
84835
84838
84839
84842
84844
84847
84849
84850
84862
84864
84865
84867
84869
84870
84871
84895
84896
84899
84901
84929
84930
84931
84933
84934
84939
84940
84942
84946
84947
84950
84952
84953
84954
84957
84958
84961
84962
84967
85076
85077
85078
85099
85100
85119
85120
85122
85179
85182
85185
85187
85188
85193
85194
85197
85198
85201
85202
85203
85208
85211
85212
85214
85215
85216
85218
85219
85221
85244
85246
85250
85253
85262
85307
85315
85316
85318
85325
85330
85333
85335
85339
85340
85345
85346
85348
85349
85350
85352
85356
85374
85381
85392
85394
85395
85396
85397
85399
85420
85427
85433
85437
85443
85445
85447
85457
85459
85460
85464
85498
85503
85508
85514
85515
85517
85553
85554
85558
85566
85632
85680
85681
85682
85683
85700
85701
85705
85706
85707
85712
85761
85763
85775
85779
85780
85783
85791
85792
85793
85796
85798
85801
85802
85804
85806
85807
85814
85815
85816
85823
85824
85829
85835
85836
85891
85897
85903
86011
86015
86054
86058
86066
86073
86076
86078
86086
86087
86098
86104
86107
86111
86118
86119
86131
86132
86133
86134
86137
86138
86144
86147
86149
86152
86155
86157
86159
86162
86163
86168
86169
86172
86174
86182
86187
86191
86192
86193
86195
86196
86200
86201
86204
86205
86206
86213
86215
86219
86220
86222
86229
86231
86246
86247
86249
86253
86257
86259
86263
86266
86269
86271
86272
86273
86274
86276
86277
86284
86291
86292
86293
86295
86297
86298
86300
86301
86302
86303
86305
86306
86308
86309
86310
86313
86316
86324
86326
86327
86328
86329
86333
86334
86356
86364
86365
86366
86368
86374
86376
86378
86381
86382
86384
86386
86388
86390
86392
86394
86395
86397
86401
86404
86405
86415
86416
86418
86419
86422
86443
86459
86464
86465
86539
86549
86553
86556
86557
86558
86559
86561
86564
86566
86590
86591
86600
86601
86602
86607
86608
86682
86687
86688
86689
86690
86691
86695
86698
86702
86703
86706
86707
86709
86718
86722
86723
86724
86726
86727
86730
86732
86734
86737
86738
86742
86745
86751
86752
86755
86766
86773
86775
86777
86781
86784
86791
86792
86793
86795
86796
86799
86805
86806
86815
86816
86819
86824
86829
86835
86836
86841
86842
86860
86864
86866
86868
86870
86876
86877
86879
86880
86881
86882
86886
86887
86896
86897
86905
86906
86909
86994
86997
86998
87001
87003
87006
87007
87012
87014
87016
87019
87028
87034
87038
87040
87041
87042
87043
87051
87054
87055
87056
87060
87075
87082
87086
87089
87091
87093
87096
87098
87100
87101
87102
87103
87105
87106
87141
87144
87147
87149
87151
87152
87154
87156
87157
87159
87160
87166
87167
87176
87177
87180
87182
87185
87188
87189
87190
87192
87194
87196
87199
87200
87201
87202
87212
87214
87230
87237
87238
87239
87240
87248
87249
87250
87252
87257
87258
87261
87266
87273
87274
87279
87282
87283
87284
87285
87291
87295
87296
87297
87300
87340
87342
87344
87345
87348
87349
87351
87353
87357
87359
87362
87364
87374
87376
87377
87386
87387
87388
87390
87391
87394
87395
87399
87404
87518
87525
87527
87528
87529
87553
87558
87560
87561
87564
87566
87567
87570
87571
87572
87577
87578
87586
87589
87594
87662
87665
87667
87674
87675
87683
87684
87686
87690
87691
87693
87695
87696
87701
87702
87705
87713
87720
87729
87730
87811
87812
87813
87814
87818
87819
87821
87822
87823
87827
87830
87833
87840
87849
87852
87854
87855
87857
87863
87864
87865
87868
87869
87870
87871
87872
87874
87875
87876
87877
87878
87879
87881
87890
87891
87892
87896
87959
87969
87975
88004
88005
88009
88010
88012
88014
88016
88017
88018
88062
88065
88102
88107
88116
88215
88220
88230
88232
88235
88236
88237
88239
88241
88245
88254
88257
88261
88263
88267
88268
88279
88281
88282
88283
88285
88290
88291
88292
88296
88297
88305
88308
88311
88314
88319
88320
88321
88323
88331
88335
88336
88338
88341
88345
88363
88376
88380
88385
88388
88389
88390
88391
88392
88394
88397
88398
88427
88429
88432
88434
88435
88448
88449
88454
88458
88460
88480
88482
88503
88546
88548
88551
88552
88553
88555
88558
88559
88560
88571
88572
88573
88574
88592
88594
88658
88660
88759
88762
88764
88769
88771
88772
88773
88774
88775
88782
88785
88793
88795
88798
88803
88819
88832
88833
88838
88842
88844
88850
88854
88856
88860
88888
88889
88890
88895
88903
88904
88906
88907
88910
88911
88918
88928
88934
88940
88941
88947
88951
88955
88960
88964
88966
88970
88973
88977
88978
89007
89018
89019
89020
89024
89026
89039
89042
89047
89051
89055
89056
89060
89110
89138
89142
89144
89288
89290
89292
89297
89300
89302
89314
89338
89339
89340
89342
89347
89349
89358
89359
89360
89361
89362
89364
89365
89366
89367
89370
89371
89373
89374
89375
89378
89380
89386
89391
89405
89406
89407
89410
89411
89412
89413
89420
89425
89429
89430
89431
89438
89439
89444
89448
89452
89466
89469
89472
89473
89477
89479
89501
89504
89514
89517
89522
89523
89524
89527
89533
89534
89535
89536
89537
89546
89550
89552
89553
89555
89556
89561
89566
89570
89572
89576
89579
89583
89585
89588
89589
89590
89595
89597
89598
89601
89602
89609
89625
89635
89637
89638
89640
89641
89646
89652
89653
89654
89658
89659
89660
89666
89669
89670
89671
89672
89673
89679
89681
89682
89683
89684
89687
89688
89708
89710
89712
89717
89721
89725
89733
89734
89738
89739
89743
89748
89751
89763
89764
89765
89769
89784
89786
89787
89789
89794
89796
89800
89801
89804
89806
89807
89808
89809
89810
89823
89824
89826
89827
89833
89838
89839
89842
89843
89851
89852
89867
89868
89870
89871
89872
89874
89877
89878
89879
89885
89886
89888
89892
89894
89897
89915
89927
89928
89930
89935
89937
89941
89942
89944
89945
89947
89951
89953
89956
89965
89966
89970
89973
89974
89979
89980
89983
89987
89989
89991
89995
89996
89997
90025
90097
90098
90099
90102
90110
90111
90112
90113
90116
90118
90121
90123
90127
90128
90131
90135
90137
90148
90150
90162
90163
90164
90166
90167
90174
90182
90184
90185
90188
90190
90198
90199
90202
90208
90212
90213
90215
90219
90241
90242
90245
90252
90253
90254
90261
90262
90264
90265
90270
90281
90284
90285
90286
90288
90292
90340
90354
90356
90362
90363
90367
90369
90373
90374
90376
90379
90380
90382
90383
90384
90386
90387
90388
90389
90402
90404
90410
90412
90419
90421
90424
90428
90431
90433
90434
90435
90436
90437
90441
90443
90444
90446
90455
90456
90458
90464
90471
90473
90478
90480
90482
90486
90487
90488
90490
90496
90498
90500
90501
90507
90508
90513
90519
90520
90528
90530
90531
90534
90536
90538
90543
90547
90549
90550
90551
90553
90554
90558
90560
90561
90572
90573
90574
90577
90591
90592
90593
90601
90602
90603
90606
90609
90610
90612
90614
90616
90617
90618
90620
90626
90628
90629
90630
90634
90636
90643
90645
90646
90648
90651
90652
90654
90665
90666
90669
90745
90747
90753
90755
90761
90762
90764
90765
90772
90773
90860
90863
90865
90866
90868
90870
90872
90874
90878
90880
90882
90890
90891
90893
90896
90899
90901
90904
90907
90908
90909
90914
90917
90919
90921
90927
90934
90937
90938
90944
90946
90952
90955
90956
90957
90958
90961
90964
90999
91001
91003
91006
91007
91008
91011
91013
91064
91067
91069
91071
91072
91077
91082
91091
91095
91106
91107
91108
91109
91111
91116
91117
91123
91124
91126
91202
91205
91206
91207
91208
91213
91216
91221
91234
91252
91253
91259
91260
91261
91268
91271
91272
91273
91277
91278
91279
91280
91286
91288
91289
91302
91304
91306
91308
91310
91312
91332
91338
91342
91346
91354
91382
91389
91390
91396
91397
91398
91401
91402
91403
91405
91409
96028
96059
96063
96073
96106
96108
96110
96111
96112
96173
96209
108800
108802
108813
108814
108832
108834
109044
109045
109048
109050
109054
109057
109062
109100
109101
109104
109107
109111
109113
109116
109118
109119
109123
109125
109127
109128
109132
109133
109134
109156
109160
109164
109170
109236
109245
109246
109248
109250
109251
109252
109254
109255
109258
109260
109262
109263
109265
109270
109272
109277
109278
109281
109290
109302
109304
109310
109314
109317
109320
109322
109323
109324
109348
109354
109361
109363
109365
109367
109370
109372
109375
109380
109384
109386
109387
109388
109389
109394
109395
109396
109397
109398
109399
109401
109402
109404
109408
109411
109427
109434
109448
109450
109451
109457
109460
109461
109473
109476
109481
109485
109489
109490
109491
109492
109494
109496
109498
109500
109501
109521
109685
109740
109761
109766
109772
109867
109868
109870
109874
109882
109884
109885
109890
109910
109928
109929
109934
109935
109937
109939
109942
109943
109944
109947
109948
109965
109968
109970
109971
109972
109974
109978
109979
109982
109983
109987
109991
109998
109999
110002
110004
110022
110023
110025
110028
110032
110033
110034
110036
110038
110040
110041
110043
110047
110049
110051
110054
110056
110057
110058
110059
110061
110068
110081
110605
110606
110607
110611
110622
110623
110624
110625
110627
110628
110629
110630
110632
110634
110635
110818
110821
110822
110855
110866
110869
110870
110872
110873
110874
110875
110878
110896
110901
110902
110905
110982
110988
110989
111007
111010
111011
111032
111033
111034
111042
111045
111047
111050
111051
111056
111065
111067
111069
111156
111157
111162
111166
111190
111195
111207
111210
111211
111213
111216
111218
111222
111237
111238
111241
111247
111250
111251
111252
111253
111254
111255
111256
111262
111267
111268
111275
111276
111277
111280
111281
111282
111287
111301
111303
111308
111310
111311
111316
111317
111319
111321
111327
111328
111331
111333
111337
111356
111359
111366
111368
111370
111429
111430
111431
111433
111435
111436
111437
111442
111443
111444
111445
111447
111448
111463
111464
111465
111474
111480
111484
111498
111499
111544
111546
111550
111553
111557
111558
111561
111562
111572
111573
111574
111578
111589
111597
111599
111684
111689
111691
111692
111693
111699
111700
111704
111707
111709
111711
111713
111719
111720
111726
111729
111732
111733
111734
111736
111738
111740
111741
111742
111743
111745
111750
111752
111761
111762
111763
111775
111781
111783
111785
111786
111788
111791
111797
111805
111881
111882
111890
111892
111897
111898
111909
111910
111911
111912
111913
111916
111924
111931
111932
111937
111942
111943
111946
111948
111950
111951
111953
111954
111956
111962
111967
111971
111972
111976
111977
111978
112026
112033
112039
112045
112049
112050
112053
112054
112056
112057
112067
112068
112072
112079
112087
112090
112100
112180
112181
112184
112185
112218
112222
112227
112230
112231
112232
112236
112243
112247
112248
112249
112250
112252
112256
112260
112264
112266
112267
112273
112324
112330
112331
112337
112341
112343
112344
112348
112350
112351
112445
112447
112452
112460
112462
112471
112472
112477
112486
112489
112500
112609
112617
112619
112645
112648
112649
112650
112651
112654
112710
112713
112726
112727
112729
112813
112816
112818
112820
112822
112823
112826
112827
112831
112834
112836
112840
112845
112848
112851
112855
112856
112868
112874
112878
112879
112975
112977
112981
113000
113011
113012
113013
113015
113016
113017
113018
113019
113021
113022
113026
113035
113108
113127
113149
113159
113162
113171
113172
113176
113177
113180
113181
113186
113192
113193
113199
113218
113220
113227
113251
113253
113254
113262
113266
113267
113269
113270
113271
113272
113274
113275
113280
113284
113285
113287
113288
113289
113292
113296
113297
113298
113301
113306
113307
113309
113312
113314
113315
113325
113327
113330
113332
113338
113339
113341
113343
113344
113353
113354
113359
113360
113366
113371
113373
113375
113376
113377
113378
113380
113387
113388
113390
113392
113393
113397
113400
113406
113407
113411
113428
113434
113436
113441
113473
113475
113480
113482
113484
113485
113488
113489
113491
113493
113494
113496
113497
113501
113502
113503
113504
113505
113506
113507
113518
113523
113524
113525
113527
113531
113539
113544
113550
113551
113556
113565
113566
113568
113569
113570
113572
113580
113581
113586
113589
113591
113592
113593
113594
113595
113598
113600
113601
113603
113613
113614
113617
113629
113643
113644
113652
113653
113656
113659
113660
113664
113668
113671
113729
113730
113733
113734
113735
113743
113753
113755
113761
113763
113767
113768
113770
113773
113775
113779
113784
113785
113786
113788
113803
113804
113808
113811
113814
113815
113818
113819
113844
113845
113847
113848
113850
113867
113875
113878
113883
113894
113895
113896
113902
113903
113937
113938
113940
113945
113946
113947
113961
114002
114006
114007
114008
114010
114011
114012
114013
114021
114025
114031
114032
114041
114042
114119
114120
114121
114122
114131
114134
114137
114139
114144
114146
114148
114152
114153
114155
114156
114162
114164
114165
114167
114168
114169
114172
114174
114175
114176
114179
114183
114184
114186
114193
114195
114199
114202
114204
114206
114207
114208
114209
114211
114220
114224
114232
114241
114242
114246
114249
114255
114258
114259
114260
114263
114274
114275
114276
114280
114286
114287
114288
114290
114291
114292
114297
114300
114302
114303
114304
114305
114306
114307
114308
114309
114318
114323
114325
114331
114332
114333
114334
114339
114346
114350
114353
114355
114357
114358
114359
114360
114361
114367
114372
114373
114376
114378
114379
114381
114382
114384
114389
114390
114395
114396
114400
114404
114405
114406
114417
114420
114421
114427
114428
114431
114433
114435
114440
114442
114444
114445
114447
114457
114458
114460
114469
114470
114471
114472
114474
114477
114511
114513
114518
114522
114523
114527
114528
114529
114533
114534
114536
114539
114540
114542
114543
114544
114545
114547
114550
114557
114558
114561
114562
114563
114580
114581
114586
114591
114592
114595
114597
114599
114604
114605
114621
114625
114651
114654
114655
114656
114657
114660
114663
114666
114667
114668
114669
114671
114674
114678
114681
114682
114689
114691
114694
114695
114696
114698
114700
114701
114702
114704
114737
114819
114825
114827
114831
114833
114834
114838
114839
114872
114876
114880
114885
114945
114946
114949
114950
114951
114966
114967
114969
114970
114971
114972
114973
114978
114983
114989
114992
114996
114997
115006
115178
115180
115186
115187
115189
115190
115208
115211
115213
115215
115217
115218
115222
115228
115232
115234
115236
115237
115239
115315
115319
115322
115432
115434
115436
115441
115444
115447
115450
115451
115457
115462
115463
115467
115468
115469
115470
115472
115473
115474
115475
115478
115479
115484
115488
115489
115490
115491
115502
115519
115544
115551
115552
115580
115682
115690
115692
115694
115695
115696
115697
115699
115741
115749
115750
115752
115754
115756
115763
115768
115774
115777
115779
115781
115783
115785
115787
115788
115789
115790
115814
115819
115820
115821
115824
115877
115880
115881
115882
115883
115884
115885
115886
115908
115911
115912
115913
115916
115917
115922
115940
115946
115947
115950
115952
115954
115955
115958
115959
115985
115989
115992
115997
116000
116004
116009
116013
116022
116023
116025
116027
116029
116031
116032
116033
116038
116043
116044
116045
116047
116048
116049
116051
116052
116053
116054
116056
116057
116058
116064
116065
116066
116067
116070
116072
116073
116074
116075
116079
116097
116101
116102
116108
116118
116119
116124
116126
116127
116130
116131
116132
116133
116138
116164
116168
116178
116179
116181
116183
116185
116187
116192
116193
116195
116344
116345
116346
116351
116354
116357
116358
116361
116362
116366
116375
116376
116377
116379
116381
116390
116392
116396
116398
116408
116420
116421
116422
116423
116424
116427
116436
116440
116443
116445
116447
116449
116451
116452
116457
116459
116460
116461
116462
116492
116493
116506
116512
116515
116520
116521
116522
116523
116524
116526
116530
116532
116533
116536
116537
116539
116541
116544
116545
116556
116558
116560
116567
116570
116575
116577
116579
116583
116584
116611
116612
116613
116614
116646
116647
116649
116650
116651
116652
116653
116654
116659
116660
116663
116664
116665
116670
116672
116674
116677
116678
116681
116689
116693
116694
116695
116701
116710
116723
116725
116727
116728
116730
116733
116737
116740
116742
116743
116744
116745
116746
116747
116748
116752
116761
116763
116768
116772
116805
116806
116810
116811
116813
116814
116815
116816
116817
116818
116829
116830
116834
116836
116841
116843
116851
116856
116859
116860
116864
116866
116896
116900
116902
116988
116992
116993
116996
117002
117004
117005
117022
117025
117030
117031
117032
117039
117040
117051
117082
117083
117084
117088
117093
117096
117097
117106
117107
117109
117111
117112
117113
117114
117129
117130
117141
117192
117194
117195
117197
117199
117220
117221
117223
117228
117229
117232
117236
117237
117238
117239
117240
117241
117244
117245
117247
117248
117251
117252
117254
117255
117260
117266
117273
117274
117275
117277
117278
117281
117284
117311
117313
117315
117318
117322
117323
117327
117328
117331
117333
117334
117336
117338
117339
117341
117348
117353
117361
117367
117368
117371
117374
117379
117383
117387
117388
117389
117391
117401
117405
117407
117408
117409
117410
117414
117416
117425
117427
117430
117431
117434
117436
117439
117440
117442
117444
117445
117446
117447
117453
117454
117456
117458
117460
117461
117466
117467
117468
117470
117475
117476
117530
117534
117538
117541
117544
117546
117547
117548
117549
117550
117551
117552
117557
117561
117654
117657
117659
117661
117671
117682
117686
117688
117689
117690
117692
117693
117694
117696
117697
117698
117699
117700
117703
117705
117709
117711
117712
117713
117721
117722
117724
117730
117731
117733
117739
117744
117745
117746
117751
117753
117756
117759
117780
117784
117786
117787
117789
117791
117793
117796
117815
117818
117879
117957
117960
117962
117965
117967
117968
117969
117977
117981
117989
118017
118019
118026
118049
118052
118077
118081
118082
118083
118087
118090
118093
118094
118099
118100
118103
118106
118109
118161
118163
118167
118174
118175
118177
118180
118182
118183
118185
118191
118192
118194
118197
118198
118200
118201
118202
118203
118207
118208
118209
118211
118213
118214
118215
118216
118224
118233
118234
118235
118236
118237
118239
118240
118241
118242
118246
118247
118249
118250
118253
118261
118262
118269
118270
118271
118274
118279
118282
118303
118305
118338
118340
118341
118342
118343
118345
118346
118348
118349
118353
118355
118357
118359
118365
118366
118367
118370
118372
118373
118379
118381
118382
118383
118384
118385
118387
118388
118393
118394
118397
118398
118402
118404
118410
118411
118412
118413
118415
118417
118418
118420
118423
118426
118430
118431
118432
118433
118439
118445
118446
118447
118448
118469
118471
118502
118503
118507
118508
118510
118513
118520
118528
118531
118547
118549
118550
118552
118554
118555
118557
118558
118561
118563
118567
118568
118571
118572
118573
118574
118577
118578
118579
118582
118584
118586
118589
118590
118591
118592
118593
118595
118596
118597
118604
118605
118606
118665
118666
118674
118679
118680
118685
118686
118687
118690
118691
118692
118698
118702
118715
118716
118717
118718
118721
118726
118727
118730
118733
118741
118742
118743
118744
118745
118748
118751
118755
118756
118757
118759
118760
118768
118770
118771
118773
118774
118785
118786
118797
118798
118799
118800
118804
118806
118810
118811
118812
118813
118814
118815
118816
118818
118819
118820
118825
118828
118829
118832
118833
118834
118835
118836
118841
118847
118848
118850
118851
118873
118876
118886
118894
118895
118899
118900
118906
118916
118918
118925
118928
118930
118931
118933
118935
118938
118939
118940
118945
118947
118956
118962
118963
118965
118968
118969
118974
118979
118999
119000
119001
119002
119010
119012
119014
119015
119017
119020
119023
119026
119027
119033
119036
119038
119042
119046
119047
119051
119060
119069
119070
119075
119078
119079
119083
119089
119090
119091
119114
119115
119118
119124
119126
119132
119133
119134
119135
119137
119138
119141
119142
119147
119148
119149
119155
119156
119218
119219
119223
119265
119272
119274
119281
119286
119287
119288
119289
119290
119294
119296
119299
119301
119302
119304
119305
119306
119307
119308
119310
119315
119316
119317
119318
119319
119320
119321
119322
119324
119331
119334
119336
119345
119349
119350
119351
119352
119355
119359
119364
119367
119373
119374
119385
119392
119393
119394
119395
119396
119405
119408
119410
119415
119418
119422
119423
119424
119427
119433
119436
119438
119439
119440
119446
119447
119448
119450
119451
119453
119471
119472
119473
119486
119487
119488
119489
119491
119493
119495
119499
119501
119505
119506
119510
119511
119513
119515
119517
119519
119522
119525
119532
119539
119540
119541
119545
119546
119547
119551
119556
119557
119558
119560
119562
119564
119565
119566
119573
119576
119579
119582
119621
119623
119626
119627
119628
119629
119634
119642
119650
119652
119659
119662
119663
119664
119665
119666
119669
119674
119676
119678
119686
119687
119689
119690
119696
119700
119719
119721
119724
119725
119726
119728
119729
119737
119738
119739
119742
119747
119748
119749
119752
119757
119758
119763
119764
119767
119774
119776
119777
119779
119782
119785
119787
119789
119790
119792
119794
119797
119798
119799
119800
119802
119803
119804
119805
119882
119886
119889
119891
119919
119922
119923
119927
119929
119931
119936
119937
119940
119942
119946
119952
119956
119958
119959
119985
119986
119987
119990
120013
120020
120024
120026
120030
120031
120032
120034
120038
120041
120045
120047
120048
120049
120050
120052
120053
120055
120058
120059
120060
120065
120074
120076
120078
120088
120092
120095
120100
120107
120109
120110
120111
120112
120114
120116
120126
120133
120145
120146
120153
120167
120168
120172
120175
120177
120179
120180
120182
120183
120185
120186
120187
120188
120190
120193
120194
120195
120198
120202
120206
120208
120213
120214
120216
120220
120221
120222
120223
120224
120227
120230
120231
120232
120234
120235
120237
120238
120241
120245
120249
120250
120251
120256
120259
120265
120358
120360
120369
120374
120377
120378
120380
120387
120389
120393
120396
120397
120406
120411
120414
120424
120425
120426
120427
120441
120453
120474
120477
120480
120481
120484
120492
120497
120498
120511
120512
120515
120517
120518
120523
120524
120527
120528
120529
120532
120534
120537
120538
120539
120541
120542
120546
120550
120552
120553
120554
120555
120560
120561
120574
120578
120581
120582
120583
120589
120592
120598
120602
120603
120606
120607
120608
120610
120611
120617
120618
120620
120621
120629
120636
120643
120647
120648
120652
120655
120656
120660
120663
120665
120666
120667
120668
120669
120672
120674
120678
120679
120687
120688
120690
120691
120692
120693
120694
120700
120701
120703
120707
120708
120710
120719
120725
120739
120742
120743
120745
120747
120751
120756
120758
120761
120765
120766
120769
120773
120775
120777
120778
120779
120780
120781
120782
120813
120814
120816
120820
120822
120825
120829
120830
120831
120906
120908
120910
120919
120920
120921
120922
120923
120927
120929
120930
120932
120934
120935
120943
120944
120947
120949
120952
120956
120958
120959
120962
120963
120964
120968
120972
120976
120978
120979
120980
120981
120984
120986
120992
120996
120999
121003
121006
121016
121017
121022
121023
121027
121034
121036
121045
121049
121050
121060
121061
121064
121066
121084
121085
121086
121089
121098
121099
121100
121101
121106
121107
121109
121111
121114
121115
121119
121126
121128
121129
121131
121136
121138
121141
121157
121158
121160
121246
121248
121249
121251
121255
121256
121265
121268
121269
121270
121272
121273
121274
121276
121279
121294
121301
121303
121304
121308
121311
121312
121317
121321
121323
121324
121328
121330
121331
121332
121334
121336
121339
121340
121358
121365
121367
121374
121376
121377
121378
121379
121381
121383
121385
121389
121393
121394
121400
121416
121421
121424
121429
121432
121438
121440
121444
121445
121450
121463
121468
121470
121471
121480
121481
121482
121486
121489
121491
121492
121495
121511
121516
121517
121521
121522
121524
121529
121531
121533
121539
121544
121545
121546
121548
121549
121550
121553
121554
121558
121559
121560
121564
121568
121569
121584
121615
121634
121635
121636
121640
121643
121653
121662
121663
121693
121696
121697
121699
121700
121703
121707
121708
121709
121710
121712
121714
121716
121720
121721
121722
121724
121725
121726
121734
121735
121738
121740
121741
121748
121773
121777
121778
121779
121780
121781
121804
121810
121813
121815
121821
121822
121866
121869
121871
121874
121876
121878
121888
121889
121891
121892
121893
121894
121898
121901
121904
121907
121908
121910
121911
121913
121916
121917
121922
121923
121927
121928
121943
121944
121957
121958
121959
121960
121961
121964
121965
121966
121968
121970
121971
121972
121978
121979
121981
121984
121986
121987
121989
121993
121997
122001
122002
122004
122006
122008
122032
122034
122039
122097
122099
122100
122103
122112
122116
122159
122174
122178
122179
122182
122185
122186
122188
122192
122194
122197
122205
122206
122207
122208
122209
122216
122218
122219
122220
122232
122239
122240
122245
122246
122252
122253
122262
122264
122268
122269
122270
122272
122273
122274
122277
122285
122289
122295
122299
122301
122302
122304
122305
122310
122312
122314
122324
122325
122326
122332
122333
122334
122335
122450
122459
122460
122461
122464
122465
122472
122474
122475
122479
122484
122488
122490
122491
122494
122495
122496
122501
122503
122506
122507
122508
122510
122514
122516
122520
122537
122540
122542
122550
122552
122582
122591
122597
122598
122599
122600
122602
122603
122618
122621
122622
122638
122639
122640
122643
122646
122650
122669
122676
122677
122679
122684
122687
122688
122689
122692
122693
122695
122697
122708
122752
122753
122755
122760
122769
122770
122781
122795
122800
122805
122806
122891
122894
122896
122901
122902
122907
122909
122910
122918
122924
122926
122927
122928
122932
122934
122937
122938
122939
122944
122945
123020
123022
123023
123024
123025
123028
123032
123035
123036
123037
123043
123050
123051
123052
123053
123055
123057
123058
123064
123065
123067
123070
123084
123121
123122
123123
123124
123126
123129
123133
123135
123143
123144
123149
123151
123152
123154
123155
123156
123157
123158
123159
123164
123167
123169
123175
123185
123188
123191
123193
123194
123196
123197
123199
123202
123203
123204
123207
123214
123223
123229
123230
123234
123236
123239
123244
123245
123247
123248
123251
123256
123258
123260
123284
123286
123289
123291
123292
123294
123366
123370
123375
123379
123381
123389
123390
123398
123400
123406
123408
123412
123420
123421
123426
123427
123433
123434
123456
123457
123458
123460
123461
123462
123514
123533
123551
123552
123557
123559
123563
123566
123567
123570
123572
123573
123574
123575
123576
123578
123580
123581
123585
123587
123612
123613
123614
123616
123659
123660
123721
123723
123730
123731
123732
123733
123737
123740
123744
123746
123747
123751
123752
123757
123761
123762
123765
123771
123773
123774
123775
123776
123779
123780
123781
123783
123794
123795
123797
123798
123799
123800
123801
123802
123803
123807
123808
123811
123812
123814
123815
123818
123820
123823
123828
123831
123834
123836
123838
123839
123840
123841
123842
123843
123886
123888
123893
123895
123896
123898
123901
123902
123903
123912
123913
123916
123917
123918
123919
123921
123922
123923
123924
124003
124005
124006
124007
124010
124011
124012
124016
124017
124019
124020
124022
124024
124026
124028
124029
124034
124037
124043
124045
124047
124056
124058
124059
124063
124064
124065
124076
124077
124081
124087
124091
124093
124094
124098
124100
124101
124106
124108
124109
124111
124116
124121
124125
124128
124130
124131
124132
124133
124153
124154
124155
124156
124157
124158
124163
124164
124173
124174
124175
124177
124178
124180
124185
124193
124202
124205
124206
124207
124208
124210
124297
124299
124301
124302
124306
124307
124308
124310
124312
124316
124317
124318
124320
124324
124331
124332
124336
124353
124359
124362
124363
124364
124365
124369
124370
124371
124373
124374
124387
124388
124390
124394
124401
124405
124407
124409
124448
124451
124452
124455
124457
124462
124465
124470
124475
124479
124480
124482
124502
124505
124511
124516
124520
124525
124528
124533
124537
124541
124547
124574
124597
124601
124604
124606
124609
124612
124613
124614
124616
124655
124656
124657
124658
124660
124661
124662
124664
124665
124706
124707
124708
124713
124717
124719
124720
124741
124747
124750
124751
124752
124754
124757
124767
124769
124772
124775
124777
124781
124785
124786
124794
124795
124797
124798
124808
124810
124811
124816
124818
124819
124820
124824
124827
124833
124839
124841
124846
124855
124860
124862
124946
124947
124949
124950
124952
124954
124957
124959
124961
124966
124968
125026
125027
125030
125031
125032
125038
125043
125045
125092
125123
125127
125128
125129
125133
125137
125138
125139
125140
125142
125143
125145
125149
125150
125151
125152
125153
125166
125183
125188
125190
125191
125193
125196
125201
125206
125207
125208
125209
125213
125218
125222
125227
125229
125232
125233
125236
125238
125242
125246
125248
125252
125340
125341
125342
125347
125354
125360
125363
125367
125368
125370
125371
125372
125373
125378
125382
125384
125385
125387
125389
125479
125482
125484
125485
125487
125488
125491
125496
125499
125517
125519
125520
125521
125526
125527
125534
125536
125537
125541
125544
125545
125552
125554
125556
125562
125563
125567
125569
125570
125572
125574
125576
125578
125579
125584
125586
125590
125591
125599
125600
125602
125604
125764
125777
125778
125779
125782
125783
125784
125786
125791
125794
125795
125797
125798
125799
125800
125803
125813
125814
125897
125899
125903
125905
125906
125907
125910
125918
125929
125930
126001
126003
126008
126009
126012
126013
126028
126030
126031
126037
126038
126039
126041
126056
126057
126059
126071
126088
126090
126092
126093
126097
126103
126104
126113
126117
126120
126150
126155
126157
126158
126160
126161
126162
126170
126180
126181
126182
126185
126189
126190
126192
126193
126199
126209
126212
126222
126231
126250
126258
126261
126262
126263
126271
126273
126276
126278
126279
126283
126287
126297
126298
126300
126304
126312
126313
126316
126318
126319
126356
126360
126363
126364
126381
126396
126398
126401
126402
126404
126407
126409
126410
126420
126424
126425
126433
126435
126440
126441
126442
126443
126444
126463
126472
126473
126474
126476
126477
126478
126482
126483
126485
126513
126514
126515
126516
126518
126520
126524
126530
126531
126577
126580
126582
126596
126598
126613
126618
126621
126632
126633
126636
126637
126639
126643
126646
126648
126649
126655
126665
126666
126667
126669
126671
126673
126674
126676
126678
126680
126683
126684
126685
126700
126703
126704
126705
126706
126708
126716
126720
126725
126733
126739
126741
126742
126744
126746
126747
126748
126751
126759
126761
126767
126769
126777
126779
126780
126781
126784
126788
126798
126799
126802
126810
126812
126826
126827
126834
126842
126846
126875
126883
126885
126886
126887
126893
126895
126901
126904
126905
126906
126907
126908
126914
126917
126919
126920
126921
126922
126923
126924
126927
126930
126931
126934
126936
126937
126938
126943
126945
126951
126952
126953
126954
126955
126958
126959
126966
126967
126975
126984
126985
126995
126996
126997
126998
127001
127002
127005
127007
127010
127014
127015
127017
127018
127020
127023
127036
127041
127044
127049
127050
127061
127067
127071
127072
127073
127074
127076
127077
127079
127081
127084
127085
127086
127088
127089
127090
127092
127095
127097
127100
127103
127105
127117
127118
127119
127150
127151
127152
127153
127154
127156
127163
127164
127179
127183
127184
127212
127215
127219
127225
127226
127227
127228
127229
127248
127251
127252
127256
127264
127267
127268
127271
127272
127274
127276
127277
127279
127282
127284
127285
127288
127290
127291
127292
127294
127295
127297
127299
127301
127305
127306
127307
127308
127310
127311
127314
127319
127321
127324
127325
127327
127330
127334
127342
127345
127347
127350
127361
127362
127363
127365
127366
127367
127369
127370
127372
127373
127374
127375
127378
127385
127387
127388
127391
127392
127393
127396
127399
127408
127413
127414
127415
127422
127426
127427
127431
127438
127470
127472
127473
127475
127533
127534
127539
127547
127550
127556
127559
127560
127562
127563
127569
127642
127649
127650
127654
127657
127658
127661
127662
127663
127666
127668
127669
127675
127676
127678
127690
127691
127692
127693
127695
127698
127703
127704
127705
127706
127711
127715
127716
127719
127723
127724
127725
127728
127729
127730
127731
127733
127739
127740
127743
127745
127754
127755
127757
127758
127759
127761
127762
127763
127766
127768
127772
127773
127775
127776
127777
127783
127784
127786
127787
127793
127794
127795
127796
127799
127802
127803
127808
127877
127881
127885
127896
127898
127978
127980
127989
127991
127992
127994
127997
128001
128006
128008
128009
128010
128012
128013
128015
128029
128081
128084
128124
128126
128129
128131
128134
128139
128144
128147
128153
128162
128163
128164
128165
128216
128219
128220
128221
128224
128225
128234
128236
128241
128243
128245
128248
128250
128251
128252
128256
128260
128261
128262
128265
128271
128280
128281
128282
128287
128289
128325
128330
128331
128336
128337
128339
128342
128343
128344
128349
128350
128352
128355
128361
128362
128372
128374
128376
128377
128378
128379
128382
128385
128386
128415
128418
128419
128420
128486
128487
128488
128492
128497
128504
128505
128508
128509
128510
128511
128512
128516
128517
128524
128525
128527
128530
128536
128539
128547
128551
128553
128554
128555
128570
128576
128577
128579
128582
128587
128591
128601
128609
128626
128631
128639
128640
128642
128643
128644
128646
128647
128649
128650
128652
128654
128657
128661
128665
128666
128691
128692
128707
128708
128713
128715
128716
128717
128719
128722
128724
128725
128726
128727
128728
128733
128735
128739
128743
128744
128746
128747
128748
128751
128755
128757
128758
128760
128761
128762
128764
128775
128783
128784
128788
128789
128795
128796
128798
128802
128804
128844
128868
128871
128874
128878
128885
128934
128939
128941
128945
128948
128950
128952
128955
128957
128962
128965
128966
128967
128970
128973
128979
128980
128981
128984
128985
128990
128992
128998
129000
129001
129002
129004
129009
129012
129014
129039
129040
129074
129082
129085
129086
129087
129090
129093
129102
129103
129104
129105
129109
129115
129117
129122
129126
129137
129141
129142
129144
129145
129146
129151
129152
129153
129160
129162
129163
129188
129191
129194
129195
129197
129200
129201
129202
129209
129211
129212
129216
129221
129234
129237
129243
129263
129265
129266
129268
129269
129273
129276
129277
129279
129283
129285
129286
129287
129288
129292
129293
129310
129377
129380
129383
129449
129451
129453
129454
129456
129457
129459
129460
129462
129463
129468
129469
129471
129474
129478
129484
129485
129490
129497
129500
129501
129502
129504
129506
129507
129508
129509
129510
129512
129516
129521
129525
129528
129531
129533
129535
129555
129556
129559
129560
129561
129566
129570
129572
129574
129577
129580
129582
129584
129603
129604
129607
129608
129609
129615
129618
129619
129623
129624
129627
129629
129633
129640
129643
129660
129661
129666
129670
129674
129675
129678
129680
129681
129693
129694
129695
129696
129698
129711
129713
129714
129719
129721
129722
129724
129729
129730
129732
129735
129737
129739
129740
129747
129799
129801
129803
129804
129806
129815
129858
129862
129863
129865
129875
129876
129879
129893
129957
129959
129960
129961
129968
129969
129973
129976
129980
129981
129988
129989
129991
129992
129993
130012
130015
130017
130018
130019
130021
130023
130024
130025
130031
130042
130044
130045
130046
130047
130048
130056
130062
130063
130069
130071
130072
130075
130078
130079
130081
130082
130083
130089
130104
130108
130109
130110
130170
130173
130175
130177
130186
130208
130211
130212
130217
130219
130220
130232
130233
130234
130242
130244
130247
133169
133334
133488
133595
133672
133718
133906
134102
134148
134447
135005
135050
135633
136027
136773
136995
137019
137955
137996
138227
138252
138311
138329
138551
138572
138615
138962
139576
139663
140008
140031
140147
140402
140420
140457
141459
141470
141486
142195
142197
142198
142199
142201
142206
142208
142212
142218
142224
142305
142307
142310
142312
142318
142319
142325
142327
142328
142331
142332
142428
142438
142439
142442
142443
142445
142630
142632
142634
142639
142640
142642
142644
142645
142647
142650
142658
142659
142661
142667
142670
142673
142683
142704
142709
142714
142715
142716
142861
142866
142871
142884
142971
142976
142980
142981
143072
143073
143077
143080
143081
143082
143086
143087
143090
143091
143099
143156
143193
143194
143198
143200
143283
143288
143289
143308
143312
143417
143421
143425
143435
143500
143501
143506
143507
143509
143601
143641
143646
143652
143654
143655
143660
143742
143760
143764
143766
143773
143775
143789
143792
143828
143926
143930
143951
143962
143969
143970
143971
143975
143978
144054
144057
144063
144067
144069
144070
144071
144075
144077
144079
144080
144081
144082
144083
144085
144086
144087
144088
144090
144093
144103
144104
144297
144298
144300
144306
144307
144309
144311
144313
144314
144318
144319
144320
144322
144326
144328
144330
144331
144526
144527
144529
144536
144541
144542
144548
144549
144550
144555
144558
144572
144573
144575
144577
144583
144585
144586
144588
144591
144592
144595
144596
144598
144600
144601
144602
144607
144608
144610
144612
144615
144616
144620
144627
144648
144832
144834
144835
144844
144848
144853
144854
144856
144890
144893
144901
144908
144910
144918
144928
144929
144939
144942
144943
144959
144962
144963
145094
145097
145103
145105
145108
145109
145110
145111
145118
145119
145121
145123
145129
145133
145134
145135
145136
145137
145140
145142
145143
145144
145145
145146
145153
145155
145157
145237
145238
145276
145279
145280
145281
145293
145295
145297
145309
145310
145320
145321
145329
145341
145363
145366
145369
145371
145374
145375
145381
145388
145395
145426
145428
145437
145440
145442
145444
145445
145447
145451
145454
145455
145457
145463
145465
145471
145477
145479
145484
145485
145497
145498
145552
145614
145618
145636
145646
145652
145654
145663
145670
145682
145719
145738
145741
145744
145746
145747
145755
145756
145776
145779
145806
145824
145828
145836
145854
145858
145860
145864
145865
145869
145884
145892
145940
145956
145967
145968
145985
145986
145988
146000
146016
146021
146035
146041
146053
146056
146061
146086
146090
146138
146154
146164
146173
146184
146187
146201
146203
146217
146219
146222
146227
146268
146285
146302
146308
146324
146346
146353
146371
146372
146373
146374
146376
146395
146400
146402
146403
146473
146482
146509
146519
146535
146576
146577
146583
146603
146611
146624
146625
146640
146641
146649
146652
146692
146703
146706
146746
146748
146751
146779
146787
146795
146798
146802
146855
146868
146889
146890
146900
146901
146929
146949
146951
147008
147041
147081
147108
147126
147134
149599
149656
151779
151780
151781
151795
151805
151824
154685
154775
154777
154780
154790
154835
154884
154916
154927
154933
155014
155016
155029
155032
155062
155090
155104
155205
155225
155301
155305
155373
155385
155388
155406
155422
155436
155455
155458
155485
155497
155511
155517
155518
155559
155585
155602
155634
155641
155688
155707
155720
155721
155732
155737
155748
155767
155781
155794
155808
155848
155894
155918
155944
155962
155966
155967
155978
156068
156077
156096
156097
156215
156283
156297
156298
156322
156378
156414
156434
156439
156541
156558
156573
156632
156747
156762
156770
156771
156792
156803
156834
156848
156877
156894
156897
156911
156934
156940
156947
156976
157166
157174
157184
157188
157222
157226
157237
157246
157275
157302
157482
157492
157591
157621
157628
157631
157635
157705
157718
157725
157773
157821
157822
157828
157831
157846
157920
157930
157942
157951
157979
158039
158061
158066
158080
158130
158132
158212
158223
158358
158369
158400
158405
158418
158430
158488
158491
158558
158573
158596
158634
158635
158641
158665
158680
158735
158750
158784
158786
158799
158813
158819
158846
158891
158901
158912
158916
158934
158946
158972
159007
159040
159044
159045
159077
159111
159126
159173
159202
159204
159206
159230
159241
159263
159277
159288
159426
159427
159513
159552
159565
159627
159632
159770
159799
159814
159818
159899
159923
159991
160013
160033
160087
160112
160178
160204
160214
160217
160223
160228
160240
160257
160287
160310
160322
160348
160395
160398
160411
160435
160445
160458
160535
160540
160567
160581
160605
160616
160642
160652
160654
160666
160667
160678
160683
160689
160693
160715
160729
160781
160813
160910
160916
160927
160942
161002
161003
161025
161087
161128
161146
161157
161177
161200
161236
161277
161291
161316
161347
161348
161349
161359
161366
161371
161389
161405
161411
161446
161455
161504
161662
161698
161715
161738
161739
161748
161767
161802
161841
161914
161922
161949
161990
161992
162003
162016
162035
162100
162113
162114
162124
162125
162156
162157
162177
162284
162302
162311
162347
162367
162380
162381
162411
162801
162805
162806
162818
162892
162912
162936
162937
162938
162964
162989
163014
163019
163078
163082
163095
163112
163127
163128
163538
163564
163667
163753
163792
164132
164141
164149
164158
164360
164373
164396
164397
164442
164457
164458
164468
169097
169100
169127
169139
169148
169149
169151
169152
169153
169155
169158
169160
169161
169194
169196
169200
169201
169204
169231
169237
169238
169248
169249
169265
169272
169280
169283
169286
169294
169336
169345
169353
169361
169362
169363
169371
169378
169384
169385
169386
169396
169397
169398
169404
169422
169428
169429
169452
169480
169504
169514
169530
169531
169599
169608
169618
169619
169625
169626
169632
169647
169648
169651
169679
169682
169688
169692
169699
169700
169706
169717
169730
169731
169738
169756
169766
169787
169810
169817
169821
169831
169836
169839
169870
169873
169874
169902
169950
169991
170004
170018
170026
170034
170036
170037
170063
170066
170075
170080
170084
170101
170108
170114
170120
170122
170126
170131
170140
170172
170192
170195
170197
170235
170243
170251
170254
170260
170267
170269
170271
170278
170293
170299
170300
170335
170337
170338
170346
170348
170353
170375
170383
170384
170409
170425
170426
170433
170441
170442
170446
170474
170475
170485
170486
170487
170499
170509
170526
170527
170533
170534
170549
170555
170583
170586
170590
170611
170614
170615
170616
170618
170619
170629
170639
170640
170650
170656
170657
170662
170663
170665
170668
170670
170671
170717
170724
170727
170754
170755
170759
170767
170768
170807
170808
170844
170845
170846
170852
170857
170862
170863
170865
174522
175174
175176
175179
175191
175192
175207
175210
175217
175227
175232
175238
175239
175241
175243
175270
175325
175328
175333
175335
175380
175414
175424
175430
175445
175469
175487
175488
175492
175501
175503
175507
175527
175528
175532
175533
175538
175544
175545
175546
175561
175562
175565
175569
175570
175580
175581
175606
175614
175616
175624
175625
175629
175638
175657
175659
175662
175670
175719
175733
175745
175760
175761
175762
175772
175775
175792
175801
175805
175839
175843
175845
175847
175848
175849
175929
175935
175958
176015
176017
176018
176026
176052
176077
176079
176119
176123
176143
176145
176148
176164
176194
176207
176268
176272
176274
176311
176314
176315
176334
176338
176376
176383
176386
176387
176416
176448
176450
176455
176458
176463
176480
176490
176491
176492
176513
176519
176522
176523
176525
176550
176597
176688
176692
176719
176720
176721
176730
176823
176824
176838
176863
176865
176868
176875
176879
176880
176883
176884
176916
176918
176919
176920
176923
176957
176974
177039
177044
177052
177086
177087
177088
177135
177143
177176
177219
177270
177271
177285
177291
177318
177327
177354
177370
177397
177413
177432
177459
177460
177470
177472
177479
177537
177611
177651
177652
177661
177662
177670
177691
177699
177714
177718
177761
177770
177801
177819
177822
177837
177942
177996
178005
178012
178017
178022
178028
178049
178052
178056
178072
178075
178086
178094
178101
178112
178115
178119
178121
178123
178129
178162
178163
178172
178175
178177
178186
178189
178198
178203
178208
178219
178256
178265
178266
178271
178273
178285
178301
178302
178306
178312
178317
178318
178320
178322
178323
178324
178327
178328
178330
178362
178367
178370
178377
178378
178388
178394
178397
178406
178418
178423
178439
178444
178446
178447
178452
178458
178473
178479
178485
178498
178509
178532
178533
178543
178553
178559
178576
178609
178610
178611
178625
178629
178637
178641
178643
178653
178668
178669
178672
178678
178680
178690
178691
178692
178695
178696
178710
178715
178719
178768
178781
178783
178784
178786
178789
178792
178794
178795
178796
178830
178909
178917
178930
178936
178937
178949
178955
178975
178982
178986
178996
179002
179030
179033
179034
179041
179042
179043
179052
179056
179069
179081
179106
179111
179119
179133
179146
179152
179153
179203
179208
179217
179218
179232
179242
179243
179245
179246
179251
179288
179289
179311
179312
179313
179315
179326
179330
179343
179344
179354
179356
179360
179366
179380
179382
179385
179386
179387
179388
179397
179439
179440
179441
179465
179466
179476
179477
179478
179479
179480
179481
179483
179485
179511
179513
179516
179532
179533
179534
179537
179540
179541
179575
179583
179586
179589
179591
179616
179620
179622
179630
179637
179638
179656
179660
179665
179699
179702
179706
179707
179709
179710
179711
179713
179719
179720
179723
179724
179726
179744
179745
179749
179797
179798
179822
179829
179831
179845
179850
179854
179859
179866
179873
179876
179888
179899
179924
179932
179933
179971
179973
179975
179982
180010
180018
180019
180024
180026
180029
180043
180044
180048
180053
180054
180062
180068
180073
180085
180091
180094
180098
180108
180115
180117
180128
180138
180148
180169
180175
180180
180181
180193
180200
180273
180353
180362
180367
180385
180386
180396
180412
180424
180429
180433
180441
180442
180446
180452
180454
180455
180459
180467
180470
180477
180486
180489
180492
180494
180495
180510
180512
180513
180526
180530
180550
180566
180568
180570
180603
180607
180612
180618
180626
180627
180637
180644
180648
180653
180654
180676
180682
180685
180688
180696
180704
180707
180708
180717
180718
180719
180722
180723
180724
180730
180734
180796
180802
180807
180826
180837
180838
180844
180861
180863
180868
180887
180891
180895
180911
180912
180914
180915
180931
180959
180960
180975
180978
180980
180988
180990
180997
181016
181034
181044
181050
181058
181075
181115
181117
181133
181137
181154
181159
181163
181168
181174
181180
181183
181212
181225
181229
181237
181239
181241
181242
181243
181244
181246
181248
181250
181286
181287
181292
181295
181297
181301
181327
181328
181335
181339
181374
181375
181391
181394
181395
181404
181407
181419
181422
181428
181430
181434
181459
181468
181479
181481
181482
181483
181484
181513
181517
181525
181579
181581
181583
181586
181597
181598
181601
181627
181628
181635
181641
181645
181647
181649
181652
181655
181657
181658
181662
181665
181669
181671
181674
181681
181688
181694
181700
181701
181797
181798
181814
181829
181837
181840
181842
181857
181866
181884
181897
181903
181904
181913
181919
181925
181931
181932
181952
181968
181971
181972
181995
181999
182002
182007
182009
182018
182021
182030
182032
182045
182050
182056
182058
182080
182097
182099
182102
182118
182123
182125
182129
182131
182150
182157
182177
182191
182200
182201
182212
182235
182246
182248
182251
182260
182263
182278
182281
182297
182320
182328
182330
182332
192203
192212
192213
192214
192244
192262
192303
192307
192314
192315
192316
192317
192371
192372
196910
196912
196922
196926
196951
196961
197011
197024
197043
197047
197049
197050
197053
197054
197095
197106
197125
197142
197184
197238
197249
197258
197267
197302
197331
197366
197380
197394
197402
197437
197446
197452
197481
197486
197531
197557
197563
197606
197626
197632
197657
197662
197668
197753
197756
197757
197759
198139
198153
198203
198215
198231
198237
198241
198258
198259
198290
198294
198320
198322
198326
198336
198350
198352
198357
198358
198359
198379
198381
198395
198405
198422
198428
198432
198446
198449
198450
198455
198485
198490
198503
198514
198519
198539
198541
198548
198551
198569
198572
198611
198620
198625
198628
198636
198644
198645
198670
198676
198805
198831
198850
198886
198900
198916
198953
198983
198986
199018
199021
199030
199050
199059
199069
199087
199088
199091
199148
199163
199174
199203
199207
199221
199232
199249
199263
199339
199341
199342
199364
199365
199366
199380
199403
199406
199407
199416
199437
199441
199462
199473
199498
199499
199512
199571
199598
199620
199636
199644
199706
199720
199730
199755
199763
199771
199783
199799
199803
199804
199861
199873
199887
199914
199919
199947
199948
199949
199951
199952
199953
199985
199986
200026
200039
200087
200104
200108
200132
200147
200149
200151
200152
200189
200197
200198
200232
200239
200287
200313
200326
200382
200461
200475
200480
200502
200547
200616
200684
200723
200732
200742
200774
200804
200830
200864
200882
200885
200894
200917
200928
201035
201042
201050
201090
201094
201116
201117
201149
201229
201254
201285
201293
201318
201384
201399
201401
201464
201472
201485
201495
201503
201504
201524
201531
201545
201636
201640
201646
201648
201650
201656
201660
201695
201734
201748
201754
201768
201832
201835
201864
201866
201870
201951
201958
201959
201970
201992
201998
208175
208176
209945
209955
209976
210152
210169
210178
210217
210224
210283
210331
210392
210482
210490
210496
210545
210595
210597
